

Instance: ../Instances/KP/kp10.txt
RKO: SA | ILS | VNS | BRKGA | BRKGA-CS | PSO | GA | LNS | GRASP | 
Sol: 0.892 0.761 0.730 0.511 0.306 0.280 0.511 0.556 0.026 0.300 
ofv: -31.000000
Best time: 0.002
Total time:2.000 


Instance: ../Instances/KP/kp50.txt
RKO: SA | ILS | VNS | BRKGA | BRKGA-CS | PSO | GA | LNS | GRASP | 
Sol: 0.810 0.525 0.391 0.567 0.500 0.110 0.899 0.905 0.384 0.498 0.930 0.212 0.193 0.261 0.844 0.525 0.527 0.604 0.925 0.261 0.133 0.523 0.434 0.101 0.317 0.017 0.070 0.567 0.244 0.070 0.105 0.298 0.964 0.533 0.631 0.790 0.568 0.548 0.958 0.326 0.092 0.888 0.747 0.718 0.119 0.542 0.871 0.532 0.798 0.083 
ofv: -149.000000
Best time: 0.222
Total time:5.001 


Instance: ../Instances/KP/00Uncorrelated/n00050/kp009.txt
RKO: SA | ILS | VNS | BRKGA | BRKGA-CS | PSO | GA | LNS | GRASP | IPR | 
Sol: 0.944 0.563 0.734 0.901 0.294 0.203 0.748 0.340 0.528 0.870 0.332 0.992 0.744 0.496 0.792 0.472 0.141 0.097 0.856 0.741 0.685 0.540 0.164 0.696 0.162 0.476 0.504 0.783 0.192 0.288 0.282 0.575 0.904 0.627 0.205 0.630 0.790 0.444 0.897 0.775 0.248 0.527 0.779 0.692 0.565 0.245 0.643 0.939 0.940 0.156 
ofv: -183147.000000
Best time: 0.149
Total time:5.007 


Instance: ../Instances/KP/00Uncorrelated/n00100/kp021.txt
RKO: SA | ILS | VNS | BRKGA | BRKGA-CS | PSO | GA | LNS | GRASP | IPR | 
Sol: 0.089 0.882 0.399 0.695 0.227 0.951 0.655 0.890 0.536 0.472 0.321 0.189 0.737 0.497 0.778 0.257 0.195 0.391 0.783 0.735 0.559 0.617 0.297 0.408 0.696 0.073 0.636 0.832 0.380 0.526 0.490 0.994 0.168 0.334 0.891 0.744 0.457 0.043 0.861 0.950 0.580 0.188 0.625 0.693 0.571 0.868 0.571 0.834 0.519 0.392 0.570 0.885 0.889 0.527 0.881 0.950 0.592 0.677 0.726 0.168 0.469 0.663 0.945 0.946 0.237 0.276 0.770 0.521 0.637 0.167 0.625 0.687 0.182 0.494 0.542 0.583 0.832 0.791 0.040 0.011 0.062 0.900 0.793 0.726 0.683 0.800 0.951 0.960 0.662 0.729 0.852 0.544 0.776 0.033 0.359 0.265 0.728 0.034 0.120 0.994 
ofv: -423448.000000
Best time: 1.024
Total time:5.007 


Instance: ../Instances/KP/00Uncorrelated/n00200/kp087.txt
RKO: SA | ILS | VNS | BRKGA | BRKGA-CS | PSO | GA | LNS | GRASP | IPR | 
Sol: 0.519 0.361 0.748 0.902 0.510 0.824 0.634 0.416 0.564 0.267 0.063 0.722 0.676 0.970 0.658 0.544 0.350 0.984 0.001 0.160 0.883 0.300 0.121 0.126 0.554 0.068 0.825 0.428 0.925 0.979 0.602 0.092 0.607 0.316 0.528 0.876 0.547 0.771 0.506 0.317 0.570 0.747 0.844 0.595 0.871 0.737 0.873 0.532 0.242 0.267 0.460 0.553 0.039 0.919 0.149 0.489 0.121 0.656 0.845 0.655 0.817 0.454 0.675 0.025 0.485 0.317 0.551 0.092 0.991 0.095 0.059 0.459 0.998 0.878 0.055 0.984 0.088 0.380 0.663 0.320 0.367 0.716 0.233 0.287 0.205 0.992 0.295 0.705 0.672 0.404 0.064 0.711 0.005 0.569 0.587 0.473 0.193 0.067 0.968 0.284 0.132 0.664 0.335 0.478 0.185 0.506 0.987 0.688 0.259 0.884 0.621 0.585 0.559 0.506 0.080 0.021 0.523 0.432 0.920 0.970 0.417 0.896 0.360 0.477 0.886 0.859 0.290 0.068 0.078 0.590 0.679 0.525 0.907 0.943 0.483 0.127 0.156 0.529 0.722 0.905 0.510 0.577 0.905 0.606 0.727 0.677 0.812 0.596 0.919 0.811 0.131 0.827 0.553 0.386 0.624 0.291 0.159 0.289 0.617 0.514 0.530 0.643 0.942 0.857 0.227 0.968 0.458 0.079 0.048 0.910 0.550 0.449 0.815 0.754 0.549 0.519 0.686 0.593 0.542 0.552 0.887 0.425 0.135 0.791 0.518 0.097 0.315 0.877 0.365 0.937 0.524 0.812 0.742 0.511 0.155 0.436 0.750 0.607 0.532 0.501 
ofv: -765459.000000
Best time: 2.268
Total time:5.006 


Instance: ../Instances/KP/00Uncorrelated/n00500/kp035.txt
RKO: SA | ILS | VNS | BRKGA | BRKGA-CS | PSO | GA | LNS | GRASP | IPR | 
Sol: 0.977 0.507 0.832 0.969 0.519 0.544 0.754 0.548 0.853 0.969 0.622 0.502 0.972 0.839 0.502 0.094 0.518 0.020 0.563 0.539 0.042 0.534 0.568 0.531 0.102 0.092 0.313 0.562 0.885 0.240 0.139 0.064 0.667 0.340 0.913 0.510 0.291 0.732 0.721 0.231 0.865 0.846 0.526 0.524 0.530 0.601 0.896 0.040 0.501 0.516 0.765 0.182 0.721 0.068 0.915 0.623 0.557 0.803 0.471 0.553 0.168 0.564 0.521 0.085 0.577 0.901 0.550 0.442 0.902 0.084 0.603 0.135 0.931 0.758 0.122 0.367 0.369 0.531 0.900 0.106 0.539 0.401 0.542 0.229 0.523 0.293 0.051 0.516 0.070 0.893 0.665 0.036 0.571 0.934 0.370 0.947 0.888 0.668 0.556 0.018 0.924 0.151 0.857 0.004 0.671 0.939 0.527 0.749 0.949 0.711 0.927 0.846 0.324 0.598 0.956 0.387 0.655 0.264 0.908 0.943 0.577 0.942 0.967 0.193 0.123 0.388 0.121 0.958 0.314 0.553 0.770 0.528 0.726 0.858 0.961 0.553 0.555 0.436 0.573 0.457 0.759 0.096 0.109 0.561 0.159 0.870 0.902 0.014 0.046 0.898 0.154 0.518 0.916 0.945 0.911 0.655 0.611 0.784 0.023 0.448 0.560 0.444 0.485 0.232 0.861 0.451 0.490 0.758 0.107 0.570 0.978 0.862 0.742 0.560 0.457 0.889 0.992 0.572 0.546 0.436 0.376 0.568 0.552 0.151 0.365 0.835 0.178 0.493 0.861 0.732 0.526 0.340 0.015 0.570 0.629 0.867 0.141 0.299 0.452 0.302 0.323 0.075 0.736 0.009 0.559 0.265 0.211 0.017 0.293 0.323 0.395 0.923 0.501 0.072 0.840 0.021 0.545 0.510 0.108 0.052 0.503 0.696 0.564 0.727 0.510 0.591 0.958 0.408 0.003 0.543 0.511 0.062 0.124 0.969 0.143 0.103 0.377 0.571 0.201 0.319 0.120 0.754 0.159 0.503 0.750 0.740 0.259 0.340 0.779 0.559 0.564 0.768 0.132 0.819 0.651 0.825 0.794 0.991 0.665 0.319 0.514 0.021 0.561 0.524 0.454 0.246 0.506 0.570 0.501 0.323 0.503 0.553 0.217 0.560 0.091 0.553 0.395 0.365 0.533 0.594 0.710 0.026 0.083 0.053 0.467 0.527 0.915 0.043 0.609 0.996 0.017 0.533 0.503 0.539 0.549 0.559 0.522 0.554 0.982 0.548 0.057 0.790 0.428 0.786 0.485 0.689 0.512 0.657 0.843 0.563 0.428 0.966 0.623 0.269 0.916 0.183 0.447 0.516 0.546 0.759 0.576 0.515 0.543 0.658 0.562 0.123 0.550 0.064 0.402 0.643 0.448 0.417 0.736 0.546 0.450 0.340 0.302 0.036 0.008 0.559 0.471 0.567 0.511 0.058 0.550 0.950 0.704 0.832 0.852 0.645 0.691 0.620 0.763 0.406 0.654 0.534 0.762 0.788 0.546 0.384 0.145 0.163 0.953 0.526 0.521 0.700 0.127 0.859 0.413 0.536 0.885 0.455 0.882 0.906 0.726 0.860 0.202 0.005 0.404 0.535 0.093 0.092 0.673 0.976 0.974 0.043 0.504 0.633 0.637 0.559 0.506 0.228 0.701 0.953 0.761 0.728 0.115 0.688 0.388 0.339 0.511 0.603 0.577 0.514 0.348 0.981 0.569 0.208 0.012 0.564 0.598 0.509 0.678 0.344 0.524 0.945 0.882 0.126 0.677 0.793 0.945 0.569 0.708 0.040 0.630 0.123 0.669 0.124 0.428 0.082 0.542 0.556 0.622 0.779 0.909 0.123 0.528 0.578 0.028 0.360 0.537 0.511 0.037 0.532 0.302 0.551 0.866 0.754 0.655 0.340 0.567 0.103 0.505 0.563 0.176 0.516 0.122 0.797 0.515 0.015 0.549 0.147 0.987 0.348 0.525 0.557 0.866 0.127 0.756 0.855 0.029 0.546 0.406 0.430 0.861 0.524 0.217 0.475 0.776 0.524 0.069 0.747 0.068 0.639 0.084 0.455 0.235 0.615 0.508 0.527 0.298 0.125 0.816 0.548 0.567 0.542 0.737 0.636 0.335 0.053 
ofv: -1963586.000000
Best time: 4.067
Total time:5.026 


Instance: ../Instances/KP/00Uncorrelated/n01000/kp005.txt
RKO: SA | ILS | VNS | BRKGA | BRKGA-CS | PSO | GA | LNS | GRASP | IPR | 
Sol: 0.563 0.985 0.999 0.625 0.840 0.741 0.114 0.552 0.661 0.840 0.558 0.418 0.789 0.540 0.548 0.632 0.398 0.496 0.792 0.998 0.543 0.904 0.556 0.114 0.707 0.542 0.258 0.625 0.187 0.144 0.545 0.661 0.563 0.566 0.552 0.538 0.017 0.504 0.524 0.981 0.505 0.834 0.513 0.239 0.094 0.074 0.005 0.035 0.073 0.569 0.055 0.130 0.999 0.844 0.374 0.728 0.705 0.132 0.547 0.025 0.802 0.506 0.025 0.567 0.401 0.903 0.482 0.149 0.140 0.762 0.662 0.827 0.540 0.781 0.856 0.087 0.557 0.752 0.454 0.919 0.549 0.555 0.420 0.598 0.009 0.537 0.057 0.964 0.900 0.914 0.384 0.029 0.399 0.005 0.057 0.142 0.918 0.755 0.338 0.086 0.548 0.925 0.146 0.016 0.749 0.870 0.404 0.732 0.401 0.519 0.104 0.586 0.601 0.384 0.565 0.556 0.716 0.734 0.379 0.051 0.387 0.633 0.248 0.562 0.969 0.735 0.877 0.515 0.462 0.874 0.889 0.431 0.244 0.144 0.960 0.621 0.930 0.784 0.484 0.188 0.048 0.894 0.636 0.568 0.658 0.547 0.568 0.834 0.852 0.587 0.021 0.835 0.782 0.555 0.522 0.553 0.866 0.526 0.531 0.551 0.216 0.231 0.132 0.605 0.082 0.818 0.533 0.885 0.961 0.851 0.984 0.725 0.549 0.813 0.729 0.587 0.933 0.816 0.775 0.821 0.110 0.539 0.533 0.019 0.683 0.766 0.564 0.225 0.735 0.555 0.831 0.078 0.540 0.724 0.694 0.541 0.350 0.159 0.300 0.583 0.283 0.986 0.608 0.198 0.221 0.320 0.111 0.397 0.347 0.255 0.059 0.031 0.759 0.556 0.729 0.548 0.105 0.510 0.321 0.515 0.415 0.519 0.068 0.989 0.982 0.146 0.605 0.417 0.320 0.710 0.743 0.616 0.599 0.641 0.933 0.901 0.197 0.396 0.540 0.821 0.559 0.582 0.882 0.402 0.562 0.063 0.438 0.675 0.544 0.365 0.222 0.547 0.841 0.580 0.517 0.684 0.981 0.517 0.822 0.587 0.521 0.320 0.796 0.907 0.245 0.228 0.837 0.949 0.289 0.839 0.231 0.771 0.822 0.492 0.692 0.545 0.096 0.471 0.256 0.747 0.910 0.219 0.280 0.492 0.509 0.222 0.707 0.906 0.540 0.907 0.797 0.430 0.765 0.417 0.174 0.860 0.654 0.988 0.989 0.856 0.952 0.646 0.040 0.385 0.865 0.552 0.948 0.207 0.336 0.510 0.106 0.557 0.749 0.579 0.873 0.765 0.073 0.911 0.526 0.253 0.390 0.675 0.081 0.731 0.865 0.518 0.030 0.551 0.739 0.373 0.974 0.553 0.567 0.320 0.269 0.549 0.750 0.033 0.146 0.522 0.679 0.585 0.091 0.939 0.716 0.510 0.841 0.066 0.957 0.502 0.745 0.612 0.976 0.387 0.619 0.648 0.800 0.554 0.845 0.107 0.520 0.082 0.268 0.861 0.297 0.344 0.158 0.704 0.662 0.039 0.172 0.125 0.870 0.110 0.571 0.296 0.420 0.531 0.636 0.589 0.896 0.922 0.127 0.702 0.091 0.803 0.433 0.917 0.502 0.095 0.062 0.780 0.782 0.578 0.585 0.864 0.336 0.967 0.143 0.283 0.558 0.232 0.525 0.620 0.509 0.787 0.035 0.552 0.428 0.138 0.653 0.812 0.888 0.093 0.765 0.888 0.830 0.071 0.610 0.113 0.083 0.118 0.644 0.000 0.551 0.001 0.867 0.987 0.678 0.196 0.838 0.240 0.539 0.172 0.560 0.517 0.070 0.131 0.132 0.091 0.909 0.524 0.892 0.070 0.543 0.533 0.824 0.049 0.787 0.041 0.529 0.292 0.082 0.888 0.708 0.426 0.013 0.133 0.332 0.571 0.273 0.518 0.172 0.501 0.524 0.941 0.595 0.994 0.606 0.772 0.017 0.605 0.609 0.772 0.520 0.551 0.575 0.133 0.204 0.157 0.525 0.517 0.109 0.228 0.492 0.093 0.631 0.552 0.950 0.545 0.527 0.564 0.695 0.543 0.818 0.336 0.138 0.632 0.450 0.062 0.066 0.870 0.764 0.406 0.006 0.089 0.760 0.577 0.565 0.287 0.502 0.377 0.271 0.479 0.023 0.091 0.472 0.302 0.036 0.948 0.395 0.284 0.150 0.509 0.125 0.563 0.102 0.523 0.562 0.559 0.525 0.839 0.449 0.537 0.558 0.747 0.656 0.072 0.544 0.812 0.235 0.448 0.504 0.104 0.354 0.138 0.223 0.502 0.541 0.174 0.559 0.225 0.265 0.327 0.811 0.542 0.228 0.264 0.891 0.120 0.469 0.749 0.687 0.280 0.111 0.512 0.615 0.682 0.523 0.870 0.719 0.753 0.523 0.507 0.619 0.614 0.541 0.507 0.000 0.784 0.594 0.355 0.453 0.960 0.785 0.915 0.078 0.114 0.554 0.762 0.391 0.026 0.085 0.402 0.516 0.545 0.939 0.044 0.182 0.508 0.069 0.018 0.539 0.997 0.745 0.021 0.554 0.027 0.909 0.431 0.541 0.843 0.349 0.120 0.523 0.711 0.093 0.847 0.547 0.731 0.518 0.775 0.727 0.293 0.564 0.348 0.027 0.878 0.032 0.026 0.540 0.560 0.048 0.358 0.225 0.104 0.550 0.360 0.506 0.030 0.322 0.014 0.551 0.775 0.534 0.034 0.347 0.465 0.531 0.018 0.044 0.134 0.189 0.557 0.901 0.373 0.531 0.053 0.510 0.986 0.704 0.546 0.693 0.444 0.519 0.856 0.120 0.515 0.831 0.112 0.547 0.027 0.767 0.541 0.781 0.921 0.992 0.643 0.566 0.970 0.602 0.771 0.107 0.313 0.826 0.526 0.579 0.139 0.027 0.544 0.838 0.640 0.984 0.053 0.536 0.094 0.874 0.436 0.800 0.883 0.655 0.717 0.983 0.749 0.842 0.861 0.041 0.488 0.550 0.245 0.749 0.638 0.510 0.363 0.177 0.512 0.327 0.672 0.952 0.544 0.944 0.363 0.924 0.683 0.931 0.921 0.936 0.367 0.878 0.182 0.523 0.501 0.359 0.707 0.531 0.089 0.267 0.532 0.671 0.715 0.533 0.598 0.921 0.883 0.544 0.889 0.735 0.734 0.570 0.083 0.367 0.336 0.571 0.581 0.205 0.337 0.545 0.502 0.739 0.847 0.356 0.503 0.837 0.644 0.049 0.726 0.501 0.558 0.624 0.557 0.526 0.677 0.166 0.293 0.080 0.417 0.507 0.036 0.331 0.893 0.610 0.852 0.551 0.656 0.534 0.583 0.294 0.549 0.520 0.150 0.272 0.362 0.111 0.751 0.531 0.662 0.278 0.723 0.638 0.673 0.015 0.950 0.117 0.571 0.289 0.528 0.993 0.247 0.967 0.538 0.168 0.380 0.551 0.030 0.684 0.555 0.504 0.563 0.543 0.910 0.611 0.392 0.880 0.374 0.653 0.411 0.034 0.978 0.002 0.216 0.002 0.411 0.289 0.490 0.856 0.528 0.959 0.795 0.309 0.386 0.515 0.346 0.731 0.765 0.200 0.207 0.554 0.036 0.080 0.365 0.798 0.731 0.515 0.618 0.424 0.882 0.667 0.556 0.786 0.019 0.963 0.657 0.247 0.327 0.673 0.881 0.269 0.419 0.302 0.916 0.758 0.882 0.525 0.697 0.935 0.512 0.978 0.917 0.136 0.592 0.510 0.741 0.548 0.079 0.513 0.249 0.101 0.722 0.564 0.936 0.266 0.012 0.493 0.140 0.624 0.813 0.110 0.359 0.703 0.574 0.996 0.322 0.836 0.952 0.533 0.244 0.192 0.301 0.499 0.548 0.513 0.965 0.258 0.612 0.552 0.982 0.003 0.001 0.807 0.141 0.727 0.074 0.544 0.509 0.850 0.651 0.058 0.504 0.054 0.030 0.092 0.911 0.044 0.548 0.559 0.873 0.565 0.538 0.482 0.527 0.455 0.033 0.801 0.111 0.417 0.520 0.640 0.882 0.819 0.555 0.506 0.519 0.562 0.704 0.505 0.108 0.554 0.050 0.402 0.549 0.528 0.086 0.568 0.738 0.436 0.697 0.015 0.796 0.815 0.502 0.017 0.625 0.193 0.015 0.488 0.556 0.542 0.522 0.565 0.541 0.863 0.013 0.945 0.820 0.738 0.484 0.651 0.129 0.788 0.293 0.546 0.248 0.026 0.410 0.822 0.785 0.003 0.172 0.895 0.534 
ofv: -4024891.000000
Best time: 9.568
Total time:10.024 


Instance: ../Instances/KP/00Uncorrelated/n02000/kp001.txt
RKO: SA | ILS | VNS | BRKGA | BRKGA-CS | PSO | GA | LNS | GRASP | IPR | 
Sol: 0.205 0.910 0.515 0.204 0.947 0.542 0.830 0.702 0.057 0.500 0.531 0.501 0.506 0.171 0.098 0.756 0.147 0.769 0.843 0.443 0.277 0.519 0.956 0.558 0.035 0.461 0.433 0.367 0.525 0.394 0.152 0.179 0.412 0.787 0.050 0.227 0.656 0.890 0.880 0.102 0.995 0.667 0.319 0.642 0.881 0.939 0.503 0.642 0.956 0.875 0.414 0.523 0.923 0.803 0.617 0.874 0.184 0.324 0.805 0.023 0.053 0.702 0.798 0.509 0.342 0.929 0.682 0.902 0.555 0.957 0.657 0.182 0.373 0.988 0.516 0.441 0.480 0.423 0.246 0.825 0.945 0.866 0.537 0.372 0.462 0.876 0.761 0.602 0.346 0.673 0.707 0.110 0.662 0.781 0.516 0.643 0.516 0.148 0.830 0.637 0.098 0.647 0.566 0.075 0.802 0.426 0.518 0.424 0.595 0.855 0.543 0.286 0.162 0.261 0.471 0.829 0.849 0.634 0.561 0.546 0.378 0.845 0.979 0.234 0.077 0.421 0.578 0.250 0.268 0.726 0.238 0.069 0.111 0.556 0.244 0.127 0.782 0.748 0.055 0.305 0.139 0.383 0.238 0.275 0.075 0.869 0.469 0.094 0.565 0.915 0.071 0.463 0.268 0.928 0.371 0.529 0.565 0.864 0.032 0.668 0.521 0.051 0.102 0.779 0.585 0.514 0.407 0.301 0.360 0.457 0.976 0.863 0.428 0.933 0.155 0.720 0.902 0.302 0.053 0.192 0.982 0.236 0.713 0.664 0.895 0.233 0.749 0.732 0.860 0.571 0.395 0.489 0.127 0.934 0.170 0.142 0.216 0.880 0.153 0.593 0.372 0.716 0.878 0.491 0.079 0.214 0.749 0.603 0.345 0.073 0.609 0.575 0.930 0.257 0.744 0.520 0.354 0.913 0.054 0.697 0.084 0.365 0.636 0.415 0.565 0.776 0.767 0.160 0.041 0.286 0.858 0.773 0.729 0.768 0.362 0.402 0.403 0.212 0.136 0.906 0.686 0.964 0.523 0.556 0.516 0.644 0.574 0.200 0.328 0.459 0.708 0.927 0.554 0.898 0.123 0.506 0.508 0.239 0.709 0.388 0.216 0.630 0.186 0.368 0.513 0.846 0.089 0.346 0.094 0.809 0.311 0.957 0.496 0.737 0.659 0.073 0.239 0.808 0.297 0.564 0.020 0.054 0.510 0.408 0.502 0.061 0.083 0.093 0.707 0.567 0.742 0.215 0.017 0.526 0.811 0.530 0.729 0.861 0.400 0.307 0.399 0.398 0.019 0.721 0.703 0.166 0.858 0.857 0.901 0.141 0.401 0.286 0.146 0.536 0.665 0.000 0.415 0.806 0.736 0.963 0.150 0.309 0.157 0.355 0.729 0.152 0.145 0.624 0.054 0.890 0.545 0.526 0.118 0.660 0.901 0.146 0.529 0.117 0.570 0.688 0.736 0.029 0.389 0.713 0.868 0.333 0.508 0.159 0.664 0.248 0.497 0.534 0.732 0.953 0.538 0.969 0.591 0.071 0.817 0.173 0.800 0.693 0.304 0.136 0.941 0.610 0.486 0.691 0.928 0.104 0.353 0.350 0.695 0.008 0.557 0.391 0.330 0.018 0.095 0.153 0.084 0.595 0.768 0.761 0.064 0.517 0.192 0.031 0.281 0.087 0.969 0.839 0.937 0.553 0.451 0.780 0.790 0.192 0.476 0.417 0.549 0.948 0.304 0.709 0.271 0.285 0.904 0.534 0.494 0.635 0.545 0.739 0.582 0.864 0.514 0.928 0.640 0.915 0.607 0.699 0.596 0.251 0.213 0.512 0.320 0.022 0.659 0.301 0.526 0.922 0.421 0.677 0.291 0.953 0.251 0.939 0.727 0.752 0.018 0.910 0.929 0.375 0.554 0.605 0.776 0.586 0.196 0.807 0.808 0.936 0.897 0.746 0.445 0.916 0.441 0.791 0.773 0.285 0.534 0.551 0.072 0.206 0.126 0.679 0.221 0.193 0.153 0.100 0.171 0.909 0.582 0.450 0.926 0.981 0.429 0.082 0.192 0.609 0.630 0.832 0.991 0.903 0.831 0.768 0.673 0.826 0.992 0.492 0.271 0.504 0.131 0.615 0.501 0.667 0.631 0.700 0.067 0.207 0.949 0.988 0.861 0.851 0.726 0.290 0.870 0.934 0.053 0.936 0.505 0.637 0.915 0.775 0.364 0.322 0.372 0.470 0.968 0.775 0.561 0.402 0.724 0.843 0.824 0.822 0.751 0.941 0.269 0.403 0.856 0.267 0.066 0.406 0.250 0.924 0.342 0.689 0.855 0.982 0.660 0.730 0.628 0.751 0.692 0.668 0.948 0.747 0.744 0.983 0.771 0.959 0.634 0.532 0.794 0.712 0.133 0.210 0.715 0.739 0.573 0.011 0.568 0.669 0.692 0.409 0.884 0.689 0.422 0.174 0.986 0.288 0.479 0.794 0.904 0.728 0.691 0.666 0.264 0.335 0.713 0.366 0.455 0.967 0.511 0.045 0.530 0.986 0.472 0.833 0.704 0.647 0.608 0.578 0.274 0.510 0.189 0.747 0.658 0.065 0.409 0.807 0.569 0.850 0.404 0.825 0.199 0.016 0.281 0.745 0.785 0.254 0.878 0.493 0.536 0.648 0.779 0.787 0.102 0.075 0.448 0.342 0.208 0.513 0.566 0.996 0.495 0.512 0.604 0.395 0.333 0.529 0.198 0.421 0.300 0.233 0.196 0.891 0.479 0.168 0.970 0.674 0.546 0.929 0.485 0.735 0.352 0.909 0.043 0.124 0.917 0.212 0.037 0.347 0.552 0.953 0.747 0.248 0.643 0.512 0.642 0.995 0.850 0.041 0.854 0.970 0.282 0.171 0.895 0.556 0.390 0.550 0.606 0.178 0.650 0.240 0.459 0.964 0.238 0.012 0.268 0.457 0.575 0.754 0.068 0.319 0.729 0.214 0.348 0.499 0.385 0.019 0.937 0.903 0.731 0.871 0.687 0.810 0.999 0.735 0.505 0.013 0.079 0.522 0.410 0.323 0.762 0.550 0.506 0.329 0.800 0.043 0.270 0.722 0.468 0.520 0.984 0.731 0.549 0.757 0.012 0.985 0.016 0.682 0.987 0.614 0.489 0.449 0.510 0.553 0.528 0.664 0.280 0.061 0.655 0.151 0.178 0.844 0.794 0.444 0.310 0.182 0.928 0.216 0.273 0.784 0.765 0.171 0.003 0.928 0.826 0.523 0.473 0.626 0.563 0.729 0.247 0.611 0.589 0.656 0.201 0.352 0.523 0.784 0.996 0.567 0.647 0.792 0.909 0.602 0.624 0.396 0.454 0.569 0.668 0.016 0.393 0.761 0.145 0.681 0.844 0.396 0.806 0.060 0.260 0.723 0.607 0.376 0.156 0.905 0.327 0.096 0.466 0.703 0.043 0.676 0.982 0.519 0.561 0.968 0.887 0.832 0.397 0.386 0.786 0.569 0.579 0.985 0.792 0.477 0.594 0.857 0.009 0.017 0.836 0.502 0.238 0.199 0.573 0.900 0.575 0.127 0.465 0.936 0.268 0.223 0.606 0.097 0.213 0.211 0.829 0.078 0.295 0.214 0.771 0.705 0.245 0.657 0.270 0.014 0.617 0.994 0.056 0.662 0.880 0.612 0.516 0.307 0.610 0.161 0.856 0.568 0.739 0.534 0.916 0.463 0.417 0.537 0.940 0.503 0.374 0.461 0.605 0.507 0.709 0.403 0.766 0.223 0.166 0.208 0.528 0.258 0.062 0.130 0.847 0.938 0.540 0.988 0.952 0.072 0.525 0.275 0.683 0.847 0.863 0.788 0.230 0.199 0.171 0.641 0.782 0.561 0.300 0.755 0.787 0.519 0.956 0.126 0.041 0.983 0.722 0.879 0.629 0.687 0.530 0.724 0.347 0.825 0.552 0.505 0.766 0.133 0.967 0.209 0.094 0.553 0.418 0.021 0.736 0.954 0.064 0.784 0.705 0.365 0.371 0.816 0.561 0.821 0.543 0.031 0.861 0.834 0.843 0.942 0.459 0.311 0.676 0.340 0.206 0.297 0.068 0.977 0.865 0.571 0.757 0.448 0.257 0.772 0.634 0.882 0.430 0.779 0.548 0.437 0.917 0.263 0.938 0.094 0.174 0.093 0.101 0.801 0.532 0.544 0.588 0.024 0.090 0.874 0.083 0.188 0.937 0.268 0.599 0.140 0.032 0.802 0.190 0.767 0.710 0.971 0.882 0.480 0.840 0.999 0.640 0.310 0.511 0.846 0.073 0.034 0.793 0.846 0.799 0.503 0.483 0.418 0.955 0.587 0.636 0.208 0.499 0.681 0.222 0.494 0.439 0.478 0.600 0.577 0.039 0.729 0.024 0.001 0.121 0.783 0.035 0.149 0.189 0.776 0.924 0.108 0.073 0.512 0.916 0.042 0.027 0.493 0.521 0.517 0.505 0.534 0.063 0.385 0.118 0.031 0.042 0.234 0.155 0.859 0.749 0.861 0.522 0.023 0.118 0.120 0.921 0.761 0.105 0.017 0.192 0.966 0.247 0.400 0.567 0.851 0.337 0.545 0.427 0.489 0.282 0.129 0.107 0.766 0.940 0.067 0.365 0.911 0.018 0.406 0.231 0.299 0.327 0.251 0.832 0.977 0.571 0.138 0.782 0.263 0.162 0.410 0.645 0.248 0.992 0.814 0.811 0.405 0.722 0.806 0.518 0.962 0.475 0.563 0.509 0.548 0.696 0.866 0.060 0.185 0.542 0.085 0.058 0.977 0.248 0.407 0.409 0.630 0.849 0.974 0.271 0.405 0.566 0.944 0.704 0.535 0.749 0.768 0.160 0.846 0.615 0.032 0.877 0.201 0.927 0.100 0.836 0.965 0.153 0.675 0.289 0.768 0.589 0.250 0.288 0.677 0.391 0.603 0.817 0.084 0.365 0.543 0.546 0.892 0.481 0.544 0.501 0.602 0.647 0.605 0.964 0.620 0.042 0.782 0.057 0.956 0.277 0.794 0.287 0.075 0.402 0.432 0.843 0.023 0.299 0.964 0.630 0.738 0.530 0.511 0.198 0.853 0.365 0.695 0.403 0.538 0.888 0.521 0.893 0.543 0.770 0.817 0.593 0.510 0.475 0.390 0.536 0.286 0.623 0.878 0.571 0.963 0.387 0.312 0.561 0.653 0.492 0.916 0.631 0.852 0.713 0.566 0.203 0.839 0.738 0.862 0.147 0.761 0.173 0.521 0.518 0.746 0.535 0.848 0.207 0.870 0.720 0.558 0.458 0.829 0.705 0.556 0.560 0.556 0.307 0.468 0.291 0.010 0.283 0.493 0.815 0.743 0.542 0.164 0.339 0.526 0.947 0.844 0.353 0.873 0.645 0.789 0.715 0.841 0.252 0.202 0.557 0.891 0.515 0.601 0.029 0.557 0.616 0.530 0.608 0.284 0.665 0.138 0.246 0.933 0.869 0.647 0.643 0.712 0.807 0.899 0.424 0.543 0.300 0.789 0.383 0.993 0.813 0.956 0.547 0.053 0.315 0.703 0.201 0.462 0.867 0.511 0.537 0.543 0.186 0.697 0.124 0.417 0.866 0.077 0.002 0.658 0.240 0.508 0.279 0.032 0.040 0.934 0.724 0.997 0.715 0.841 0.451 0.066 0.540 0.255 0.542 0.385 0.147 0.643 0.124 0.556 0.608 0.241 0.540 0.688 0.705 0.523 0.056 0.128 0.698 0.141 0.863 0.143 0.817 0.225 0.770 0.273 0.499 0.583 0.098 0.498 0.254 0.332 0.728 0.817 0.130 0.797 0.040 0.560 0.339 0.974 0.413 0.549 0.229 0.688 0.176 0.539 0.780 0.070 0.530 0.052 0.208 0.836 0.449 0.642 0.918 0.706 0.239 0.530 0.525 0.101 0.392 0.755 0.185 0.694 0.512 0.651 0.887 0.997 0.247 0.773 0.747 0.413 0.094 0.197 0.917 0.915 0.811 0.669 0.122 0.944 0.837 0.563 0.071 0.613 0.668 0.912 0.543 0.051 0.124 0.740 0.278 0.504 0.556 0.014 0.010 0.998 0.570 0.684 0.870 0.122 0.944 0.393 0.386 0.792 0.788 0.531 0.315 0.768 0.880 0.385 0.075 0.903 0.555 0.712 0.398 0.502 0.763 0.939 0.497 0.297 0.528 0.364 0.341 0.067 0.692 0.853 0.443 0.909 0.982 0.870 0.919 0.762 0.851 0.129 0.927 0.367 0.650 0.885 0.810 0.940 0.170 0.235 0.999 0.695 0.389 0.569 0.900 1.000 0.325 0.901 0.886 0.567 0.497 0.048 0.187 0.677 0.563 0.566 0.855 0.854 0.606 0.618 0.664 0.980 0.659 0.753 0.675 0.414 0.470 0.163 0.260 0.806 0.441 0.404 0.588 0.946 0.736 0.516 0.889 0.533 0.059 0.196 0.848 0.565 0.417 0.672 0.256 0.760 0.669 0.187 0.258 0.611 0.396 0.401 0.070 0.732 0.047 0.043 0.689 0.683 0.811 0.009 0.734 0.809 0.914 0.454 0.124 0.549 0.603 0.067 0.630 0.399 0.868 0.218 0.859 0.566 0.777 0.173 0.959 0.718 0.829 0.588 0.743 0.489 0.302 0.200 0.556 0.002 0.646 0.242 0.033 0.585 0.570 0.847 0.663 0.004 0.712 0.455 0.521 0.394 0.513 0.964 0.333 0.774 0.378 0.667 0.498 0.502 0.394 0.076 0.396 0.474 0.356 0.732 0.018 0.024 0.896 0.851 0.909 0.924 0.312 0.002 0.140 0.117 0.706 0.811 0.583 0.083 0.529 0.399 0.425 0.818 0.967 0.658 0.944 0.542 0.472 0.680 0.267 0.646 0.758 0.820 0.530 0.486 0.681 0.696 0.501 0.559 0.763 0.660 0.799 0.366 0.184 0.562 0.382 0.605 0.762 0.181 0.621 0.943 0.888 0.787 0.843 0.306 0.914 0.571 0.537 0.581 0.037 0.979 0.974 0.191 0.472 0.356 0.799 0.612 0.796 0.398 0.361 0.370 0.762 0.654 0.248 0.989 0.577 0.852 0.422 0.882 0.834 0.357 0.651 0.795 0.976 0.500 0.455 0.893 0.612 0.345 0.514 0.185 0.055 0.807 0.685 0.280 0.651 0.003 0.938 0.251 0.215 0.622 0.752 0.957 0.427 0.826 0.431 0.849 0.522 0.416 0.139 0.797 0.807 0.782 0.074 0.116 0.023 0.420 0.819 0.175 0.270 0.340 0.030 0.470 0.747 0.670 0.564 0.509 0.739 0.303 0.096 0.255 0.468 0.261 0.603 0.030 0.792 0.593 0.108 0.461 0.334 0.615 0.800 0.151 0.111 0.830 0.400 0.402 0.117 0.312 0.213 0.143 0.689 0.162 0.474 0.528 0.822 0.164 0.423 0.533 0.804 0.312 0.411 0.204 0.878 0.759 0.138 0.405 0.623 0.436 0.962 0.693 0.102 0.602 0.409 0.369 0.945 0.190 0.817 0.845 0.618 0.959 0.315 0.014 0.913 0.337 0.631 0.926 0.326 0.353 0.379 0.987 0.072 0.182 0.346 0.248 0.371 0.273 0.511 0.912 0.880 0.703 0.434 0.521 0.044 0.548 0.542 0.810 0.781 0.244 0.358 0.812 0.931 0.371 0.964 0.991 0.774 0.877 0.527 0.851 0.731 0.578 0.030 0.493 0.031 0.561 0.623 0.803 0.392 0.392 0.987 0.416 0.339 0.510 0.296 0.999 0.369 0.594 0.069 0.179 0.541 0.842 0.518 0.803 0.934 0.389 0.146 0.919 0.840 0.961 0.405 0.699 0.585 0.326 0.676 0.824 0.912 0.921 0.992 0.198 0.023 0.556 0.014 0.761 0.056 0.626 0.373 0.485 0.835 0.152 0.173 0.816 0.281 0.952 0.662 0.436 0.330 0.119 0.161 0.570 0.350 0.483 0.488 0.562 0.749 0.627 0.571 0.854 0.537 0.595 0.715 0.683 0.959 0.406 0.871 0.154 0.328 0.910 0.171 0.170 0.075 0.712 0.261 0.081 0.566 0.917 0.598 0.462 0.598 0.150 0.505 0.942 0.907 0.517 0.575 0.031 0.199 0.327 0.372 0.001 0.391 0.612 0.066 0.250 0.279 0.631 0.672 0.557 0.783 0.921 0.033 0.654 0.577 0.058 0.385 0.834 0.898 0.169 0.083 0.299 0.217 0.757 0.007 0.290 0.532 0.891 0.462 0.917 0.015 0.732 0.530 0.042 0.662 0.722 0.528 0.886 0.773 0.693 0.963 0.499 0.068 0.500 0.880 0.570 0.062 0.114 0.502 0.736 0.264 0.858 0.095 0.919 0.413 0.514 0.967 0.879 0.654 0.712 0.709 0.224 0.469 0.916 0.585 0.994 0.324 0.159 0.121 0.988 0.840 0.339 0.627 0.538 0.537 0.130 0.558 0.141 0.390 0.520 0.984 0.814 0.789 0.698 0.197 0.511 0.231 0.290 0.704 0.090 0.545 0.768 0.786 0.672 0.190 0.855 0.929 0.784 0.455 0.564 0.408 0.360 0.506 0.135 0.618 0.441 0.424 0.967 0.968 0.575 0.986 0.256 0.229 0.293 0.988 0.080 0.029 0.529 0.817 0.713 0.748 0.667 0.645 0.989 0.256 0.735 0.052 0.260 0.639 0.493 0.447 0.799 0.224 0.125 0.769 0.748 
ofv: -7985469.000000
Best time: 20.005
Total time:20.007 


Instance: ../Instances/KP/00Uncorrelated/n05000/kp072.txt
RKO: SA | ILS | VNS | BRKGA | BRKGA-CS | PSO | GA | LNS | GRASP | IPR | 
Sol: 0.396 0.718 0.655 0.029 0.511 0.210 0.785 0.917 0.713 0.747 0.795 0.303 0.113 0.573 0.904 0.348 0.541 0.386 0.987 0.436 0.417 0.489 0.557 0.390 0.184 0.157 0.981 0.779 0.418 0.890 0.330 0.682 0.823 0.830 0.183 0.986 0.020 0.050 0.334 0.376 0.735 0.262 0.095 0.869 0.386 0.987 0.726 0.666 0.959 0.482 0.594 0.589 0.718 0.110 0.064 0.962 0.314 0.172 0.715 0.644 0.966 0.452 0.605 0.290 0.611 0.048 0.267 0.521 0.269 0.565 0.033 0.936 0.382 0.590 0.710 0.568 0.016 0.586 0.349 0.602 0.815 0.821 0.949 0.250 0.411 0.860 0.981 0.935 0.746 0.978 0.188 0.721 0.085 0.442 0.824 0.508 0.324 0.907 0.055 0.623 0.879 0.660 0.449 0.255 0.227 0.281 0.184 0.976 0.880 0.222 0.192 0.221 0.657 0.241 0.170 0.138 0.099 0.590 0.557 0.814 0.152 0.619 0.353 0.661 0.846 0.134 0.044 0.138 0.023 0.837 0.497 0.848 0.465 0.101 0.689 0.377 0.797 0.756 0.520 0.289 0.999 0.890 0.108 0.062 0.712 0.922 0.378 0.588 0.347 0.628 0.975 0.006 0.731 0.943 0.612 0.975 0.123 0.737 0.228 0.802 0.364 0.294 0.145 0.508 0.476 0.548 0.547 0.924 0.738 0.152 0.602 0.626 0.703 0.882 0.568 0.735 0.212 0.467 0.216 0.683 0.506 0.611 0.855 0.625 0.906 0.669 0.265 0.510 0.252 0.503 0.472 0.039 0.708 0.843 0.683 0.906 0.803 0.562 0.586 0.956 0.747 0.909 0.258 0.360 0.381 0.572 0.654 0.844 0.966 0.322 0.409 0.887 0.421 0.258 0.914 0.210 0.743 0.886 0.761 0.688 0.670 0.774 0.370 0.760 0.066 0.650 0.761 0.708 0.686 0.565 0.813 0.644 0.629 0.248 0.461 0.595 0.965 0.009 0.660 0.971 0.294 0.866 0.586 0.686 0.627 0.045 0.392 0.208 0.537 0.429 0.071 0.163 0.709 0.672 0.527 0.156 0.613 0.731 0.993 0.764 0.421 0.017 0.981 0.921 0.201 0.612 0.563 0.321 0.268 0.591 0.484 0.276 0.044 0.029 0.195 0.279 0.493 0.642 0.856 0.135 0.122 0.006 0.821 0.168 0.461 0.962 0.678 0.088 0.951 0.627 0.303 0.957 0.626 0.723 0.607 0.431 0.115 0.312 0.609 0.492 0.247 0.618 0.909 0.299 0.623 0.352 0.948 0.199 0.861 0.124 0.637 0.438 0.506 0.943 0.739 0.703 0.897 0.413 0.883 0.201 0.067 0.332 0.625 0.939 0.794 0.865 0.741 0.883 0.037 0.781 0.769 0.426 0.181 0.823 0.236 0.943 0.753 0.038 0.864 0.462 0.554 0.366 0.177 0.912 0.722 0.255 0.677 0.649 0.526 0.086 0.748 0.375 0.556 0.345 0.608 0.321 0.884 0.672 0.742 0.164 0.971 0.681 0.976 0.820 0.254 0.907 0.873 0.115 0.146 0.143 0.597 0.166 0.489 0.353 0.965 0.003 0.833 0.528 0.103 0.501 0.990 0.628 0.822 0.310 0.500 0.840 0.899 0.518 0.344 0.769 0.839 0.151 0.397 0.557 0.415 0.154 0.610 0.504 0.475 0.865 0.827 0.897 0.438 0.262 0.201 0.852 0.531 0.863 0.115 0.421 0.848 0.421 0.623 0.956 0.300 0.892 0.234 0.878 0.066 0.792 0.783 0.156 0.258 0.845 0.913 0.418 0.938 0.823 0.742 0.345 0.495 0.492 0.122 0.987 0.206 0.913 0.903 0.759 0.043 0.960 0.403 0.102 0.693 0.746 0.835 0.774 0.948 0.955 0.545 0.852 0.345 0.776 0.562 0.614 0.745 0.862 0.248 0.195 0.563 0.123 0.330 0.220 0.827 0.967 0.231 0.988 0.730 0.050 0.017 0.151 0.312 0.746 0.945 0.020 0.228 0.544 0.583 0.293 0.068 0.436 0.136 0.573 0.137 0.225 0.202 0.150 0.719 0.717 0.278 0.977 0.670 0.751 0.549 0.644 0.120 0.131 0.018 0.899 0.398 0.648 0.108 0.974 0.577 0.380 0.878 0.019 0.406 0.153 0.049 0.587 0.340 0.751 0.786 0.001 0.040 0.754 0.324 0.877 0.021 0.387 0.317 0.057 0.214 0.814 0.160 0.487 0.701 0.646 0.506 0.931 0.579 0.604 0.146 0.039 0.996 0.044 0.258 0.132 0.900 0.078 0.268 0.298 0.110 0.917 0.133 0.717 0.852 0.779 0.059 0.439 0.509 0.095 0.500 0.105 0.849 0.857 0.405 0.657 0.578 0.478 0.533 0.201 0.862 0.851 0.035 0.705 0.478 0.820 0.621 0.268 0.140 0.122 0.014 0.705 0.408 0.520 0.506 0.668 0.457 0.911 0.306 0.735 0.740 0.146 0.703 0.555 0.180 0.820 0.215 0.331 0.957 0.928 0.110 0.767 0.074 0.067 0.421 0.155 0.859 0.977 0.407 0.716 0.666 0.053 0.182 0.267 0.290 0.284 0.553 0.194 0.343 0.784 0.520 0.917 0.952 0.803 0.861 0.240 0.204 0.148 0.616 0.279 0.686 0.358 0.190 0.612 0.849 0.723 0.148 0.064 0.850 0.811 0.852 0.534 0.529 0.516 0.610 0.644 0.273 0.629 0.904 0.050 0.247 0.088 0.879 0.666 0.554 0.376 0.520 0.539 0.055 0.399 0.506 0.806 0.524 0.481 0.266 0.644 0.156 0.580 0.577 0.995 0.846 0.696 0.702 0.642 0.264 0.331 0.739 0.475 0.221 0.403 0.564 0.525 0.847 0.080 0.698 0.258 0.111 0.077 0.059 0.728 0.572 0.335 0.756 0.975 0.205 0.737 0.798 0.781 0.503 0.900 0.097 0.301 0.790 0.249 0.184 0.599 0.951 0.703 0.241 0.494 0.883 0.876 0.656 0.980 0.296 0.716 0.151 0.216 0.517 0.532 0.162 0.078 0.437 0.912 0.246 0.085 0.424 0.875 0.424 0.552 0.481 0.480 0.517 0.769 0.860 0.037 0.948 0.745 0.310 0.196 0.700 0.699 0.179 0.815 0.745 0.976 0.836 0.467 0.043 0.026 0.996 0.534 0.051 0.077 0.837 0.388 0.942 0.221 0.564 0.885 0.836 0.113 0.062 0.034 0.425 0.338 0.677 0.511 0.203 0.927 0.380 0.786 0.060 0.047 0.610 0.108 0.508 0.313 0.980 0.421 0.504 0.015 0.722 0.211 0.580 0.520 0.110 0.818 0.727 0.565 0.501 0.950 0.009 0.982 0.008 0.824 0.483 0.315 0.209 0.503 0.936 0.096 0.709 0.578 0.443 0.871 0.112 0.003 0.873 0.616 0.764 0.852 0.001 0.735 0.965 0.289 0.092 0.440 0.441 0.721 0.563 0.496 0.606 0.603 0.945 0.665 0.330 0.709 0.788 0.007 0.714 0.668 0.525 0.532 0.186 0.302 0.852 0.491 0.133 0.652 0.024 0.364 0.347 0.491 0.434 0.586 0.127 0.112 0.584 0.386 0.259 0.222 0.178 0.642 0.823 0.540 0.904 0.152 0.231 0.745 0.418 0.508 0.415 0.236 0.559 0.849 0.889 0.341 0.961 0.580 0.888 0.560 0.569 0.685 0.786 0.680 0.693 0.677 0.535 0.232 0.203 0.456 0.735 0.561 0.113 0.994 0.551 0.937 0.056 0.200 0.332 0.649 0.787 0.968 0.501 0.122 0.683 0.537 0.897 0.716 0.530 0.580 0.426 0.432 0.547 0.509 0.051 0.618 0.547 0.607 0.868 0.840 0.554 0.681 0.744 0.023 0.605 0.562 0.231 0.409 0.722 0.243 0.082 0.537 0.149 0.042 0.701 0.525 0.849 0.673 0.527 0.553 0.072 0.574 0.677 0.107 0.103 0.369 0.101 0.093 0.559 0.068 0.149 0.864 0.763 0.309 0.284 0.847 0.076 0.768 0.420 0.431 0.337 0.781 0.278 0.804 0.105 0.992 0.793 0.891 0.411 0.871 0.635 0.565 0.131 0.542 0.983 0.548 0.514 0.667 0.528 0.683 0.254 0.969 0.956 0.768 0.694 0.887 0.994 0.193 0.783 0.534 0.505 0.109 0.585 0.692 0.760 0.029 0.148 0.558 0.185 0.368 0.798 0.738 0.537 0.548 0.838 0.208 0.912 0.803 0.467 0.445 0.514 0.780 0.701 0.792 0.514 0.359 0.896 0.698 0.790 0.785 0.567 0.781 0.791 0.479 0.273 0.216 0.473 0.735 0.471 0.833 0.515 0.809 0.923 0.090 0.695 0.970 0.688 0.031 0.956 0.612 0.286 0.587 0.195 0.788 0.086 0.242 0.853 0.561 0.670 0.720 0.426 0.875 0.920 0.987 0.896 0.570 0.360 0.498 0.174 0.997 0.316 0.024 0.479 0.920 0.080 0.239 0.180 0.888 0.234 0.291 0.522 0.398 0.167 0.226 0.389 0.167 0.568 0.603 0.622 0.977 0.797 0.915 0.111 0.568 0.038 0.734 0.543 0.118 0.126 0.801 0.207 0.109 0.886 0.459 0.295 0.684 0.906 0.991 0.597 0.915 0.098 0.997 0.618 0.175 0.900 0.949 0.712 0.136 0.122 0.284 0.647 0.556 0.461 0.027 0.242 0.388 0.617 0.509 0.029 0.204 0.702 0.549 0.021 0.602 0.651 0.764 0.758 0.473 0.698 0.138 0.644 0.806 0.097 0.531 0.178 0.173 0.471 0.253 0.635 0.591 0.382 0.528 0.169 0.292 0.675 0.482 0.570 0.854 0.543 0.478 0.296 0.231 0.211 0.231 0.628 0.923 0.680 0.718 0.358 0.544 0.431 0.540 0.982 0.249 0.370 0.771 0.341 0.584 0.400 0.863 0.972 0.041 0.733 0.470 0.021 0.132 0.721 0.743 0.879 0.517 0.879 0.526 0.809 0.086 0.065 0.946 0.646 0.288 0.634 0.546 0.284 0.796 0.774 0.738 0.046 0.530 0.745 0.268 0.704 0.597 0.165 0.477 0.468 0.664 0.804 0.659 0.546 0.032 0.797 0.541 0.886 0.745 0.137 0.505 0.981 0.303 0.980 0.581 0.938 0.637 0.549 0.151 0.262 0.672 0.764 0.442 0.292 0.729 0.441 0.232 0.393 0.184 0.678 0.175 0.172 0.103 0.331 0.773 0.096 0.942 0.491 0.744 0.487 0.186 0.696 0.733 0.296 0.788 0.691 0.120 0.696 0.391 0.092 0.050 0.945 0.079 0.121 0.015 0.476 0.475 0.212 0.718 0.400 0.791 0.235 0.485 0.047 0.063 0.905 0.558 0.346 0.618 0.006 0.730 0.702 0.796 0.682 0.284 0.409 0.211 0.313 0.046 0.664 0.762 0.536 0.885 0.904 0.034 0.406 0.024 0.404 0.469 0.703 0.501 0.343 0.620 0.412 0.015 0.978 0.918 0.051 0.888 0.788 0.804 0.999 0.379 0.739 0.512 0.785 0.034 0.721 0.748 0.209 0.706 0.422 0.552 0.231 0.716 0.996 0.728 0.429 0.565 0.530 0.060 0.586 0.035 0.316 0.439 0.708 0.456 0.613 0.907 0.325 0.691 0.992 0.544 0.726 0.798 0.499 0.724 0.849 0.024 0.531 0.497 0.751 0.853 0.247 0.760 0.202 0.810 0.258 0.441 0.055 0.332 0.735 0.511 0.445 0.473 0.529 0.501 0.900 0.188 0.937 0.120 0.128 0.870 0.100 0.581 0.052 0.500 0.041 0.811 0.738 0.635 0.230 0.767 0.493 0.125 0.081 0.221 0.649 0.225 0.776 0.624 0.156 0.288 0.005 0.736 0.636 0.156 0.396 0.211 0.779 0.024 0.781 0.132 0.232 0.147 0.441 0.840 0.811 0.640 0.661 0.780 0.347 0.574 0.551 0.172 0.514 0.363 0.885 0.192 0.091 0.764 0.695 0.296 0.296 0.828 0.883 0.356 0.925 0.679 0.530 0.666 0.810 0.154 0.064 0.151 0.688 0.562 0.393 0.231 0.930 0.427 0.724 0.051 0.158 0.023 0.439 0.246 0.591 0.192 0.503 0.968 0.851 0.795 0.102 0.459 0.318 0.947 0.811 0.718 0.345 0.860 0.295 0.188 0.346 0.187 0.256 0.000 0.404 0.730 0.181 0.639 0.614 0.883 0.196 0.097 0.529 0.607 0.050 0.324 0.576 0.310 0.852 0.052 0.829 0.037 0.939 0.391 0.857 0.804 0.615 0.322 0.808 0.749 0.673 0.961 0.053 0.501 0.524 0.781 0.017 0.645 0.495 0.498 0.650 0.345 0.632 0.054 0.942 0.555 0.701 0.751 0.824 0.757 0.850 0.664 0.637 0.453 0.494 0.546 0.715 0.983 0.999 0.104 0.616 0.475 0.387 0.543 0.526 0.819 0.823 0.085 0.024 0.373 0.659 0.914 0.046 0.401 0.922 0.832 0.271 0.125 0.556 0.903 0.561 0.071 0.145 0.700 0.269 0.348 0.685 0.683 0.039 0.537 0.284 0.256 0.474 0.745 0.313 0.599 0.574 0.804 0.074 0.544 0.514 0.428 0.669 0.630 0.117 0.066 0.131 0.730 0.628 0.844 0.237 0.979 0.532 0.536 0.526 0.599 0.051 0.904 0.551 0.046 0.978 0.353 0.638 0.293 0.702 0.971 0.349 0.495 0.111 0.048 0.900 0.767 0.811 0.106 0.619 0.540 0.474 0.245 0.547 0.841 0.787 0.542 0.119 0.724 0.074 0.834 0.910 0.789 0.992 0.788 0.155 0.352 0.533 0.344 0.529 0.663 0.425 0.440 0.504 0.116 0.802 0.431 0.986 0.402 0.511 0.600 0.905 0.843 0.616 0.253 0.807 0.065 0.759 0.890 0.585 0.085 0.715 0.695 0.844 0.242 0.815 0.430 0.534 0.204 0.102 0.162 0.776 0.503 0.979 0.743 0.440 0.295 0.824 0.843 0.846 0.250 0.786 0.463 0.960 0.608 0.307 0.230 0.531 0.766 0.097 0.070 0.029 0.233 0.777 0.536 0.584 0.737 0.289 0.185 0.035 0.646 0.438 0.579 0.701 0.698 0.550 0.044 0.861 0.386 0.251 0.530 0.039 0.960 0.972 0.715 0.833 0.097 0.631 0.578 0.538 0.111 0.513 0.545 0.559 0.130 0.534 0.767 0.632 0.627 0.639 0.826 0.549 0.902 0.813 0.790 0.307 0.410 0.337 0.720 0.552 0.246 0.861 0.795 0.173 0.098 0.480 0.156 0.658 0.345 0.030 0.869 0.975 0.514 0.107 0.692 0.201 0.179 0.799 0.897 0.554 0.541 0.513 0.596 0.801 0.571 0.438 0.562 0.362 0.011 0.115 0.826 0.099 0.728 0.435 0.065 0.372 0.634 0.851 0.972 0.589 0.505 0.657 0.362 0.809 0.788 0.063 0.503 0.611 0.094 0.465 0.144 0.129 0.647 0.261 0.465 0.535 0.007 0.122 0.678 0.927 0.136 0.554 0.377 0.857 0.239 0.580 0.569 0.598 0.161 0.572 0.659 0.359 0.695 0.700 0.899 0.899 0.395 0.356 0.911 0.844 0.700 0.522 0.203 0.011 0.013 0.406 0.570 0.846 0.460 0.542 0.346 0.810 0.009 0.759 0.170 0.284 0.623 0.700 0.990 0.266 0.605 0.557 0.074 0.839 0.645 0.048 0.154 0.021 0.738 0.471 0.034 0.435 0.320 0.997 0.225 0.556 0.252 0.689 0.377 0.117 0.909 0.125 0.383 0.298 0.201 0.881 0.010 0.133 0.255 0.973 0.349 0.846 0.528 0.604 0.503 0.685 0.699 0.484 0.393 0.856 0.848 0.926 0.660 0.236 0.706 0.997 0.235 0.568 0.605 0.866 0.529 0.204 0.116 0.285 0.088 0.735 0.033 0.503 0.799 0.528 0.083 0.582 0.609 0.164 0.525 0.523 0.060 0.361 0.823 0.593 0.196 0.883 0.618 0.785 0.354 0.453 0.061 0.168 0.534 0.222 0.904 0.091 0.316 0.399 0.078 0.905 0.618 0.193 0.643 0.801 0.600 0.071 0.033 0.524 0.084 0.586 0.257 0.908 0.116 0.738 0.039 0.862 0.265 0.375 0.198 0.688 0.909 0.525 0.530 0.908 0.516 0.434 0.727 0.484 0.552 0.921 0.005 0.108 0.042 0.040 0.616 0.455 0.566 0.880 0.886 0.532 0.435 0.064 0.815 0.122 0.178 0.562 0.220 0.918 0.093 0.769 0.512 0.591 0.533 0.820 0.281 0.356 0.437 0.655 0.663 0.720 0.508 0.805 0.124 0.715 0.720 0.193 0.146 0.293 0.549 0.862 0.561 0.502 0.795 0.733 0.526 0.262 0.053 0.392 0.925 0.082 0.457 0.089 0.170 0.220 0.854 0.965 0.063 0.261 0.567 0.447 0.052 0.290 0.844 0.434 0.503 0.896 0.067 0.569 0.654 0.404 0.566 0.152 0.800 0.828 0.735 0.752 0.676 0.659 0.669 0.974 0.246 0.130 0.642 0.718 0.729 0.801 0.050 0.203 0.913 0.133 0.051 0.215 0.748 0.290 0.332 0.543 0.101 0.766 0.292 0.203 0.283 0.527 0.888 0.091 0.515 0.014 0.127 0.756 0.310 0.908 0.973 0.053 0.165 0.450 0.585 0.516 0.389 0.184 0.400 0.441 0.098 0.169 0.241 0.368 0.902 0.909 0.501 0.156 0.442 0.639 0.761 0.773 0.775 0.089 0.362 0.054 0.621 0.922 0.093 0.439 0.503 0.513 0.870 0.650 0.900 0.171 0.235 0.498 0.209 0.748 0.522 0.764 0.118 0.566 0.518 0.090 0.878 0.004 0.631 0.530 0.318 0.624 0.596 0.866 0.485 0.446 0.946 0.751 0.041 0.689 0.458 0.253 0.882 0.181 0.649 0.134 0.349 0.575 0.699 0.244 0.354 0.572 0.523 0.990 0.583 0.553 0.699 0.071 0.759 0.347 0.802 0.048 0.615 0.510 0.832 0.566 0.910 0.656 0.380 0.967 0.623 0.457 0.031 0.143 0.510 0.993 0.852 0.402 0.780 0.786 0.866 0.999 0.348 0.602 0.012 0.095 0.670 0.837 0.986 0.270 0.566 0.139 0.364 0.858 0.044 0.818 0.535 0.533 0.676 0.795 0.597 0.555 0.548 0.131 0.133 0.249 0.998 0.092 0.540 0.786 0.345 0.560 0.074 0.549 0.202 0.242 0.346 0.041 0.569 0.388 0.089 0.183 0.191 0.350 0.504 0.757 0.903 0.942 0.698 0.235 0.581 0.291 0.661 0.188 0.297 0.535 0.532 0.093 0.518 0.495 0.501 0.989 0.498 0.016 0.542 0.054 0.426 0.144 0.457 0.276 0.749 0.500 0.409 0.384 0.062 0.977 0.798 0.717 0.054 0.479 0.933 0.557 0.902 0.983 0.541 0.719 1.000 0.564 0.741 0.910 0.850 0.546 0.016 0.545 0.585 0.246 0.266 0.526 0.042 0.509 0.157 0.245 0.940 0.273 0.570 0.661 0.458 0.421 0.529 0.793 0.998 0.740 0.822 0.553 0.728 0.243 0.546 0.194 0.254 0.404 0.691 0.742 0.853 0.023 0.848 0.553 0.515 0.120 0.576 0.104 0.476 0.220 0.587 0.116 0.129 0.011 0.077 0.002 0.654 0.392 0.672 0.244 0.956 0.534 0.240 0.937 0.217 0.226 0.021 0.201 0.894 0.556 0.534 0.556 0.300 0.564 0.994 0.617 0.106 0.977 0.621 0.774 0.533 0.766 0.834 0.914 0.040 0.851 0.132 0.516 0.242 0.588 0.733 0.259 0.619 0.671 0.577 0.418 0.036 0.960 0.550 0.107 0.542 0.848 0.087 0.563 0.615 0.406 0.021 0.142 0.141 0.395 0.376 0.534 0.509 0.824 0.460 0.028 0.850 0.463 0.538 0.200 0.025 0.599 0.927 0.314 0.055 0.077 0.071 0.687 0.645 0.737 0.516 0.386 0.996 0.684 0.879 0.213 0.526 0.559 0.467 0.012 0.109 0.066 0.920 0.672 0.677 0.095 0.990 0.007 0.131 0.547 0.547 0.894 0.111 0.134 0.565 0.791 0.910 0.800 0.409 0.972 0.799 0.593 0.006 0.822 0.510 0.346 0.117 0.595 0.468 0.751 0.170 0.714 0.168 0.710 0.460 0.571 0.008 0.502 0.616 0.804 0.915 0.194 0.388 0.524 0.503 0.406 0.228 0.428 0.803 0.798 0.052 0.754 0.694 0.203 0.098 0.863 0.494 0.196 0.058 0.009 0.324 0.053 0.916 0.427 0.690 0.538 0.653 0.522 0.384 0.263 0.806 0.383 0.386 0.709 0.875 0.484 0.937 0.063 0.263 0.482 0.523 0.526 0.573 0.543 0.962 0.100 0.229 0.558 0.403 0.238 0.218 0.176 0.109 0.999 0.718 0.713 0.460 0.055 0.609 0.377 0.821 0.072 0.217 0.797 0.724 0.392 0.846 0.819 0.736 0.329 0.329 0.577 0.655 0.017 0.242 0.563 0.555 0.757 0.773 0.287 0.990 0.099 0.598 0.228 0.537 0.716 0.770 0.148 0.518 0.910 0.085 0.741 0.384 0.890 0.062 0.248 0.432 0.430 0.443 0.846 0.171 0.476 0.432 0.487 0.884 0.506 0.800 0.577 0.650 0.790 0.503 0.072 0.885 0.403 0.923 0.833 0.339 0.763 0.044 0.712 0.568 0.913 0.448 0.353 0.794 0.231 0.245 0.515 0.789 0.601 0.226 0.108 0.737 0.598 0.623 0.966 0.732 0.661 0.327 0.478 0.855 0.994 0.046 0.816 0.269 0.460 0.807 0.925 0.690 0.245 0.968 0.225 0.318 0.537 0.038 0.609 0.158 0.381 0.012 0.078 0.213 0.716 0.143 0.158 0.511 0.071 0.025 0.620 0.853 0.540 0.591 0.989 0.860 0.748 0.085 0.675 0.556 0.846 0.829 0.654 0.217 0.190 0.219 0.037 0.165 0.368 0.974 0.650 0.004 0.954 0.772 0.724 0.177 0.830 0.241 0.141 0.247 0.641 0.607 0.141 0.729 0.558 0.193 0.972 0.716 0.718 0.126 0.017 0.505 0.050 0.487 0.542 0.348 0.579 0.409 0.108 0.872 0.586 0.788 0.296 0.721 0.232 0.141 0.253 0.299 0.534 0.996 0.186 0.100 0.088 0.206 0.622 0.319 0.572 0.892 0.170 0.803 0.010 0.057 0.110 0.736 0.851 0.520 0.269 0.717 0.383 0.268 0.631 0.859 0.861 0.598 0.958 0.832 0.645 0.176 0.299 0.479 0.119 0.320 0.916 0.836 0.160 0.813 0.386 0.222 0.643 0.831 0.059 0.957 0.899 0.601 0.495 0.793 0.524 0.676 0.714 0.892 0.660 0.305 0.458 0.353 0.103 0.898 0.638 0.854 0.263 0.319 0.304 0.034 0.096 0.009 0.465 0.062 0.374 0.990 0.281 0.913 0.681 0.151 0.265 0.143 0.969 0.515 0.986 0.070 0.503 0.080 0.359 0.196 0.165 0.697 0.695 0.165 0.042 0.417 0.371 0.556 0.034 0.985 0.446 0.263 0.050 0.711 0.662 0.031 0.042 0.212 0.581 0.119 0.306 0.161 0.266 0.278 0.217 0.344 0.558 0.322 0.960 0.310 0.309 0.974 0.479 0.735 0.141 0.887 0.518 0.156 0.269 0.757 0.840 0.094 0.587 0.581 0.189 0.652 0.437 0.056 0.110 0.052 0.780 0.830 0.631 0.683 0.045 0.955 0.716 0.903 0.683 0.283 0.143 0.506 0.613 0.543 0.940 0.867 0.308 0.331 0.172 0.563 0.091 0.790 0.107 0.202 0.482 0.702 0.005 0.277 0.611 0.624 0.917 0.700 0.829 0.674 0.793 0.010 0.786 0.958 0.615 0.628 0.137 0.084 0.364 0.716 0.137 0.508 0.229 0.426 0.800 0.798 0.170 0.482 0.113 0.477 0.394 0.371 0.672 0.781 0.360 0.217 0.916 0.807 0.662 0.697 0.565 0.601 0.323 0.684 0.061 0.736 0.740 0.693 0.467 0.614 0.552 0.260 0.357 0.662 0.267 0.850 0.915 0.765 0.376 0.569 0.425 0.518 0.817 0.522 0.952 0.469 0.757 0.910 0.823 0.762 0.784 0.838 0.459 0.565 0.374 0.453 0.494 0.005 0.821 0.899 0.940 0.366 0.489 0.100 0.388 0.170 0.988 0.845 0.145 0.130 0.776 0.141 0.035 0.628 0.585 0.213 0.038 0.975 0.678 0.700 0.739 0.138 0.895 0.532 0.979 0.013 0.846 0.686 0.855 0.424 0.748 0.898 0.126 0.724 0.369 0.597 0.368 0.865 0.161 0.149 0.175 0.640 0.496 0.629 0.434 0.730 0.785 0.222 0.672 0.951 0.204 0.577 0.809 0.833 0.129 0.679 0.502 0.080 0.782 0.295 0.538 0.755 0.889 0.743 0.793 0.330 0.085 0.727 0.785 0.999 0.517 0.860 0.305 0.790 0.958 0.070 0.379 0.467 0.359 0.984 0.844 0.267 0.031 0.651 0.660 0.204 0.887 0.637 0.925 0.896 0.790 0.843 0.071 0.331 0.203 0.546 0.213 0.991 0.056 0.194 0.727 0.898 0.700 0.666 0.661 0.256 0.739 0.797 0.423 0.852 0.687 0.257 0.134 0.967 0.522 0.896 0.800 0.706 0.886 0.593 0.598 0.872 0.898 0.188 0.433 0.770 0.087 0.384 0.731 0.294 0.129 0.494 0.547 0.072 0.592 0.640 0.219 0.912 0.797 0.997 0.833 0.427 0.592 0.006 0.078 0.823 0.668 0.788 0.098 0.476 0.534 0.114 0.158 0.723 0.354 0.511 0.646 0.693 0.568 0.940 0.851 0.968 0.090 0.683 0.464 0.115 0.979 0.974 0.252 0.272 0.263 0.984 0.198 0.564 0.948 0.401 0.967 0.461 0.022 0.819 0.652 0.151 0.898 0.560 0.499 0.757 0.661 0.058 0.581 0.889 0.852 0.648 0.056 0.666 0.719 0.094 0.663 0.648 0.316 0.457 0.208 0.336 0.625 0.983 0.906 0.202 0.515 0.526 0.232 0.967 0.371 0.705 0.306 0.318 0.025 0.137 0.646 0.047 0.093 0.516 0.747 0.630 0.377 0.346 0.945 0.959 0.462 0.087 0.922 0.013 0.068 0.128 0.849 0.894 0.664 0.847 0.459 0.167 0.798 0.415 0.987 0.010 0.338 0.030 0.398 0.313 0.055 0.548 0.559 0.046 0.511 0.775 0.337 0.952 0.676 0.209 0.536 0.998 0.183 0.850 0.955 0.029 0.152 0.428 0.826 0.634 0.820 0.179 0.523 0.951 0.166 0.392 0.534 0.602 0.079 0.162 0.872 0.755 0.230 0.102 0.340 0.770 0.515 0.605 0.532 0.897 0.097 0.074 0.581 0.422 0.039 0.343 0.228 0.387 0.489 0.886 0.029 0.339 0.962 0.720 0.315 0.121 0.326 0.678 0.330 0.203 0.638 0.791 0.699 0.286 0.642 0.568 0.364 0.012 0.198 0.621 0.808 0.786 0.600 0.762 0.553 0.957 0.385 0.559 0.525 0.227 0.626 0.681 0.600 0.943 0.893 0.218 0.276 0.434 0.491 0.732 0.749 0.112 0.351 0.600 0.661 0.867 0.945 0.515 0.980 0.887 0.954 0.763 0.626 0.050 0.923 0.213 0.103 0.075 0.125 0.238 0.517 0.229 0.334 0.916 0.443 0.012 0.957 0.453 0.386 0.382 0.921 0.744 0.165 0.915 0.822 0.458 0.238 0.073 0.199 0.846 0.333 0.608 0.555 0.578 0.617 0.621 0.968 0.666 0.764 0.703 0.673 0.203 0.380 0.643 0.889 0.342 0.881 0.358 0.856 0.934 0.828 0.377 0.811 0.027 0.210 0.721 0.578 0.730 0.558 0.128 0.028 0.576 0.122 0.981 0.343 0.556 0.963 0.598 0.395 0.656 0.425 0.923 0.913 0.023 0.134 0.239 0.696 0.776 0.203 0.937 0.069 0.381 0.217 0.491 0.419 0.521 0.524 0.671 0.564 0.969 0.229 0.202 0.390 0.623 0.626 0.896 0.964 0.428 0.545 0.425 0.094 0.633 0.443 0.508 0.319 0.139 0.791 0.991 0.318 0.348 0.065 0.709 0.220 0.098 0.775 0.607 0.905 0.177 0.547 0.029 0.512 0.254 0.037 0.869 0.093 0.030 0.984 0.636 0.042 0.306 0.057 0.668 0.138 0.736 0.560 0.653 0.851 0.223 0.806 0.092 0.730 0.145 0.348 0.693 0.140 0.198 0.696 0.589 0.739 0.596 0.864 0.129 0.617 0.965 0.515 0.344 0.064 0.275 0.617 0.824 0.558 0.033 0.741 0.315 0.461 0.516 0.067 0.894 0.293 0.366 0.406 0.285 0.534 0.634 0.890 0.299 0.029 0.632 0.293 0.895 0.185 0.981 0.016 0.876 0.133 0.164 0.952 0.526 0.510 0.754 0.529 0.913 0.217 0.922 0.356 0.916 0.770 0.272 0.852 0.403 0.148 0.224 0.424 0.377 0.681 0.342 0.674 0.579 0.852 0.685 0.069 0.087 0.506 0.689 0.892 0.542 0.692 0.916 0.072 0.785 0.474 0.664 0.034 0.398 0.732 0.641 0.980 0.632 0.821 0.110 0.750 0.272 0.541 0.051 0.371 0.556 0.495 0.685 0.089 0.050 0.738 0.359 0.404 0.998 0.027 0.588 0.608 0.439 0.107 0.486 0.624 0.987 0.581 0.754 0.265 0.272 0.473 0.825 0.451 0.608 0.869 0.208 0.193 0.874 0.030 0.852 0.262 0.843 0.886 0.922 0.303 0.781 0.277 0.966 0.065 0.449 0.963 0.106 0.571 0.183 0.818 0.712 0.901 0.393 0.381 0.543 0.968 0.115 0.515 0.812 0.710 0.676 0.817 0.987 0.532 0.764 0.406 0.965 0.841 0.477 0.452 0.471 0.869 0.570 0.084 0.795 0.813 0.829 0.779 0.650 0.841 0.824 0.778 0.663 0.889 0.004 0.496 0.090 0.615 0.564 0.941 0.951 0.424 0.018 0.343 0.239 0.560 0.991 0.742 0.578 0.561 0.802 0.113 0.461 0.598 0.020 0.246 0.172 0.616 0.609 0.795 0.223 0.599 0.326 0.733 0.823 0.062 0.626 0.109 0.672 0.903 0.046 0.702 0.730 0.529 0.312 0.375 0.680 0.997 0.152 0.706 0.296 0.820 0.615 0.825 0.389 0.138 0.292 0.915 0.362 0.128 0.531 0.209 0.370 0.020 0.501 0.432 0.155 0.449 0.493 0.943 0.824 0.606 0.988 0.431 0.313 0.515 0.258 0.291 0.255 0.796 0.699 0.058 0.467 0.843 0.753 0.914 0.788 0.240 0.913 0.745 0.526 0.927 0.544 0.861 0.431 0.783 0.320 0.114 0.568 0.464 0.986 0.331 0.797 0.777 0.544 0.988 0.701 0.029 0.509 0.960 0.459 0.889 0.537 0.928 0.251 0.446 0.290 0.501 0.241 0.452 0.750 0.317 0.128 0.183 0.509 0.718 0.292 0.885 0.379 0.653 0.256 0.866 0.526 0.532 0.516 0.438 0.562 0.933 0.278 0.383 0.321 0.018 0.005 0.449 0.865 0.239 0.935 0.528 0.125 0.190 0.364 0.134 0.914 0.943 0.907 0.591 0.376 0.272 0.671 0.364 0.327 0.565 0.877 0.799 0.825 0.010 0.361 0.026 0.296 0.334 0.863 0.835 0.346 0.918 0.815 0.904 0.330 0.289 0.643 0.981 0.982 0.523 0.590 0.199 0.510 0.738 0.478 0.199 0.517 0.211 0.776 0.551 0.281 0.668 0.528 0.400 0.058 0.521 0.722 0.820 0.747 0.814 0.811 0.085 0.872 0.238 0.605 0.906 0.247 0.665 0.875 0.603 0.377 0.811 0.733 0.952 0.838 0.261 0.972 0.416 0.855 0.362 0.479 0.468 0.111 0.226 0.432 0.457 0.866 0.593 0.406 0.978 0.508 0.559 0.653 0.880 0.359 0.942 0.927 0.235 0.089 0.962 0.850 0.842 0.041 0.982 0.460 0.887 0.891 0.638 0.313 0.754 0.301 0.301 0.312 0.619 0.865 0.819 0.692 0.235 0.048 0.905 0.039 0.180 0.516 0.952 0.750 0.220 0.738 0.201 0.718 0.744 0.124 0.647 0.533 0.617 0.291 0.690 0.728 0.369 0.511 0.999 0.206 0.268 0.831 0.506 0.537 0.178 0.638 0.716 0.898 0.922 0.658 0.487 0.152 0.055 0.329 0.484 0.231 0.161 0.424 0.247 0.099 0.374 0.237 0.175 0.714 0.963 0.826 0.469 0.726 0.691 0.074 0.059 0.503 0.901 0.056 0.536 0.644 0.063 0.223 0.815 0.188 0.518 0.900 0.231 0.203 0.583 0.679 0.574 0.375 0.422 0.346 0.123 0.427 0.985 0.420 0.915 0.138 0.283 0.980 0.840 0.848 0.095 0.979 0.277 0.886 0.574 0.445 0.825 0.548 0.874 0.144 0.985 0.675 0.600 0.698 0.975 0.308 0.114 0.968 0.510 0.526 0.921 0.900 0.413 0.935 0.613 0.823 0.002 0.197 0.722 0.860 0.376 0.821 0.689 0.526 0.125 0.543 0.673 0.962 0.654 0.819 0.976 0.834 0.197 0.243 0.052 0.581 0.135 0.227 0.080 0.519 0.669 0.463 0.615 0.006 0.555 0.964 0.963 0.811 0.657 0.437 0.322 0.173 0.057 0.529 0.643 0.256 0.672 0.105 0.494 0.145 0.326 0.817 0.053 0.372 0.539 0.086 0.237 0.698 0.952 0.501 0.888 0.380 0.614 0.288 0.248 0.663 0.038 0.516 0.313 0.803 0.984 0.936 0.570 0.889 0.903 0.381 0.325 0.557 0.516 0.462 0.484 0.694 0.858 0.929 0.019 0.611 0.774 0.744 0.786 0.568 0.638 0.182 0.872 0.023 0.756 0.957 0.862 0.912 0.417 0.320 0.127 0.429 0.716 0.447 0.314 0.131 0.957 0.271 0.457 0.055 0.766 0.252 0.030 0.701 0.234 0.760 0.048 0.759 0.611 0.410 0.728 0.900 0.639 0.638 0.964 0.772 0.340 0.697 0.879 0.805 0.763 0.174 0.627 0.369 0.184 0.540 0.177 0.803 0.501 0.166 0.177 0.900 0.232 0.861 0.936 0.588 0.433 0.570 0.000 0.040 0.800 0.232 0.720 0.111 0.031 0.796 0.507 0.573 0.520 0.454 0.903 0.605 0.991 0.899 0.299 0.708 0.570 0.326 0.757 0.398 0.343 0.802 0.894 0.853 0.880 0.868 0.670 0.851 0.109 0.618 0.331 0.151 0.039 0.993 0.116 0.885 0.544 0.274 0.953 0.505 0.268 0.673 0.901 0.793 0.423 0.999 0.686 0.202 0.282 0.593 0.227 0.988 0.004 0.428 0.063 0.286 0.906 0.868 0.275 0.933 0.940 0.096 0.464 0.201 0.736 0.797 0.316 0.837 0.193 0.775 0.150 0.808 0.397 0.839 0.003 0.784 0.698 0.803 0.269 0.429 0.348 0.548 0.145 0.561 0.111 0.374 0.632 0.036 0.201 0.726 0.851 0.532 0.031 0.417 0.035 0.994 0.144 0.564 0.458 0.737 0.544 0.102 0.605 0.413 0.062 0.224 0.131 0.527 0.331 0.765 0.909 0.829 0.678 0.097 0.128 0.872 0.503 0.965 0.321 0.506 0.197 0.758 0.747 0.253 0.061 0.302 0.852 0.239 0.719 0.072 0.762 0.375 0.814 0.436 0.539 0.542 0.582 0.562 0.215 0.409 0.348 0.970 0.457 0.409 0.652 0.227 0.837 0.444 0.667 0.496 0.663 0.570 0.585 0.231 0.025 0.602 0.719 0.543 0.890 0.505 0.864 0.373 0.936 0.790 0.650 0.296 0.188 0.469 0.366 0.076 0.841 0.898 0.882 0.351 0.060 0.830 0.224 0.559 0.312 0.899 0.537 0.704 0.107 0.062 0.762 0.408 0.318 0.052 0.849 0.294 0.579 0.792 0.869 0.211 0.928 0.797 0.756 0.512 0.502 0.807 0.792 0.940 0.021 0.047 0.153 0.615 0.954 0.513 0.546 0.547 0.275 0.161 0.409 0.960 0.614 0.742 0.257 0.868 0.520 0.080 0.750 0.017 0.531 0.205 0.917 0.853 0.292 0.602 0.397 0.449 0.016 0.727 0.540 0.513 0.230 0.293 0.980 0.683 0.181 0.448 0.465 0.053 0.567 0.235 0.268 0.663 0.561 0.612 0.352 0.014 0.909 0.618 0.728 0.563 0.000 0.240 0.222 0.943 0.098 0.526 0.054 0.647 0.513 0.875 0.096 0.437 0.123 0.394 0.295 0.851 0.535 0.821 0.103 0.283 0.421 0.727 0.653 0.962 0.992 0.854 0.428 0.299 0.857 0.501 0.099 0.099 0.315 0.491 0.274 0.518 0.657 0.767 0.515 0.647 0.091 0.906 0.007 0.138 0.732 0.973 0.089 0.553 0.561 0.935 0.696 0.420 0.276 0.741 0.284 0.770 0.918 0.170 0.639 0.397 0.103 0.555 0.908 0.846 0.723 0.455 0.518 0.299 0.321 0.452 0.091 0.427 0.109 0.363 0.921 0.826 0.622 0.624 0.623 0.764 0.722 0.276 0.034 0.494 0.826 0.513 0.740 0.021 0.987 0.639 0.933 0.552 0.893 0.002 0.459 0.485 0.295 0.121 0.755 0.700 0.906 0.295 0.816 0.385 0.847 0.790 0.693 0.454 0.540 0.985 0.687 0.080 0.158 0.909 0.611 0.209 0.638 0.887 0.203 0.321 0.892 0.639 0.649 0.570 0.961 0.379 0.277 0.176 0.428 0.220 0.641 0.201 0.329 0.301 0.153 0.983 0.870 0.756 0.660 0.689 0.332 0.334 0.187 0.698 0.959 0.191 0.575 0.574 0.533 0.497 0.921 0.704 0.950 0.965 0.767 0.128 0.230 0.087 0.541 0.741 0.171 0.599 0.624 0.458 0.279 0.517 0.978 0.115 0.790 0.886 0.344 0.711 0.588 0.687 0.631 0.322 0.367 0.582 0.731 0.571 0.760 0.477 0.525 0.517 0.700 0.507 0.435 0.205 0.905 0.556 0.702 0.192 0.948 0.477 0.580 0.067 0.668 0.506 0.932 0.388 0.805 0.160 0.174 0.481 0.708 0.898 0.417 0.119 0.618 0.686 0.353 0.130 0.693 0.369 0.082 0.095 0.069 0.270 0.727 0.581 0.892 0.518 0.815 0.332 0.762 0.515 0.878 0.835 0.481 0.990 0.795 0.653 0.006 0.628 0.173 0.422 0.945 0.212 0.753 0.681 0.718 0.719 0.754 0.178 0.409 0.657 0.698 0.633 0.034 0.477 0.866 0.052 0.277 0.767 0.598 0.016 0.253 0.926 0.312 0.351 0.066 0.684 0.542 0.254 0.679 0.342 0.403 0.995 0.738 0.430 0.937 0.892 0.059 0.090 0.135 0.354 0.974 0.074 0.819 0.938 0.399 0.227 0.151 0.572 0.564 0.417 0.227 0.153 0.256 0.917 0.425 0.476 0.251 0.067 0.396 0.309 0.922 0.625 0.483 0.746 0.832 0.796 0.718 0.035 0.039 0.047 0.043 0.490 0.281 0.343 0.644 0.113 0.042 0.504 0.820 0.682 0.126 0.060 0.934 0.862 0.249 0.934 0.951 0.823 0.445 0.036 0.925 0.459 0.588 0.836 0.577 0.370 0.464 0.572 0.497 0.472 0.713 0.846 0.951 0.702 0.414 0.934 0.453 0.194 0.686 0.219 0.490 0.823 0.072 0.899 0.899 0.173 0.606 0.756 0.118 0.588 0.645 0.878 0.321 0.626 0.470 0.048 0.613 0.972 0.163 0.269 0.099 0.040 0.883 0.014 0.049 0.898 0.947 0.686 0.772 0.306 0.645 0.438 0.080 0.105 0.775 0.871 0.704 0.155 0.256 0.563 0.339 0.406 0.465 0.862 0.116 0.855 0.614 0.565 0.591 0.855 0.624 0.382 0.847 0.559 0.495 0.272 0.594 0.623 0.118 0.074 0.746 0.857 0.863 0.402 0.506 0.168 0.902 0.268 0.938 0.894 0.856 0.212 0.006 0.636 0.494 0.295 0.414 0.025 0.204 0.482 0.433 0.694 0.973 0.182 0.512 0.387 0.548 0.131 0.922 0.589 0.900 0.638 0.552 0.099 0.173 0.527 0.322 0.799 0.853 0.790 0.648 0.853 0.949 0.203 0.282 0.496 0.069 0.965 0.930 0.631 0.686 0.048 0.113 0.908 0.001 0.855 0.020 0.574 0.092 0.742 0.458 0.764 0.148 0.566 0.078 0.759 0.299 0.854 0.646 0.336 0.745 0.362 0.513 0.803 0.429 0.091 0.191 0.808 0.093 0.505 0.957 0.418 0.847 0.127 0.354 0.506 0.495 0.406 0.695 0.674 0.816 0.852 0.962 0.687 0.577 0.171 0.103 0.424 0.808 0.683 0.677 0.789 0.924 0.532 0.236 0.476 0.812 0.852 0.430 0.141 0.601 0.677 0.921 0.562 0.367 0.293 0.392 0.919 0.958 0.157 0.643 0.219 0.501 0.590 0.651 0.582 0.686 0.970 0.991 0.432 0.360 0.877 0.306 0.959 0.014 0.999 0.910 0.903 0.803 0.731 0.775 0.913 0.232 0.375 0.853 0.408 0.297 0.021 0.068 0.972 0.230 0.537 0.670 0.905 0.878 0.721 0.837 0.722 0.322 0.388 0.581 0.337 0.703 0.857 0.224 0.134 0.647 0.763 0.753 0.912 0.977 0.648 0.448 0.172 0.165 0.261 0.789 0.542 0.522 0.508 0.930 0.659 0.634 0.951 0.737 0.897 0.140 0.512 0.840 0.436 0.388 0.571 0.343 0.888 0.049 0.439 0.353 0.428 0.575 0.112 0.849 0.623 0.567 0.693 0.300 0.606 0.752 0.591 0.131 0.168 0.009 0.715 0.829 0.730 0.857 0.559 0.813 0.538 0.994 0.718 0.231 0.286 0.761 0.747 0.849 0.858 0.456 0.254 0.886 0.187 0.035 0.361 0.174 0.191 0.008 0.988 0.525 0.563 0.239 0.087 0.906 0.160 0.548 0.741 0.844 0.129 0.196 0.756 0.234 0.911 0.824 0.729 0.428 0.942 0.258 0.235 0.518 0.060 0.451 0.342 0.880 0.526 0.643 0.850 0.244 0.827 0.218 0.733 0.450 0.035 0.696 0.866 0.564 0.431 0.921 0.653 0.413 0.677 0.006 0.727 0.972 0.557 0.346 0.284 0.759 0.739 0.891 0.571 0.408 0.483 0.647 0.872 0.814 0.028 0.756 0.109 0.259 0.100 0.804 0.905 0.858 0.146 0.451 0.095 0.023 0.568 0.590 0.369 0.419 0.954 0.742 0.579 0.154 0.107 0.520 0.541 0.193 0.541 0.519 0.941 0.548 0.778 0.257 0.678 
ofv: -19977115.000000
Best time: 50.004
Total time:50.014 


Instance: ../Instances/KP/00Uncorrelated/n10000/kp015.txt
RKO: SA | ILS | VNS | BRKGA | BRKGA-CS | PSO | GA | LNS | GRASP | IPR | 
Sol: 0.860 0.475 0.697 0.294 0.569 0.405 0.865 0.907 0.922 0.952 0.460 0.284 0.576 0.203 0.430 0.283 0.559 0.679 0.766 0.136 0.563 0.856 0.030 0.919 0.052 0.387 0.723 0.334 0.639 0.991 0.770 0.286 0.897 0.562 0.240 0.621 0.155 0.334 0.470 0.927 0.509 0.752 0.478 0.593 0.817 0.045 0.335 0.147 0.983 0.635 0.967 0.021 0.991 0.068 0.883 0.252 0.474 0.489 0.683 0.305 0.864 0.155 0.470 0.171 0.868 0.798 0.973 0.053 0.506 0.059 0.879 0.949 0.920 0.169 0.316 0.564 0.901 0.168 0.779 0.659 0.947 0.217 0.188 0.541 0.334 0.538 0.752 0.657 0.593 0.011 0.132 0.418 0.226 0.514 0.586 0.016 0.693 0.861 0.026 0.225 0.781 0.668 0.758 0.671 0.361 0.614 0.436 0.621 0.085 0.025 0.214 0.708 0.164 0.716 0.648 0.441 0.111 0.888 0.591 0.390 0.482 0.427 0.882 0.779 0.017 0.933 0.711 0.497 0.546 0.283 0.191 0.381 0.652 0.744 0.861 0.762 0.183 0.781 0.474 0.988 0.393 0.783 0.854 0.996 0.530 0.171 0.866 0.118 0.400 0.518 0.963 0.061 0.530 0.781 0.294 0.735 0.945 0.388 0.621 0.994 0.949 0.481 0.349 0.097 0.471 0.792 0.321 0.600 0.650 0.535 0.414 0.911 0.190 0.617 0.926 0.903 0.913 0.976 0.290 0.054 0.548 0.466 0.391 0.822 0.836 0.105 0.984 0.480 0.644 0.225 0.903 0.785 0.454 0.427 0.796 0.850 0.100 0.864 0.048 0.023 0.651 0.066 0.685 0.500 0.702 0.278 0.001 0.418 0.922 0.749 0.228 0.528 0.054 0.541 0.904 0.128 0.835 0.499 0.459 0.732 0.882 0.194 0.020 0.346 0.633 0.159 0.826 0.589 0.998 0.417 0.819 0.092 0.487 0.760 0.642 0.191 0.786 0.825 0.409 0.868 0.587 0.424 0.242 0.073 0.381 0.511 0.784 0.969 0.788 0.067 0.209 0.916 0.856 0.858 0.903 0.904 0.326 0.780 0.744 0.620 0.124 0.267 0.978 0.460 0.565 0.102 0.177 0.063 0.843 0.137 0.513 0.420 0.556 0.952 0.408 0.213 0.053 0.312 0.017 0.129 0.684 0.740 0.309 0.206 0.871 0.941 0.591 0.687 0.863 0.755 0.725 0.564 0.809 0.210 0.797 0.132 0.102 0.170 0.886 0.854 0.453 0.199 0.392 0.930 0.637 0.159 0.496 0.912 0.519 0.825 0.548 0.548 0.004 0.565 0.243 0.470 0.804 0.127 0.389 0.670 0.816 0.421 0.329 0.122 0.973 0.040 0.419 0.299 0.614 0.757 0.590 0.388 0.733 0.292 0.634 0.777 0.122 0.917 0.754 0.893 0.169 0.460 0.834 0.732 0.986 0.827 0.812 0.645 0.488 0.228 0.864 0.479 0.666 0.823 0.456 0.969 0.728 0.559 0.497 0.102 0.179 0.750 0.122 0.284 0.578 0.209 0.524 0.717 0.270 0.764 0.591 0.661 0.633 0.585 0.011 0.672 0.993 0.367 0.441 0.303 0.225 0.678 0.791 0.086 0.446 0.707 0.080 0.515 0.720 0.509 0.640 0.871 0.181 0.152 0.396 0.299 0.639 0.072 0.892 0.610 0.438 0.627 0.556 0.940 0.251 0.142 0.972 0.892 0.691 0.751 0.519 0.657 0.021 0.377 0.015 0.592 0.038 0.327 0.387 0.794 0.008 0.291 0.018 0.242 0.881 0.822 0.623 0.622 0.086 0.596 0.796 0.520 0.410 0.687 0.799 0.525 0.220 0.280 0.716 0.814 0.214 0.716 0.836 0.469 0.565 0.936 0.319 0.758 0.302 0.349 0.212 0.907 0.775 0.289 0.205 0.162 0.140 0.911 0.924 0.126 0.906 0.287 0.700 0.364 0.724 0.883 0.705 0.133 0.778 0.215 0.203 0.713 0.002 0.873 0.036 0.419 0.628 0.574 0.626 0.416 0.343 0.615 0.677 0.582 0.185 0.527 0.518 0.654 0.716 0.831 0.883 0.098 0.844 0.549 0.892 0.388 0.831 0.615 0.724 0.712 0.659 0.346 0.154 0.461 0.757 0.529 0.286 0.976 0.501 0.090 0.868 0.736 0.781 0.624 0.133 0.812 0.346 0.447 0.336 0.782 0.380 0.879 0.616 0.066 0.032 0.981 0.339 0.938 0.095 0.813 0.851 0.391 0.115 0.854 0.347 0.940 0.622 0.403 0.216 0.854 0.478 0.603 0.476 0.644 0.085 0.731 0.638 0.647 0.277 0.290 0.365 0.532 0.360 0.212 0.387 0.086 0.308 0.449 0.779 0.827 0.825 0.417 0.817 0.462 0.684 0.974 0.871 0.770 0.548 0.229 0.082 0.292 0.697 0.274 0.510 0.163 0.430 0.804 0.744 0.199 0.871 0.145 0.556 0.376 0.291 0.583 0.674 0.956 0.825 0.119 0.110 0.144 0.714 0.990 0.618 0.420 0.812 0.392 0.409 0.845 0.965 0.645 0.581 0.684 0.840 0.362 0.024 0.651 0.415 0.856 0.022 0.639 0.698 0.525 0.215 0.644 0.059 0.249 0.963 0.983 0.425 0.567 0.115 0.849 0.751 0.183 0.302 0.456 0.466 0.575 0.426 0.228 0.809 0.010 0.645 0.911 0.891 0.685 0.191 0.161 0.527 0.170 0.511 0.708 0.787 0.103 0.961 0.440 0.806 0.029 0.282 0.627 0.714 0.572 0.407 0.765 0.900 0.965 0.617 0.237 0.279 0.283 0.182 0.865 0.665 0.830 0.760 0.099 0.216 0.798 0.802 0.513 0.148 0.645 0.010 0.979 0.613 0.662 0.717 0.029 0.624 0.534 0.166 0.035 0.430 0.501 0.661 0.506 0.076 0.571 0.137 0.398 0.147 0.288 0.649 0.467 0.660 0.942 0.175 0.535 0.370 0.400 0.847 0.907 0.568 0.396 0.034 0.551 0.780 0.818 0.594 0.096 0.013 0.077 0.720 0.036 0.758 0.701 0.330 0.943 0.221 0.955 0.927 0.270 0.116 0.287 0.466 0.995 0.468 0.025 0.304 0.856 0.229 0.774 0.309 0.030 0.290 0.365 0.181 0.171 0.612 0.609 0.466 0.539 0.499 0.512 0.410 0.305 0.114 0.615 0.795 0.983 0.500 0.579 0.332 0.648 0.706 0.025 0.573 0.514 0.585 0.378 0.235 0.520 0.737 0.914 0.925 0.165 0.786 0.478 0.607 0.748 0.720 0.705 0.753 0.868 0.717 0.480 0.165 0.902 0.157 0.657 0.430 0.884 0.220 0.072 0.846 0.350 0.680 0.266 0.629 0.037 0.590 0.576 0.314 0.605 0.531 0.452 0.272 0.685 0.817 0.954 0.520 0.855 0.147 0.520 0.962 0.602 0.516 0.484 0.573 0.582 0.456 0.367 0.625 0.192 0.359 0.870 0.979 0.497 0.017 0.265 0.652 0.585 0.917 0.494 0.735 0.234 0.956 0.914 0.815 0.278 0.269 0.631 0.470 0.360 0.132 0.201 0.658 0.739 0.735 0.172 0.712 0.534 0.560 0.301 0.079 0.294 0.285 0.769 0.362 0.345 0.644 0.174 0.438 0.390 0.124 0.494 0.714 0.333 0.627 0.367 0.648 0.428 0.688 0.267 0.153 0.922 0.005 0.842 0.818 0.568 0.996 0.915 0.406 0.730 0.881 0.299 0.478 0.922 0.676 0.517 0.379 0.119 0.286 0.773 0.801 0.175 0.608 0.681 0.431 0.873 0.244 0.189 0.761 0.067 0.734 0.583 0.847 0.608 0.847 0.049 0.992 0.335 0.548 0.859 0.734 0.784 0.055 0.518 0.365 0.489 0.264 0.998 0.750 0.536 0.478 0.111 0.767 0.955 0.291 0.508 0.549 0.376 0.628 0.157 0.342 0.883 0.944 0.088 0.712 0.214 0.425 0.248 0.167 0.607 0.445 0.548 0.584 0.069 0.769 0.196 0.428 0.546 0.131 0.487 0.470 0.072 0.367 0.979 0.340 0.731 0.268 0.217 0.219 0.531 0.826 0.842 0.992 0.134 0.025 0.412 0.612 0.514 0.245 0.699 0.605 0.997 0.853 0.668 0.579 0.983 0.561 0.109 0.829 0.815 0.960 0.539 0.587 0.990 0.952 0.865 0.619 0.390 0.732 0.895 0.886 0.872 0.477 0.787 0.699 0.297 0.812 0.948 0.855 0.830 0.002 0.274 0.479 0.796 0.401 0.823 0.631 0.991 0.895 0.191 0.551 0.742 0.558 0.677 0.215 0.674 0.460 0.909 0.537 0.667 0.750 0.006 0.501 0.870 0.693 0.414 0.712 0.673 0.004 0.280 0.912 0.994 0.384 0.538 0.723 0.114 0.667 0.400 0.167 0.462 0.499 0.276 0.789 0.065 0.397 0.475 0.872 0.683 0.090 0.909 0.609 0.919 0.710 0.943 0.146 0.677 0.257 0.929 0.078 0.827 0.303 0.027 0.003 0.377 0.070 0.416 0.036 0.134 0.581 0.755 0.560 0.692 0.255 0.629 0.213 0.419 0.687 0.561 0.439 0.052 0.069 0.824 0.322 0.154 0.435 0.465 0.522 0.591 0.627 0.965 0.209 0.685 0.685 0.405 0.509 0.629 0.827 0.424 0.667 0.642 0.983 0.487 0.078 0.874 0.140 0.139 0.279 0.955 0.552 0.953 0.700 0.964 0.632 0.535 0.937 0.953 0.103 0.448 0.514 0.867 0.577 0.968 0.408 0.049 0.638 0.087 0.034 0.220 0.830 0.672 0.291 0.712 0.919 0.771 0.380 0.665 0.908 0.025 0.846 0.495 0.226 0.412 0.638 0.569 0.011 0.167 0.290 0.830 0.786 0.803 0.707 0.341 0.898 0.364 0.765 0.751 0.674 0.560 0.234 0.589 0.578 0.145 0.467 0.175 0.019 0.414 0.040 0.390 0.046 0.343 0.200 0.572 0.512 0.648 0.124 0.368 0.480 0.518 0.430 0.125 0.057 0.344 0.089 0.190 0.538 0.657 0.028 0.379 0.654 0.908 0.140 0.173 0.190 0.282 0.823 0.061 0.731 0.590 0.388 0.796 0.199 0.004 0.432 0.399 0.479 0.348 0.092 0.847 0.685 0.115 0.229 0.995 0.658 0.879 0.326 0.400 0.462 0.036 0.373 0.214 0.076 0.493 0.238 0.298 0.258 0.206 0.304 0.463 0.218 0.958 0.954 0.124 0.435 0.806 0.763 0.122 0.662 0.656 0.514 0.947 0.236 0.903 0.376 0.989 0.235 0.542 0.632 0.779 0.679 0.214 0.180 0.257 0.492 0.715 0.092 0.928 0.002 0.225 0.612 0.674 0.410 0.573 0.407 0.812 0.083 0.182 0.186 0.886 0.708 0.473 0.156 0.520 0.512 0.834 0.785 0.879 0.901 0.960 0.292 0.354 0.897 0.207 0.886 0.883 0.478 0.525 0.374 0.017 0.019 0.325 0.587 0.073 0.733 0.693 0.492 0.778 0.985 0.874 0.954 0.319 0.782 0.084 0.664 0.092 0.301 0.783 0.697 0.998 0.289 0.396 0.437 0.699 0.350 0.082 0.647 0.404 0.821 0.918 0.765 0.787 0.384 0.781 0.697 0.618 0.777 0.042 0.527 0.678 0.435 0.092 0.512 0.771 0.873 0.967 0.859 0.119 0.945 0.810 0.706 0.760 0.647 0.131 0.700 0.993 0.155 0.443 0.828 0.070 0.435 0.299 0.338 0.898 0.738 0.947 0.128 0.974 0.140 0.962 0.958 0.753 0.540 0.449 0.518 0.788 0.415 0.928 0.448 0.688 0.798 0.827 0.206 0.008 0.335 0.872 0.515 0.945 0.416 0.852 0.648 0.180 0.781 0.258 0.354 0.629 0.309 0.364 0.592 0.786 0.876 0.568 0.935 0.994 0.666 0.863 0.682 0.980 0.515 0.124 0.805 0.632 0.871 0.454 0.756 0.396 0.898 0.058 0.041 0.332 0.127 0.765 0.459 0.142 0.784 0.664 0.277 0.063 0.190 0.203 0.448 0.110 0.114 0.740 0.993 0.837 0.263 0.286 0.507 0.160 0.644 0.661 0.578 0.632 0.149 0.430 0.001 0.579 0.219 0.178 0.163 0.380 0.697 0.126 0.302 0.913 0.512 0.230 0.608 0.571 0.428 0.181 0.127 0.965 0.299 0.575 0.484 0.778 0.098 0.315 0.184 0.036 0.046 0.878 0.733 0.021 0.732 0.765 0.940 0.247 0.769 0.778 0.778 0.942 0.963 0.263 0.574 0.792 0.841 0.019 0.381 0.087 0.511 0.701 0.260 0.323 0.586 0.860 0.801 0.373 0.537 0.712 0.017 0.113 0.150 0.450 0.703 0.809 0.838 0.139 0.282 0.363 0.610 0.677 0.151 0.153 0.996 0.581 0.092 0.156 0.820 0.075 0.428 0.260 0.981 0.914 0.016 0.898 0.099 0.927 0.786 0.154 0.106 0.353 0.316 0.064 0.142 0.030 0.803 0.756 0.958 0.762 0.547 0.782 0.617 0.922 0.154 0.571 0.581 0.898 0.511 0.469 0.336 0.947 0.725 0.607 0.233 0.622 0.027 0.564 0.868 0.275 0.708 0.979 0.161 0.061 0.025 0.421 0.809 0.346 0.788 0.055 0.634 0.674 0.472 0.944 0.223 0.079 0.037 0.696 0.515 0.511 0.700 0.590 0.925 0.452 0.892 0.901 0.504 0.384 0.923 0.761 0.209 0.080 0.692 0.403 0.289 0.511 0.340 0.352 0.304 0.290 0.987 0.907 0.537 0.070 0.052 0.949 0.418 0.921 0.864 0.532 0.486 0.689 0.942 0.341 0.342 0.229 0.739 0.151 0.872 0.385 0.532 0.376 0.110 0.154 0.646 0.976 0.393 0.657 0.532 0.006 0.267 0.779 0.678 0.603 0.526 0.349 0.691 0.752 0.489 0.893 0.105 0.844 0.621 0.114 0.795 0.089 0.877 0.954 0.480 0.624 0.317 0.511 0.997 0.014 0.526 0.671 0.580 0.094 0.542 0.141 0.174 0.483 0.065 0.687 0.106 0.427 0.887 0.789 0.032 0.907 0.995 0.497 0.520 0.020 0.799 0.041 0.809 0.259 0.768 0.550 0.149 0.203 0.795 0.330 0.242 0.530 0.595 0.064 0.560 0.448 0.701 0.427 0.546 0.844 0.985 0.080 0.636 0.144 0.947 0.364 0.961 0.881 0.691 0.856 0.172 0.601 0.191 0.960 0.231 0.065 0.737 0.779 0.426 0.122 0.359 0.046 0.384 0.046 0.626 0.729 0.414 0.030 0.755 0.309 0.720 0.041 0.312 0.605 0.320 0.704 0.848 0.249 0.642 0.970 0.205 0.800 0.457 0.462 0.560 0.556 0.230 0.696 0.893 0.878 0.100 0.928 0.275 0.113 0.516 0.209 0.618 0.199 0.666 0.434 0.636 0.263 0.840 0.991 0.413 0.943 0.372 0.341 0.335 0.635 0.571 0.449 0.756 0.687 0.603 0.034 0.705 0.340 0.249 0.323 0.340 0.525 0.689 0.872 0.914 0.634 0.329 0.749 0.138 0.767 0.580 0.289 0.187 0.870 0.535 0.008 0.663 0.428 0.780 0.239 0.473 0.498 0.509 0.503 0.652 0.613 0.640 0.570 0.147 0.496 0.312 0.622 0.248 0.097 0.734 0.269 0.644 0.255 0.750 0.262 0.786 0.797 0.911 0.459 0.371 0.206 0.212 0.583 0.845 0.481 0.592 0.858 0.232 0.563 0.537 0.493 0.927 0.444 0.571 0.001 0.456 0.802 0.233 0.228 0.178 0.389 0.928 0.420 0.076 0.562 0.566 0.452 0.617 0.234 0.782 0.809 0.620 0.165 0.808 0.990 0.260 0.575 0.122 0.983 0.513 0.131 0.929 0.498 0.825 0.606 0.249 0.297 0.147 0.722 0.080 0.320 0.212 0.593 0.789 0.081 0.066 0.200 0.320 0.799 0.324 0.527 0.315 0.551 0.919 0.025 0.315 0.149 0.825 0.998 0.721 0.464 0.345 0.757 0.237 0.122 0.985 0.608 0.147 0.821 0.457 0.211 0.699 0.396 0.298 0.855 0.206 0.258 0.109 0.692 0.083 0.788 0.179 0.588 0.676 0.491 0.890 0.066 0.960 0.410 0.964 0.939 0.052 0.861 0.443 0.330 0.074 0.150 0.093 0.327 0.293 0.341 0.350 0.781 0.382 0.935 0.629 0.504 0.876 0.578 0.213 0.176 0.916 0.718 0.732 0.383 0.800 0.538 0.535 0.455 0.067 0.629 0.137 0.392 0.176 0.876 0.312 0.213 0.078 0.563 0.107 0.807 0.382 0.501 0.782 0.202 0.036 0.190 0.737 0.883 0.854 0.824 0.129 0.630 0.483 0.599 0.626 0.178 0.192 0.110 0.275 0.910 0.685 0.425 0.025 0.371 0.129 0.783 0.207 0.729 0.971 0.642 0.321 0.898 0.626 0.822 0.940 0.521 0.729 0.750 0.741 0.180 0.691 0.648 0.397 0.617 0.916 0.832 0.895 0.979 0.361 0.602 0.830 0.944 0.933 0.471 0.966 0.529 0.911 0.230 0.399 0.301 0.510 0.536 0.166 0.252 0.198 0.556 0.129 0.990 0.856 0.514 0.340 0.495 0.553 0.245 0.494 0.409 0.684 0.529 0.439 0.226 0.248 0.085 0.679 0.188 0.985 0.367 0.180 0.167 0.008 0.852 0.558 0.572 0.432 0.044 0.366 0.550 0.640 0.920 0.146 0.309 0.346 0.476 0.912 0.538 0.593 0.826 0.112 0.437 0.232 0.102 0.209 0.967 0.992 0.442 0.277 0.731 0.511 0.548 0.912 0.568 0.025 0.485 0.476 0.549 0.054 0.641 0.566 0.839 0.449 0.897 0.097 0.852 0.701 0.697 0.971 0.632 0.925 0.099 0.561 0.080 0.321 0.325 0.499 0.899 0.915 0.623 0.425 0.174 0.558 0.317 0.995 0.051 0.331 0.870 0.610 0.995 0.520 0.810 0.178 0.013 0.464 0.123 0.272 0.385 0.510 0.085 0.894 0.903 0.517 0.464 0.778 0.050 0.441 0.831 0.275 0.366 0.886 0.752 0.154 0.837 0.556 0.777 0.141 0.646 0.150 0.157 0.773 0.905 0.506 0.362 0.196 0.118 0.235 0.537 0.091 0.669 0.241 0.004 0.433 0.745 0.935 0.153 0.810 0.526 0.240 0.706 0.383 0.196 0.059 0.331 0.108 0.394 0.791 0.691 0.373 0.055 0.123 0.794 0.654 0.425 0.238 0.968 0.838 0.713 0.228 0.431 0.284 0.491 0.560 0.437 0.502 0.291 0.582 0.624 0.464 0.672 0.431 0.821 0.123 0.629 0.781 0.744 0.319 0.506 0.368 0.827 0.735 0.760 0.310 0.984 0.022 0.087 0.331 0.545 0.704 0.065 0.583 0.653 0.674 0.125 0.866 0.682 0.576 0.354 0.655 0.881 0.579 0.799 0.400 0.362 0.315 0.517 0.469 0.832 0.953 0.217 0.389 0.585 0.235 0.714 0.200 0.548 0.896 0.129 0.374 0.703 0.919 0.932 0.412 0.083 0.439 0.789 0.630 0.149 0.703 0.852 0.182 0.006 0.922 0.194 0.807 0.690 0.768 0.627 0.896 0.050 0.719 0.776 0.707 0.677 0.036 0.314 0.812 0.123 0.300 0.224 0.914 0.458 0.138 0.659 0.001 0.329 0.399 0.340 0.636 0.411 0.348 0.338 0.300 0.853 0.448 0.504 0.954 0.334 0.653 0.787 0.390 0.837 0.966 0.811 0.060 0.205 0.011 0.829 0.996 0.257 0.237 0.109 0.427 0.430 0.476 0.545 0.696 0.003 0.195 0.068 0.409 0.318 0.250 0.071 0.945 0.280 0.396 0.010 0.586 0.728 0.576 0.729 0.303 0.538 0.699 0.740 0.302 0.128 0.245 0.679 0.709 0.121 0.202 0.704 0.618 0.782 1.000 0.687 0.366 0.012 0.959 0.703 0.889 0.682 0.056 0.824 0.065 0.702 0.988 0.419 0.075 0.133 0.969 0.165 0.250 0.500 0.451 0.184 0.547 0.210 0.860 0.826 0.007 0.033 0.178 0.368 0.591 0.499 0.437 0.377 0.304 0.726 0.448 0.202 0.836 0.316 0.210 0.657 0.225 0.049 0.376 0.081 0.538 0.954 0.964 0.056 0.613 0.821 0.741 0.060 0.949 0.840 0.091 0.884 0.340 0.257 0.682 0.429 0.428 0.299 0.643 0.378 0.257 0.197 0.914 0.308 0.031 0.627 0.659 0.666 0.777 0.280 0.211 0.528 0.841 0.533 0.162 0.312 0.149 0.859 0.767 0.696 0.537 0.823 0.134 0.020 0.342 0.263 0.294 0.769 0.979 0.518 0.216 0.026 0.497 0.766 0.616 0.964 0.883 0.958 0.090 0.475 0.832 0.640 0.651 0.599 0.722 0.733 0.729 0.919 0.846 0.606 0.987 0.775 0.687 0.990 0.925 0.264 0.150 0.061 0.582 0.766 0.241 0.931 0.686 0.992 0.712 0.792 0.548 0.655 0.973 0.664 0.892 0.806 0.244 0.675 0.872 0.092 0.187 0.252 0.431 0.323 0.576 0.946 0.982 0.434 0.618 0.668 0.640 0.519 0.835 0.878 0.538 0.482 0.175 0.034 0.847 0.904 0.224 0.897 0.309 0.798 0.413 0.309 0.955 0.883 0.996 0.059 0.628 0.355 0.636 0.823 0.521 0.128 0.591 0.814 0.869 0.104 0.720 0.619 0.149 0.502 0.857 0.775 0.818 0.763 0.762 0.596 0.959 0.530 0.613 0.904 0.170 0.918 0.030 0.000 0.575 0.739 0.634 0.767 0.799 0.678 0.170 0.348 0.049 0.559 0.458 0.953 0.869 0.744 0.180 0.996 0.232 0.236 0.535 0.409 0.050 0.883 0.177 0.798 0.106 0.972 0.530 0.443 0.811 0.032 0.141 0.100 0.513 0.655 0.781 0.855 0.832 0.404 0.409 0.855 0.684 0.028 0.809 0.737 0.845 0.274 0.179 0.308 0.853 0.792 0.079 0.323 0.942 0.738 0.462 0.878 0.876 0.424 0.562 0.375 0.053 0.997 0.458 0.230 0.477 0.943 0.758 0.702 0.460 0.920 0.945 0.578 0.044 0.825 0.175 0.492 0.825 0.213 0.974 0.905 0.409 0.771 0.393 0.143 0.423 0.412 0.178 0.947 0.091 0.302 0.035 0.176 0.545 0.302 0.601 0.368 0.959 0.930 0.409 0.524 0.327 0.301 0.665 0.170 0.469 0.061 0.009 0.006 0.563 0.123 0.775 0.451 0.180 0.084 0.798 0.621 0.609 0.645 0.574 0.145 0.395 0.173 0.306 0.294 0.681 0.821 0.358 0.452 0.624 0.098 0.579 0.517 0.558 0.585 0.087 0.996 0.433 0.602 0.081 0.618 0.052 0.868 0.146 0.192 0.659 0.701 0.062 0.311 0.100 0.093 0.044 0.932 0.189 0.629 0.697 0.137 0.871 0.946 0.056 0.539 0.586 0.133 0.745 0.909 0.811 0.916 0.227 0.296 0.697 0.610 0.073 0.880 0.779 0.157 0.248 0.424 0.283 0.095 0.005 0.006 0.562 0.389 0.102 0.827 0.411 0.978 0.103 0.212 0.990 0.114 0.123 0.902 0.216 0.860 0.227 0.584 0.168 0.058 0.224 0.797 0.502 0.011 0.067 0.969 0.201 0.567 0.290 0.972 0.012 0.172 0.819 0.712 0.037 0.565 0.447 0.068 0.977 0.810 0.789 0.252 0.570 0.086 0.273 0.971 0.378 0.961 0.255 0.658 0.284 0.091 0.165 0.020 0.406 0.699 0.044 0.751 0.761 0.780 0.590 0.701 0.688 0.443 0.363 0.831 0.884 0.916 0.909 0.148 0.649 0.839 0.764 0.914 0.877 0.526 0.424 0.447 0.405 0.461 0.965 0.588 0.005 0.663 0.014 0.152 0.129 0.672 0.056 0.712 0.139 0.700 0.396 0.583 0.408 0.361 0.294 0.131 0.272 0.287 0.432 0.335 0.255 0.225 0.647 0.787 0.224 0.920 0.880 0.584 0.834 0.949 0.285 0.277 0.292 0.060 0.935 0.954 0.727 0.329 0.869 0.979 0.698 0.697 0.535 0.919 0.856 0.522 0.298 0.221 0.626 0.216 0.428 0.907 0.336 0.641 0.519 0.210 0.197 0.729 0.545 0.378 0.308 0.498 0.520 0.313 0.990 0.103 0.860 0.200 0.684 0.619 0.280 0.473 0.923 0.675 0.187 0.679 0.379 0.183 0.756 0.192 0.717 0.971 0.941 0.772 0.985 0.236 0.445 0.258 0.228 0.272 0.544 0.266 0.019 0.699 0.487 0.715 0.507 0.768 0.868 0.936 0.549 0.273 0.429 0.828 0.525 0.164 0.958 0.176 0.226 0.116 0.117 0.602 0.508 0.126 0.529 0.436 0.241 0.487 0.660 0.099 0.875 0.372 0.491 0.854 0.533 0.684 0.155 0.958 0.929 0.606 0.917 0.417 0.599 0.432 0.369 0.434 0.972 0.144 0.558 0.568 0.010 0.654 0.072 0.235 0.519 0.611 0.821 0.097 0.644 0.789 0.526 0.229 0.946 0.499 0.066 0.682 0.755 0.562 0.795 0.370 0.526 0.866 0.440 0.426 0.823 0.642 0.553 0.295 0.626 0.748 0.056 0.018 0.635 0.814 0.048 0.702 0.261 0.950 0.139 0.369 0.305 0.857 0.848 0.863 0.945 0.752 0.409 0.252 0.606 0.302 0.855 0.303 0.867 0.915 0.262 0.118 0.498 0.320 0.737 0.479 0.327 0.949 0.802 0.951 0.126 0.583 0.292 0.181 0.265 0.434 0.279 0.747 0.285 0.375 0.074 0.545 0.377 0.853 0.683 0.559 0.732 0.350 0.568 0.232 0.354 0.947 0.832 0.422 0.581 0.392 0.983 0.272 0.887 0.738 0.095 0.919 0.276 0.892 0.195 0.225 0.996 0.629 0.278 0.602 0.904 0.142 0.802 0.698 0.173 0.979 0.989 0.651 0.253 0.663 0.205 0.379 0.627 0.608 0.611 0.048 0.215 0.054 0.811 0.324 0.956 0.727 0.366 0.697 0.024 0.381 0.326 0.162 0.268 0.509 0.182 0.527 0.770 0.117 0.137 0.093 0.497 0.132 0.078 0.179 0.021 0.139 0.067 0.764 0.362 0.611 0.101 0.302 0.983 0.893 0.477 0.778 0.760 0.442 0.913 0.181 0.326 0.342 0.423 0.089 0.657 0.559 0.491 0.700 0.236 0.980 0.213 0.923 0.884 0.825 0.944 0.173 0.089 0.483 0.139 0.283 0.732 0.500 0.163 0.557 0.202 0.701 0.294 0.088 0.207 0.216 0.724 0.597 0.499 0.997 0.069 0.793 0.862 0.277 0.061 0.665 0.101 0.385 0.905 0.348 0.021 0.085 0.772 0.003 0.994 0.718 0.234 0.025 0.818 0.501 0.180 0.173 0.548 0.421 0.862 0.535 0.315 0.546 0.119 0.463 0.469 0.720 0.421 0.627 0.154 0.624 0.671 0.378 0.231 0.577 0.420 0.531 0.075 0.533 0.575 0.150 0.362 0.422 0.139 0.124 0.195 0.039 0.789 0.658 0.992 0.555 0.759 0.528 0.589 0.190 0.462 0.919 0.926 0.585 0.170 0.860 0.055 0.091 0.250 0.580 0.146 0.361 0.242 0.832 0.125 0.537 0.865 0.355 0.159 0.860 0.407 0.979 0.723 0.653 0.679 0.960 0.815 0.069 0.620 0.678 0.600 0.599 0.093 0.292 0.676 0.913 0.235 0.316 0.219 0.330 0.373 0.106 0.503 0.016 0.911 0.095 0.231 0.746 0.232 0.386 0.046 0.048 0.807 0.323 0.605 0.792 0.170 0.285 0.995 0.044 0.476 0.510 0.628 0.899 0.903 0.365 0.052 0.620 0.180 0.277 0.155 0.322 0.284 0.962 0.781 0.463 0.204 0.957 0.578 0.182 0.505 0.066 0.057 0.372 0.033 0.775 0.075 0.529 0.730 0.800 0.621 0.571 0.548 0.611 0.818 0.564 0.944 0.007 0.822 0.436 0.501 0.143 0.443 0.420 0.630 0.584 0.832 0.851 0.809 0.538 0.003 0.911 0.215 0.615 0.022 0.253 0.859 0.140 0.826 0.857 0.657 0.901 0.448 0.701 0.810 0.219 0.552 0.211 0.230 0.675 0.006 0.223 0.495 0.964 0.178 0.466 0.704 0.778 0.786 0.762 0.080 0.822 0.403 0.987 0.069 0.414 0.018 0.526 0.231 0.620 0.215 0.093 0.660 0.902 0.607 0.003 0.385 0.808 0.402 0.569 0.764 0.795 0.254 0.567 0.526 0.554 0.823 0.062 0.689 0.045 0.719 0.836 0.858 0.366 0.680 0.600 0.382 0.210 0.355 0.730 0.135 0.030 0.356 0.954 0.104 0.806 0.771 0.384 0.592 0.454 0.170 0.941 0.735 0.287 0.984 0.229 0.524 0.218 0.042 0.143 0.192 0.774 0.222 0.935 0.702 0.933 0.535 0.694 0.823 0.790 0.946 0.586 0.565 0.616 0.631 0.478 0.910 0.854 0.523 0.694 0.628 0.816 0.642 0.218 0.503 0.680 0.375 0.521 0.504 0.360 0.682 0.657 0.876 0.960 0.748 0.616 0.087 0.326 0.521 0.109 0.723 0.141 0.916 0.641 0.891 0.557 0.736 0.631 0.945 0.624 0.121 0.703 0.045 0.244 0.903 0.139 0.908 0.428 0.439 0.734 0.179 0.080 0.219 0.406 0.673 0.870 0.812 0.078 0.480 0.482 0.428 0.049 0.559 0.377 0.311 0.261 0.630 0.425 0.405 0.515 0.059 0.628 0.283 0.213 0.153 0.052 0.991 0.328 0.642 0.665 0.204 0.965 0.621 0.240 0.952 0.296 0.814 0.944 0.786 0.002 0.082 0.549 0.671 0.208 0.371 0.181 0.797 0.044 0.352 0.777 0.462 0.907 0.855 0.924 0.403 0.571 0.737 0.025 0.904 0.326 0.675 0.689 0.782 0.086 0.096 0.347 0.528 0.204 0.527 0.289 0.346 0.284 0.204 0.729 0.839 0.945 0.918 0.263 0.733 0.146 0.428 0.593 0.047 0.832 0.840 0.973 0.744 0.034 0.484 0.746 0.575 0.277 0.114 0.942 0.012 0.029 0.883 0.741 0.298 0.551 0.397 0.893 0.234 0.790 0.018 0.524 0.562 0.541 0.682 0.268 0.904 0.476 0.978 0.219 0.383 0.308 0.929 0.966 0.788 0.370 0.330 0.279 0.302 0.724 0.502 0.343 0.062 0.845 0.913 0.479 0.304 0.719 0.112 0.891 0.452 0.902 0.880 0.721 0.765 0.358 0.009 0.610 0.256 0.863 0.601 0.418 0.717 0.964 0.913 0.562 0.100 0.603 0.979 0.834 0.304 0.308 0.046 0.643 0.822 0.421 0.767 0.815 0.005 0.551 0.818 0.218 0.038 0.457 0.023 0.547 0.865 0.724 0.254 0.981 0.756 0.944 0.851 0.882 0.597 0.743 0.479 0.074 0.793 0.388 0.149 0.154 0.142 0.962 0.133 0.806 0.158 0.541 0.496 0.759 0.413 0.557 0.671 0.561 0.755 0.990 0.997 0.952 0.343 0.624 0.638 0.417 0.045 0.659 0.581 0.599 0.426 0.145 0.718 0.167 0.044 0.140 0.309 0.542 0.409 0.744 0.246 0.149 0.985 0.987 0.555 0.525 0.318 0.526 0.694 0.936 0.141 0.388 0.457 0.139 0.878 0.064 0.929 0.277 0.286 0.596 0.641 0.123 0.789 0.788 0.873 0.435 0.087 0.361 0.914 0.041 0.547 0.010 0.788 0.888 0.737 0.583 0.540 0.168 0.963 0.721 0.726 0.668 0.120 0.779 0.477 0.861 0.853 0.964 0.107 0.947 0.437 0.861 0.693 0.812 0.804 0.955 0.586 0.099 0.869 0.833 0.020 0.572 0.833 0.628 0.594 0.364 0.666 0.204 0.029 0.970 0.563 0.347 0.757 0.986 0.978 0.351 0.453 0.964 0.601 0.888 0.838 0.877 0.452 0.440 0.873 0.661 0.772 0.953 0.628 0.824 0.239 0.795 0.550 0.697 0.464 0.023 0.731 0.567 0.657 0.298 0.036 0.871 0.662 0.753 0.805 0.641 0.770 0.602 0.312 0.311 0.128 0.805 0.907 0.201 0.476 0.743 0.659 0.548 0.288 0.211 0.468 0.705 0.274 0.838 0.862 0.468 0.838 0.921 0.795 0.154 0.822 0.460 0.903 0.979 0.913 0.456 0.491 0.997 0.932 0.326 0.174 0.725 0.337 0.827 0.022 0.942 0.992 0.948 0.976 0.371 0.977 0.601 0.706 0.181 0.973 0.629 0.301 0.674 0.183 0.785 0.673 0.411 0.005 0.866 0.695 0.896 0.573 0.791 0.041 0.833 0.982 0.095 0.872 0.428 0.363 0.776 0.510 0.743 0.649 0.515 0.736 0.746 0.479 0.546 0.331 0.457 0.087 0.331 0.808 0.505 0.768 0.242 0.832 0.528 0.649 0.001 0.334 0.272 0.817 0.813 0.332 0.147 0.979 0.096 0.183 0.533 0.719 0.663 0.568 0.012 0.849 0.705 0.018 0.282 0.268 0.856 0.568 0.536 0.853 0.456 0.769 0.178 0.336 0.274 0.226 0.318 0.702 0.683 0.718 0.583 0.234 0.602 0.527 0.764 0.028 0.963 0.493 0.990 0.038 0.609 0.038 0.817 0.856 0.043 0.660 0.417 0.142 0.092 0.627 0.879 0.102 0.424 0.378 0.220 0.674 0.810 0.888 0.398 0.886 0.063 0.539 0.518 0.161 0.926 0.563 0.872 0.724 0.325 0.181 0.072 0.871 0.789 0.257 0.465 0.125 0.444 0.627 0.940 0.803 0.535 0.673 0.892 0.881 0.124 0.459 0.475 0.339 0.311 0.396 0.476 0.999 0.901 0.529 0.292 0.588 0.838 0.185 0.279 0.581 0.360 0.720 0.507 0.338 0.202 0.022 0.689 0.025 0.317 0.352 0.175 0.940 0.728 0.679 0.061 0.015 0.498 0.249 0.298 0.525 0.436 0.202 0.994 0.009 0.096 0.891 0.215 0.551 0.517 0.120 0.491 0.939 0.104 0.538 0.035 0.758 0.576 0.944 0.049 0.882 0.127 0.628 0.945 0.816 0.598 0.198 0.917 0.790 0.222 0.910 0.986 0.891 0.675 0.224 0.660 0.436 0.362 0.796 0.954 0.152 0.237 0.070 0.426 0.305 0.695 0.742 0.454 0.395 0.792 0.656 0.261 0.348 0.542 0.819 0.820 0.590 0.730 0.319 0.876 0.293 0.973 0.130 0.591 0.768 0.975 0.797 0.650 0.610 0.982 0.838 0.155 0.134 0.254 0.907 0.937 0.281 0.205 0.458 0.841 0.046 0.552 0.002 0.980 0.345 0.299 0.314 0.185 0.486 0.128 0.930 0.835 0.630 0.557 0.029 0.096 0.185 0.542 0.578 0.936 0.966 0.920 0.667 0.695 0.041 0.565 0.278 0.500 0.467 0.414 0.597 0.927 0.838 0.797 0.227 0.421 0.449 0.677 0.526 0.300 0.411 0.669 0.465 0.936 0.615 0.493 0.946 0.384 0.543 0.086 0.917 0.651 0.739 0.816 0.263 0.717 0.675 0.649 0.467 0.394 0.825 0.699 0.288 0.775 0.849 0.170 0.157 0.733 0.759 0.062 0.859 0.874 0.688 0.142 0.281 0.391 0.407 0.416 0.252 0.731 0.245 0.702 0.971 0.762 0.822 0.244 0.951 0.176 0.650 0.179 0.791 0.896 0.602 0.642 0.747 0.736 0.608 0.773 0.112 0.290 0.820 0.750 0.799 0.034 0.316 0.231 0.924 0.147 0.585 0.298 0.813 0.008 0.438 0.238 0.566 0.950 0.570 0.382 0.794 0.368 0.796 0.600 0.853 0.734 0.641 0.246 0.608 0.530 0.799 0.780 0.223 0.393 0.718 0.682 0.302 0.817 0.640 0.785 0.138 0.721 0.499 0.845 0.000 0.232 0.167 0.223 0.853 0.317 0.689 0.689 0.659 0.868 0.463 0.806 0.818 0.161 0.100 0.771 0.106 0.922 0.608 0.605 0.171 0.070 0.066 0.947 0.357 0.630 0.449 0.129 0.673 0.016 0.439 0.221 0.459 0.071 0.953 0.466 0.527 0.349 0.898 0.494 0.774 0.137 0.594 0.529 0.446 0.327 0.807 0.689 0.995 0.276 0.909 0.386 0.277 0.697 0.066 0.709 0.090 0.317 0.945 0.496 0.112 0.726 0.090 0.805 0.625 0.551 0.380 0.893 0.258 0.181 0.735 0.743 0.335 0.298 0.409 0.553 0.755 0.175 0.273 0.118 0.216 0.437 0.789 0.683 0.777 0.807 0.494 0.837 0.011 0.997 0.570 0.731 0.904 0.871 0.301 0.952 0.059 0.906 0.712 0.664 0.345 0.268 0.887 0.727 0.644 0.645 0.309 0.542 0.902 0.845 0.080 0.351 0.962 0.958 0.856 0.055 0.872 0.321 0.324 0.958 0.686 0.140 0.522 0.990 0.482 0.687 0.890 0.433 0.828 0.302 0.316 0.009 0.272 0.258 0.722 0.910 0.711 0.089 0.803 0.652 0.299 0.799 0.835 0.398 0.032 0.708 0.997 0.035 0.422 0.719 0.610 0.307 0.723 0.318 0.826 0.998 0.901 0.088 0.461 0.820 0.225 0.332 0.797 0.259 0.491 0.820 0.087 0.502 0.774 0.065 0.507 0.415 0.421 0.281 0.366 0.090 0.722 0.693 0.217 0.658 0.362 0.071 0.011 0.386 0.791 0.074 0.331 0.730 0.114 0.559 0.719 0.628 0.887 0.201 0.831 0.453 0.806 0.545 0.519 0.582 0.975 0.632 0.096 0.573 0.133 0.128 0.444 0.227 0.660 0.676 0.329 0.932 0.062 0.863 0.297 0.578 0.103 0.450 0.049 0.867 0.772 0.438 0.854 0.360 0.365 0.313 0.091 0.709 0.132 0.747 0.413 0.558 0.338 0.314 0.411 0.259 0.972 0.509 0.990 0.200 0.788 0.800 0.721 0.486 0.864 0.378 0.961 0.789 0.739 0.189 0.132 0.719 0.379 0.147 0.817 0.580 0.699 0.087 0.264 0.386 0.682 0.686 0.900 0.498 0.914 0.345 0.481 0.184 0.640 0.792 0.338 0.822 0.292 0.320 0.752 0.195 0.455 0.547 0.752 0.274 0.446 0.389 0.114 0.932 0.861 0.260 0.354 0.766 0.431 0.843 0.485 0.459 0.681 0.673 0.217 0.259 0.666 0.602 0.971 0.539 0.538 0.687 0.374 0.406 0.465 0.133 0.948 0.477 0.356 0.827 0.943 0.388 0.214 0.088 0.682 0.231 0.352 0.163 0.133 0.515 0.307 0.596 0.295 0.951 0.425 0.794 0.861 0.920 0.586 0.218 0.195 0.173 0.030 0.461 0.616 0.255 0.746 0.312 0.054 0.659 0.105 0.726 0.444 0.330 0.776 0.646 0.357 0.976 0.168 0.428 0.658 0.207 0.496 0.010 0.753 0.688 0.542 0.489 0.385 0.911 0.228 0.901 0.856 0.128 0.229 0.718 0.545 0.828 0.763 0.748 0.513 0.494 0.645 0.041 0.033 0.024 0.181 0.568 0.732 0.717 0.822 0.092 0.902 0.450 0.215 0.164 0.891 0.326 0.956 0.466 0.923 0.065 0.890 0.965 0.815 0.449 0.319 0.383 0.884 0.170 0.772 0.974 0.289 0.035 0.618 0.952 0.168 0.238 0.587 0.641 0.463 0.243 0.481 0.971 0.325 0.999 0.935 0.367 0.969 0.647 0.277 0.161 0.457 0.359 0.460 0.792 0.278 0.591 0.562 0.498 0.551 0.220 0.454 0.963 0.116 0.568 0.689 0.499 0.429 0.310 0.491 0.981 0.046 0.439 0.484 0.630 0.642 0.985 0.675 0.757 0.023 0.164 0.074 0.590 0.875 0.357 0.858 0.222 0.658 0.312 0.926 0.492 0.048 0.745 0.991 0.287 0.669 0.039 0.866 0.249 0.269 0.184 0.702 0.362 0.394 0.756 0.718 0.233 0.167 0.134 0.510 0.518 0.677 0.735 1.000 0.338 0.174 0.432 0.806 0.707 0.595 0.226 0.541 0.642 0.525 0.869 0.726 0.981 0.759 0.268 0.797 0.574 0.877 0.723 0.153 0.574 0.980 0.689 0.764 0.974 0.093 0.567 0.992 0.539 0.531 0.981 0.997 0.790 0.370 0.470 0.689 0.564 0.496 0.682 0.604 0.245 0.970 0.780 0.662 0.768 0.587 0.915 0.723 0.600 0.216 0.774 0.850 0.769 0.847 0.349 0.577 0.836 0.413 0.573 0.683 0.758 0.937 0.681 0.503 0.962 0.306 0.983 0.236 0.988 0.215 0.848 0.501 0.929 0.948 0.550 0.727 0.557 0.730 0.627 0.553 0.140 0.289 0.835 0.668 0.361 0.257 0.640 0.023 0.142 0.328 0.571 0.700 0.046 0.902 0.874 0.374 0.601 0.894 0.188 0.637 0.818 0.993 0.475 0.887 0.223 0.977 0.682 0.515 0.492 0.370 0.452 0.709 0.789 0.472 0.225 0.905 0.508 0.522 0.819 0.636 0.463 0.013 0.105 0.284 0.876 0.723 0.276 0.115 0.934 0.506 0.227 0.580 0.687 0.453 0.175 0.880 0.995 0.948 0.886 0.535 0.546 0.764 0.001 0.937 0.155 0.064 0.654 0.796 0.559 0.731 0.860 0.913 0.230 0.689 0.812 0.736 0.010 0.328 0.913 0.250 0.448 0.574 0.622 0.206 0.576 0.874 0.188 0.378 0.004 0.508 0.822 0.766 0.408 0.302 0.648 0.806 0.938 0.888 0.699 0.830 0.152 0.576 0.667 0.431 0.693 0.136 0.714 0.132 0.354 0.530 0.869 0.528 0.910 0.157 0.944 0.095 0.316 0.977 0.937 0.120 0.067 0.183 0.183 0.309 0.233 0.774 0.588 0.748 0.721 0.881 0.457 0.268 0.596 0.453 0.405 0.969 0.479 0.885 0.250 0.732 0.038 0.850 0.873 0.169 0.614 0.471 0.473 0.123 0.884 0.494 0.856 0.238 0.338 0.357 0.862 0.699 0.872 0.530 0.423 0.885 0.969 0.812 0.788 0.517 0.322 0.151 0.657 0.857 0.858 0.545 0.951 0.111 0.005 0.899 0.574 0.655 0.480 0.888 0.367 0.506 0.071 0.634 0.353 0.366 0.400 0.726 0.693 0.860 0.789 0.833 0.663 0.402 0.345 0.903 0.311 0.069 0.914 0.297 0.608 0.294 0.808 0.263 0.032 0.926 0.123 0.850 0.690 0.989 0.826 0.128 0.475 0.891 0.230 0.800 0.882 0.244 0.061 0.916 0.454 0.175 0.367 0.393 0.150 0.945 0.065 0.257 0.193 0.968 0.311 0.350 0.367 0.797 0.841 0.084 0.859 0.546 0.024 0.345 0.447 0.396 0.247 0.645 0.888 0.966 0.132 0.277 0.512 0.121 0.119 0.491 0.229 0.049 0.888 0.527 0.590 0.379 0.351 0.911 0.904 0.632 0.753 0.283 0.197 0.659 0.513 0.370 0.405 0.388 0.943 0.889 0.202 0.982 0.232 0.299 0.848 0.720 0.349 0.251 0.169 0.891 0.296 0.080 0.093 0.777 0.267 0.285 0.163 0.178 0.080 0.196 0.965 0.806 0.407 0.570 0.874 0.281 0.028 0.154 0.431 0.662 0.561 0.044 0.188 0.367 0.760 0.922 0.483 0.862 0.104 0.418 0.779 0.583 0.498 0.299 0.714 0.397 0.329 0.177 0.339 0.925 0.307 0.335 0.520 0.393 0.758 0.221 0.232 0.589 0.169 0.366 0.009 0.661 0.472 0.438 0.243 0.915 0.048 0.311 0.786 0.509 0.148 0.403 0.652 0.579 0.265 0.721 0.350 0.684 0.772 0.148 0.703 0.603 0.301 0.873 0.706 0.199 0.623 0.850 0.507 0.250 0.997 0.087 0.554 0.237 0.959 0.233 0.928 0.404 0.960 0.024 0.809 0.413 0.247 0.608 0.296 0.220 0.230 0.799 0.049 0.232 0.958 0.216 0.608 0.310 0.842 0.025 0.484 0.643 0.270 0.964 0.628 0.829 0.839 0.397 0.998 0.210 0.690 0.080 0.798 0.252 0.002 0.763 0.494 0.863 0.820 0.614 0.853 0.217 0.503 0.271 0.266 0.626 0.411 0.629 0.688 0.701 0.299 0.992 0.903 0.488 0.657 0.136 0.825 0.038 0.406 0.703 0.785 0.536 0.856 0.993 0.496 0.352 0.998 0.482 0.959 0.614 0.778 0.648 0.603 0.620 0.838 0.164 0.794 0.813 0.075 0.356 0.349 0.282 0.634 0.838 0.124 0.962 0.906 0.616 0.181 0.950 0.606 0.720 0.406 0.815 0.037 0.083 0.586 0.939 0.837 0.875 0.189 0.759 0.704 0.943 0.274 0.668 0.856 0.087 0.257 0.540 0.950 0.819 0.433 0.345 0.310 0.538 0.609 0.405 0.033 0.642 0.374 0.073 0.685 0.456 0.677 0.867 0.023 0.196 0.126 0.499 0.709 0.273 0.463 0.486 0.515 0.600 0.568 0.137 0.261 0.569 0.010 0.981 0.578 0.623 0.443 0.659 0.363 0.186 0.325 0.331 0.450 0.935 0.994 0.217 0.318 0.659 0.132 0.415 0.040 0.268 0.001 0.210 0.080 0.880 0.945 0.895 0.051 0.762 0.836 0.950 0.923 0.990 0.499 0.433 0.618 0.846 0.891 0.073 0.131 0.026 0.595 0.543 0.061 0.783 0.069 0.641 0.761 0.511 0.919 0.834 0.447 0.226 0.733 0.639 0.846 0.802 0.150 0.223 0.709 0.315 0.489 0.584 0.430 0.695 0.761 0.457 0.828 0.263 0.281 0.258 0.653 0.072 0.244 0.087 0.366 0.456 0.759 0.232 0.967 0.830 0.798 0.380 0.044 0.665 0.785 0.604 0.038 0.458 0.831 0.604 0.099 0.730 0.240 0.304 0.683 0.588 0.110 0.508 0.184 0.055 0.859 0.525 0.663 0.953 0.398 0.335 0.664 0.919 0.571 0.125 0.822 0.720 0.049 0.692 0.578 0.071 0.682 0.112 0.551 0.422 0.178 0.258 0.414 0.812 0.767 0.618 0.822 0.142 0.045 0.886 0.456 0.744 0.856 0.934 0.794 0.524 0.002 0.032 0.506 0.221 0.790 0.523 0.726 0.925 0.789 0.684 0.355 0.395 0.592 0.274 0.664 0.215 0.713 0.078 0.909 0.717 0.173 0.389 0.616 0.988 0.199 0.080 0.955 0.843 0.334 0.041 0.055 0.548 0.426 0.917 0.703 0.890 0.891 0.891 0.051 0.664 0.286 0.012 0.628 0.444 0.687 0.631 0.153 0.966 0.910 0.867 0.607 0.854 0.723 0.287 0.362 0.400 0.346 0.403 0.181 0.579 0.771 0.005 0.897 0.760 0.587 0.190 0.962 0.143 0.218 0.626 0.716 0.648 0.853 0.842 0.254 0.831 0.053 0.857 0.867 0.253 0.474 0.606 0.592 0.499 0.875 0.949 0.716 0.746 0.399 0.758 0.120 0.099 0.719 0.656 0.136 0.492 0.599 0.053 0.237 0.408 0.008 0.873 0.339 0.645 0.433 0.568 0.674 0.424 0.972 0.633 0.344 0.460 0.295 0.835 0.095 0.238 0.914 0.144 0.315 0.606 0.268 0.783 0.498 0.928 0.171 0.445 0.304 0.130 0.772 0.770 0.694 0.453 0.309 0.366 0.134 0.754 0.457 0.494 0.361 0.282 0.845 0.423 0.138 0.151 0.233 0.896 0.331 0.317 0.374 0.574 0.596 0.315 0.801 0.301 0.447 0.193 0.867 0.242 0.462 0.114 0.422 0.171 0.378 0.453 0.690 0.949 0.870 0.027 0.036 0.047 0.145 0.681 0.314 0.394 0.634 0.627 0.617 0.573 0.838 0.382 0.716 0.435 0.198 0.510 0.018 0.084 0.861 0.731 0.328 0.038 0.040 0.165 0.916 0.428 0.982 0.666 0.909 0.008 0.094 0.424 0.282 0.384 0.847 0.917 0.666 0.238 0.588 0.849 0.769 0.324 0.876 0.462 0.800 0.607 0.283 0.913 0.157 0.158 0.203 0.565 0.631 0.912 0.171 0.050 0.912 0.703 0.553 0.704 0.380 0.906 0.689 0.124 0.480 0.292 0.536 0.413 0.697 0.196 0.201 0.582 0.780 0.832 0.903 0.559 0.286 0.279 0.500 0.741 0.379 0.900 0.101 0.011 0.991 0.343 0.962 0.576 0.731 0.324 0.588 0.270 0.227 0.096 0.880 0.172 0.658 0.975 0.594 0.623 0.747 0.313 0.258 0.126 0.244 0.275 0.595 0.598 0.751 0.146 0.476 0.555 0.576 0.589 0.426 0.937 0.609 0.151 0.470 0.794 0.901 0.483 0.564 0.506 0.188 0.449 0.411 0.176 0.082 0.546 0.858 0.424 0.358 0.597 0.737 0.041 0.997 0.269 0.812 0.970 0.492 0.398 0.969 0.823 0.565 0.659 0.038 0.507 0.212 0.168 0.170 0.024 0.374 0.753 0.242 0.671 0.935 0.236 0.604 0.342 0.583 0.616 0.880 0.553 0.575 0.765 0.476 0.816 0.123 0.792 0.679 0.057 0.560 0.319 0.604 0.618 0.643 0.755 0.220 0.851 0.944 0.350 0.578 0.248 0.767 0.142 0.214 0.303 0.779 0.808 0.276 0.245 0.101 0.396 0.888 0.229 0.686 0.365 0.444 0.303 0.794 0.891 0.213 0.697 0.396 0.487 0.965 0.641 0.590 0.636 0.732 0.684 0.518 0.198 0.798 0.676 0.652 0.838 0.730 0.305 0.473 0.838 0.925 0.677 0.451 0.197 0.868 0.676 0.163 0.965 0.437 0.578 0.497 0.633 0.532 0.450 0.379 0.021 0.867 0.812 0.292 0.450 0.466 0.368 0.349 0.040 0.893 0.494 0.713 0.997 0.471 0.172 0.354 0.527 0.522 0.569 0.764 0.364 0.752 0.938 0.273 0.448 0.233 0.891 0.388 0.150 0.176 0.126 0.611 0.644 0.563 0.516 0.695 0.149 0.073 0.865 0.266 0.537 0.723 0.688 0.682 0.424 0.425 0.502 0.663 0.988 0.534 0.457 0.959 0.478 0.131 0.700 0.666 0.377 0.537 0.343 0.035 0.425 0.875 0.980 0.129 0.090 0.523 0.985 0.607 0.419 0.030 0.574 0.619 0.314 0.803 0.797 0.293 0.406 0.222 0.917 0.732 0.791 0.513 0.446 0.546 0.435 0.734 0.791 0.509 0.171 0.624 0.363 0.815 0.748 0.155 0.248 0.172 0.992 0.715 0.360 0.701 0.311 0.073 0.491 0.845 0.908 0.442 0.932 0.674 0.280 0.424 0.399 0.831 0.989 0.071 0.910 0.462 0.004 0.250 0.585 0.591 0.878 0.202 0.269 0.156 0.623 0.607 0.190 0.809 0.404 0.869 0.099 0.198 0.426 0.623 0.570 0.871 0.653 0.077 0.049 0.724 0.549 0.365 0.622 0.281 0.276 0.642 0.425 0.293 0.726 0.837 0.423 0.224 0.365 0.961 0.889 0.614 0.116 0.043 0.653 0.117 0.607 0.330 0.517 0.057 0.056 0.948 0.322 0.263 0.078 0.946 0.834 0.094 0.220 0.145 0.971 0.634 0.600 0.105 0.251 0.701 0.871 0.729 0.230 0.309 0.082 0.367 0.260 0.352 0.227 0.291 0.596 0.459 0.655 0.592 0.780 0.230 0.177 0.500 0.695 0.074 0.625 0.116 0.629 0.656 0.885 0.703 0.709 0.082 0.376 0.979 0.410 0.250 0.591 0.462 0.153 0.449 0.868 0.899 0.676 0.652 0.608 0.496 0.789 0.703 0.037 0.743 0.308 0.151 0.355 0.424 0.384 0.787 0.286 0.923 0.146 0.768 0.162 0.067 0.116 0.634 0.246 0.027 0.118 0.843 0.406 0.905 0.364 0.312 0.095 0.967 0.513 0.969 0.054 0.379 0.631 0.798 0.714 0.744 0.914 0.321 0.583 0.610 0.689 0.653 0.443 0.781 0.246 0.899 0.742 0.533 0.502 0.711 0.265 0.448 0.491 0.178 0.980 0.616 0.311 0.424 0.842 0.066 0.804 0.011 0.982 0.609 0.398 0.387 0.281 0.239 0.345 0.511 0.185 0.758 0.990 0.437 0.769 0.236 0.567 0.216 0.989 0.481 0.560 0.328 0.254 0.581 0.541 0.799 0.223 0.997 0.451 0.084 0.394 0.296 0.574 0.563 0.481 0.681 0.742 0.389 0.464 0.826 0.888 0.555 0.336 0.736 0.902 0.807 0.019 0.968 0.771 0.473 0.258 0.864 0.820 0.428 0.892 0.450 0.137 0.021 0.598 0.237 0.580 0.501 0.146 0.987 0.123 0.329 0.504 0.456 0.679 0.037 0.507 0.536 0.088 0.881 0.444 0.424 0.233 0.229 0.223 0.032 0.975 0.996 0.928 0.540 0.411 0.045 0.073 0.253 0.286 0.576 0.697 0.137 0.223 0.667 0.794 0.545 0.390 0.068 0.515 0.412 0.823 0.632 0.837 0.477 0.351 0.660 0.595 0.896 0.212 0.911 0.541 0.285 0.598 0.323 0.015 0.646 0.638 0.627 0.012 0.787 0.683 0.914 0.831 0.428 0.623 0.762 0.060 0.764 0.931 0.912 0.535 0.863 0.806 0.174 0.402 0.970 0.678 0.314 0.546 0.261 0.282 0.569 0.409 0.480 0.239 0.950 0.635 0.923 0.986 0.802 0.515 0.929 0.444 0.398 0.718 0.629 0.453 0.635 0.086 0.294 0.034 0.461 0.316 0.769 0.136 0.730 0.482 0.920 0.531 0.006 0.805 0.932 0.616 0.853 0.855 0.637 0.959 0.367 0.132 0.481 0.564 0.657 0.558 0.238 0.913 0.973 0.465 0.163 0.814 0.807 0.833 0.497 0.474 0.485 0.836 0.392 0.726 0.841 0.085 0.230 0.695 0.569 0.695 0.906 0.413 0.275 0.786 0.578 0.909 0.378 0.852 0.170 0.780 0.612 0.031 0.092 0.291 0.851 0.873 0.499 0.698 0.256 0.552 0.571 0.059 0.893 0.043 0.374 0.372 0.249 0.453 0.091 0.045 0.144 0.503 0.872 0.149 0.461 0.612 0.658 0.041 0.324 0.887 0.159 0.600 0.174 0.234 0.786 0.608 0.613 0.155 0.647 0.120 0.367 0.767 0.188 0.907 0.790 0.807 0.701 0.915 0.186 0.143 0.787 0.125 0.964 0.093 0.104 0.320 0.634 0.010 0.382 0.717 0.217 0.476 0.662 0.737 0.579 0.699 0.111 0.068 0.871 0.200 0.150 0.394 0.562 0.882 0.255 0.898 0.421 0.792 0.676 0.313 0.062 0.288 0.540 0.959 0.505 0.487 0.019 0.874 0.252 0.966 0.668 0.647 0.330 0.922 0.224 0.744 0.415 0.882 0.285 0.545 0.873 0.964 0.329 0.389 0.860 0.940 0.387 0.717 0.855 0.346 0.362 0.968 0.682 0.875 0.643 0.186 0.239 0.731 0.819 0.354 0.055 0.887 0.104 0.986 0.487 0.241 0.984 0.026 0.948 0.474 0.103 0.062 0.170 0.000 0.716 0.840 0.352 0.807 0.036 0.853 0.190 0.970 0.548 0.137 0.643 0.832 0.206 0.810 0.205 0.989 0.283 0.040 0.664 0.153 0.543 0.034 0.217 0.907 0.334 0.136 0.388 0.049 0.758 0.876 0.571 0.187 0.558 0.662 0.553 0.174 0.562 0.317 0.255 0.211 0.004 0.888 0.804 0.139 0.896 0.477 0.385 0.126 0.983 0.222 0.966 0.854 0.243 0.649 0.618 0.719 0.556 0.965 0.964 0.402 0.816 0.543 0.303 0.829 0.933 0.579 0.964 0.914 0.715 0.715 0.526 0.071 0.266 0.659 0.532 0.976 0.959 0.784 0.810 0.249 0.238 0.571 0.646 0.000 0.861 0.414 0.158 0.091 0.205 0.077 0.250 0.906 0.592 0.645 0.345 0.321 0.664 0.682 0.690 0.940 0.226 0.138 0.780 0.825 0.453 0.552 0.747 0.862 0.814 0.062 0.011 0.918 0.599 0.315 0.115 0.209 0.415 0.029 0.385 0.677 0.522 0.540 0.238 0.824 0.521 0.129 0.584 0.041 0.042 0.748 0.280 0.671 0.075 0.240 0.295 0.356 0.545 0.749 0.110 0.517 0.085 0.409 0.405 0.794 0.391 0.877 0.123 0.574 0.465 0.117 0.479 0.047 0.737 0.927 0.266 0.740 0.258 0.699 0.579 0.752 0.853 0.846 0.952 0.738 0.369 0.098 0.251 0.242 0.471 0.139 0.114 0.870 0.021 0.553 0.331 0.671 0.942 0.838 0.084 0.867 0.896 0.280 0.877 0.278 0.004 0.254 0.665 0.914 0.681 0.278 0.078 0.549 0.211 0.942 0.587 0.486 0.528 0.315 0.890 0.606 0.402 0.412 0.647 0.585 0.120 0.581 0.196 0.413 0.244 0.822 0.954 0.593 0.736 0.455 0.994 0.399 0.354 0.267 0.970 0.177 0.617 0.747 0.150 0.979 0.641 0.181 0.679 0.749 0.977 0.203 0.813 0.230 0.834 0.274 0.940 0.372 0.641 0.380 0.811 0.279 0.379 0.680 0.204 0.968 0.709 0.179 0.926 0.214 0.805 0.283 0.839 0.533 0.656 0.857 0.516 0.837 0.132 0.496 0.016 0.301 0.176 0.581 0.173 0.515 0.454 0.597 0.627 0.439 0.602 0.306 0.031 0.271 0.444 0.390 0.158 0.717 0.867 0.448 0.381 0.258 0.709 0.422 0.078 0.646 0.515 0.300 0.167 0.357 0.009 0.996 0.771 0.117 0.029 0.354 0.421 0.741 0.683 0.029 0.199 0.084 0.679 0.152 0.973 0.731 0.114 0.992 0.370 0.267 0.742 0.692 0.927 0.348 0.169 0.714 0.205 0.520 0.079 0.683 0.389 0.885 0.512 0.656 0.861 0.976 0.950 0.664 0.750 0.296 0.896 0.950 0.706 0.791 0.086 0.721 0.714 0.611 0.203 0.396 0.396 0.473 0.471 0.954 0.062 0.817 0.900 0.030 0.684 0.351 0.848 0.977 0.690 0.318 0.054 0.032 0.596 0.429 0.150 0.977 0.478 0.659 0.534 0.267 0.446 0.372 0.445 0.922 0.794 0.248 0.171 0.622 0.989 0.833 0.710 0.376 0.276 0.671 0.813 0.939 0.826 0.511 0.572 0.796 0.717 0.555 0.003 0.230 0.404 0.086 0.026 0.841 0.962 0.488 0.023 0.257 0.546 0.713 0.059 0.562 0.443 0.896 0.904 0.806 0.608 0.848 0.135 0.978 0.898 0.948 0.593 0.392 0.228 0.202 0.383 0.804 0.848 0.108 0.953 0.518 0.488 0.663 0.548 0.136 0.532 0.460 0.567 0.983 0.230 0.030 0.156 0.466 0.751 0.304 0.629 0.598 0.951 0.832 0.269 0.783 0.735 0.667 0.080 0.401 0.341 0.817 0.385 0.428 0.056 0.907 0.632 0.759 0.764 0.547 0.543 0.659 0.921 0.644 0.593 0.588 0.828 0.884 0.424 0.457 0.040 0.202 0.287 0.350 0.694 0.828 0.168 0.660 0.222 0.883 0.892 0.436 0.231 0.154 0.355 0.638 0.983 0.913 0.699 0.342 0.944 0.344 0.403 0.525 0.682 0.045 0.115 0.985 0.767 0.996 0.985 0.102 0.360 0.785 0.618 0.404 0.020 0.548 0.121 0.413 0.126 0.974 0.333 0.834 0.369 0.554 0.698 0.527 0.584 0.405 0.365 0.951 0.028 0.999 0.803 0.647 0.416 0.983 0.879 0.282 0.446 0.597 0.963 0.615 0.926 0.810 0.856 0.126 0.937 0.337 0.844 0.844 0.375 0.699 0.680 0.902 0.540 0.906 0.383 0.006 0.883 0.247 0.912 0.050 0.067 0.068 0.284 0.322 0.303 0.975 0.040 0.275 0.933 0.246 0.048 0.301 0.111 0.229 0.803 0.149 0.500 0.906 0.623 0.208 0.443 0.036 0.040 0.769 0.817 0.022 0.315 0.263 0.157 0.611 0.717 0.089 0.176 0.217 0.248 0.243 0.445 0.312 0.048 0.446 0.304 0.294 0.696 0.386 0.955 0.495 0.484 0.622 0.307 0.662 0.361 0.215 0.515 0.259 0.560 0.316 0.610 0.515 0.056 0.680 0.635 0.612 0.904 0.862 0.324 0.256 0.903 0.295 0.928 0.326 0.066 0.282 0.489 0.032 0.360 0.272 0.599 0.654 0.722 0.979 0.159 0.303 0.422 0.589 0.710 0.133 0.349 0.371 0.533 0.818 0.059 0.608 0.986 0.345 0.039 0.927 0.362 0.541 0.938 0.509 0.764 0.541 0.995 0.723 0.416 0.751 0.723 0.576 0.828 0.476 0.790 0.234 0.663 0.199 0.239 0.805 0.009 0.075 0.881 0.359 0.039 0.915 0.703 0.262 0.774 0.986 0.268 0.518 0.503 0.809 0.348 0.631 0.230 0.984 0.272 0.323 0.964 0.067 0.720 0.810 0.693 0.240 0.212 0.795 0.452 0.177 0.622 0.555 0.626 0.613 0.910 0.539 0.734 0.694 0.932 0.213 0.502 0.882 0.332 0.273 0.285 0.391 0.034 0.647 0.190 0.035 0.652 0.876 0.300 0.955 0.494 0.024 0.778 0.172 0.157 0.629 0.609 0.007 0.323 0.774 0.010 0.573 0.716 0.318 0.756 0.634 0.765 0.861 0.822 0.115 0.340 0.893 0.217 0.057 0.764 0.205 0.932 0.661 0.981 0.335 0.870 0.999 0.161 0.591 0.860 0.120 0.422 0.283 0.954 0.621 0.498 0.837 0.043 0.301 0.195 0.441 0.960 0.931 0.580 0.417 0.644 0.086 0.342 0.726 0.149 0.240 0.969 0.035 0.655 0.907 0.901 0.655 0.596 0.987 0.084 0.060 0.607 0.282 0.734 0.091 0.935 0.565 0.186 0.953 0.849 0.491 0.073 0.431 0.447 0.238 0.047 0.762 0.784 0.811 0.698 0.009 0.851 0.635 0.743 0.015 0.357 0.446 0.638 0.411 0.494 0.246 0.222 0.199 0.041 0.196 0.816 0.188 0.302 0.325 0.483 0.985 0.206 0.289 0.874 0.855 0.990 0.522 0.723 0.795 0.270 0.764 0.226 0.326 0.465 0.282 0.590 0.394 0.324 0.102 0.740 0.141 0.971 0.340 0.729 0.960 0.194 0.979 0.367 0.372 0.055 0.949 0.742 0.256 0.948 0.682 0.750 0.272 0.376 0.770 0.533 0.261 0.988 0.725 0.549 0.061 0.513 0.461 0.833 0.525 0.560 0.818 0.591 0.817 0.675 0.529 0.810 0.730 0.567 0.201 0.711 0.580 0.064 0.621 0.057 0.688 0.005 0.389 0.851 0.179 0.677 0.591 0.835 0.316 0.386 0.396 0.046 0.661 0.773 0.583 0.904 0.101 0.138 0.454 0.647 0.399 0.359 0.979 0.505 0.234 0.781 0.264 0.908 0.234 0.973 0.959 0.799 0.667 0.195 0.753 0.687 0.709 0.535 0.551 0.848 0.464 0.770 0.845 0.176 0.220 0.650 0.865 0.182 0.506 0.826 0.217 0.756 0.392 0.373 0.768 0.980 0.763 0.337 0.489 0.094 0.650 0.030 0.347 0.011 0.790 0.993 0.930 0.907 0.841 0.869 0.846 0.849 0.639 0.839 0.089 0.859 0.682 0.367 0.806 0.367 0.049 0.716 0.885 0.967 0.187 0.826 0.875 0.082 0.177 0.678 0.781 0.301 0.198 0.296 0.259 0.321 0.367 0.701 0.313 0.368 0.891 0.455 0.798 0.822 0.434 0.034 0.053 0.275 0.933 0.115 0.159 0.787 0.113 0.561 0.943 0.294 0.245 0.621 0.967 0.754 0.786 0.888 0.916 0.114 0.473 0.520 0.976 0.978 0.830 0.459 0.777 0.284 0.772 0.970 0.019 0.852 0.754 0.640 0.794 0.299 0.222 0.881 0.007 0.910 0.379 0.445 0.199 0.514 0.348 0.774 0.979 0.454 0.520 0.019 0.222 0.448 0.029 0.857 0.709 0.877 0.843 0.937 0.871 0.001 0.620 0.794 0.123 0.446 0.491 0.329 0.810 0.926 0.453 0.602 0.630 0.595 0.055 0.849 0.180 0.324 0.009 0.391 0.216 0.480 0.746 0.006 0.632 0.215 0.514 0.251 0.877 0.816 0.037 0.669 0.032 0.078 0.674 0.958 0.900 0.533 0.501 0.962 0.206 0.352 0.481 0.757 0.874 0.825 0.354 0.821 0.900 0.822 0.591 0.301 0.326 0.647 0.707 0.643 0.349 0.768 0.972 0.095 0.850 0.562 0.950 0.496 0.246 0.267 0.832 0.878 0.617 0.055 0.906 0.532 0.387 0.899 0.519 0.285 0.725 0.117 0.635 0.725 0.171 0.887 0.586 0.594 0.481 0.648 0.876 0.279 0.489 0.947 0.984 0.793 0.292 0.752 0.204 0.672 0.809 0.134 0.472 0.160 0.803 0.037 0.440 0.999 0.174 0.074 0.840 0.481 0.722 0.863 0.309 0.929 0.107 0.162 0.727 0.597 0.784 0.603 0.117 0.177 0.366 0.370 0.704 0.794 0.335 0.853 0.620 0.853 0.579 0.827 0.918 0.774 0.405 0.708 0.191 0.598 0.785 0.789 0.147 0.227 0.790 0.054 0.614 0.465 0.428 0.442 0.038 0.205 0.699 0.845 0.942 0.141 0.122 0.862 0.138 0.299 0.751 0.163 0.479 0.878 0.470 0.422 0.937 0.114 0.256 0.199 0.101 0.602 0.747 0.479 0.010 0.606 0.393 0.881 0.367 0.856 0.002 0.492 0.113 0.981 0.018 0.954 0.849 0.813 0.573 0.806 0.329 0.624 0.701 0.703 0.406 0.306 0.823 0.153 0.579 0.223 0.783 0.206 0.454 0.515 0.413 0.564 0.990 0.555 0.471 0.393 0.590 0.700 0.526 0.023 0.637 0.338 0.502 0.761 0.109 0.422 0.223 0.518 0.610 0.249 0.531 0.139 0.104 0.918 0.473 0.228 0.113 0.207 0.035 0.086 0.817 0.864 0.227 0.268 0.929 0.520 0.506 0.979 0.076 0.911 0.845 0.712 0.878 0.552 0.503 0.657 0.108 0.952 0.742 0.589 0.134 0.796 0.498 0.905 0.659 0.164 0.531 0.638 0.157 0.490 0.184 0.180 0.062 0.487 0.525 0.479 0.697 0.918 0.915 0.665 0.035 0.979 0.659 0.655 0.190 0.792 0.684 0.043 0.940 0.689 0.665 0.958 0.986 0.029 0.144 0.743 0.132 0.510 0.670 0.298 0.684 0.196 0.446 0.767 0.736 0.463 0.585 0.089 0.426 0.369 0.975 0.913 0.223 0.242 0.132 0.224 0.042 0.464 0.539 0.583 0.892 0.497 0.967 0.732 0.665 0.685 0.740 0.080 0.623 0.603 0.048 0.020 0.396 0.404 0.650 0.680 0.107 0.658 0.242 0.312 0.201 0.663 0.757 0.134 0.925 0.217 0.405 0.707 0.901 0.954 0.409 0.963 0.164 0.106 0.962 0.374 0.916 0.092 0.999 0.821 0.060 0.317 0.265 0.422 0.667 0.656 0.485 0.808 0.700 0.940 0.458 0.420 0.276 0.309 0.352 0.193 0.669 0.349 0.854 0.584 0.089 0.620 0.375 0.996 0.904 0.854 0.728 0.550 0.781 0.412 0.030 0.297 0.853 0.121 0.056 0.016 0.809 0.576 0.014 0.760 0.858 0.036 0.919 0.499 0.579 0.722 0.109 0.260 0.718 0.592 0.777 0.448 0.558 0.105 0.185 0.659 0.798 0.963 0.273 0.203 0.430 0.753 0.244 0.144 0.108 0.384 0.866 0.304 0.034 0.995 0.831 0.795 0.069 0.483 0.713 0.086 0.572 0.968 0.974 0.543 0.381 0.276 0.662 0.900 0.974 0.573 0.233 0.906 0.073 0.307 0.667 0.993 0.608 0.292 0.140 0.794 0.166 0.202 0.567 0.040 0.922 0.453 0.861 0.558 0.980 0.695 0.219 0.651 0.942 0.710 0.004 0.785 0.995 0.826 0.577 0.844 0.304 0.809 0.092 0.775 0.246 0.835 0.773 0.623 0.203 0.437 0.668 0.544 0.965 0.620 0.080 0.728 0.107 0.047 0.410 0.251 0.128 0.680 0.293 0.658 0.958 0.915 0.792 0.243 0.472 0.544 0.273 0.117 0.827 0.153 0.286 0.981 0.931 0.540 0.922 0.506 0.871 0.020 0.458 0.239 0.561 0.898 0.410 0.878 0.333 0.453 0.753 0.864 0.831 0.084 0.605 0.770 0.952 0.751 0.282 0.596 0.221 0.276 0.590 0.646 0.844 0.435 0.667 0.882 0.146 0.301 0.660 0.087 0.369 0.432 0.413 0.932 0.074 0.745 0.227 0.277 0.748 0.766 0.297 0.731 0.710 0.856 0.900 0.227 0.003 0.822 0.341 0.552 0.845 0.721 0.766 0.391 0.963 0.763 0.024 0.440 0.812 0.222 0.606 0.542 0.321 0.332 0.377 0.309 0.988 0.661 0.810 0.451 0.602 0.826 0.789 0.071 0.762 0.660 0.384 0.057 0.554 0.505 0.369 0.240 0.553 0.559 0.627 0.509 0.245 0.191 0.609 0.476 0.216 0.712 0.365 0.330 0.654 0.340 0.152 0.231 0.785 0.152 0.781 0.110 0.115 0.188 0.527 0.596 0.659 0.310 0.521 0.104 0.736 0.678 0.591 0.476 0.613 0.241 0.040 0.519 0.396 0.221 0.390 0.869 0.213 0.371 0.896 0.665 0.954 0.139 0.052 0.836 0.049 0.518 0.763 0.321 0.952 0.710 0.464 0.983 0.327 0.935 0.205 0.147 0.787 0.184 0.693 0.944 0.559 0.896 0.955 0.654 0.690 0.660 0.828 0.275 0.599 0.311 0.190 0.624 0.629 0.964 0.114 0.075 0.912 0.087 0.242 0.823 0.167 0.216 0.498 0.873 0.239 0.892 0.360 0.685 0.296 0.086 0.333 0.102 0.693 0.700 0.907 0.925 0.473 0.804 0.400 0.869 0.093 0.275 0.132 0.514 0.138 0.780 0.321 0.019 0.628 0.728 0.900 0.088 0.771 0.223 0.317 0.687 0.451 0.277 0.914 0.610 0.880 0.286 0.835 0.894 0.626 0.450 0.509 0.385 0.366 0.571 0.369 0.512 0.817 0.201 0.400 0.561 0.085 0.519 0.916 0.148 0.727 0.374 0.092 0.703 0.295 0.744 0.609 0.871 0.428 0.885 0.733 0.069 0.862 0.180 0.938 0.351 0.602 0.474 0.598 0.250 0.024 0.749 0.557 0.974 0.074 0.779 0.854 0.627 0.449 0.252 0.707 0.006 0.491 0.115 0.814 0.098 0.351 0.979 0.336 0.474 0.996 0.764 0.709 0.944 0.562 0.635 0.545 0.989 0.664 0.462 0.636 0.371 0.563 0.533 0.324 0.096 0.310 0.994 0.181 0.720 0.412 0.901 0.365 0.471 0.825 0.542 0.644 0.613 0.942 0.243 0.767 0.452 0.089 0.727 0.483 0.530 0.044 0.304 0.825 0.495 0.971 0.597 0.555 0.979 0.284 0.181 0.182 0.216 0.338 0.086 0.041 0.748 0.801 0.173 0.623 0.822 0.163 0.698 0.231 0.143 0.414 0.171 0.279 0.681 0.146 0.273 0.425 0.088 0.552 0.427 0.908 0.683 0.613 0.433 0.928 0.769 0.348 0.549 0.612 0.857 0.722 0.568 0.694 0.970 0.566 0.920 0.448 0.845 0.915 0.532 0.348 0.800 0.663 0.516 0.996 0.432 0.438 0.791 0.423 0.702 0.867 0.655 0.309 0.315 0.370 0.520 0.770 0.823 0.061 0.204 0.613 0.868 0.277 0.756 0.662 0.844 0.333 0.630 0.771 0.246 0.588 0.300 0.321 0.616 0.411 0.592 0.469 0.261 0.298 0.674 0.273 0.511 0.767 0.877 0.726 0.523 0.911 0.918 0.729 0.297 0.120 0.081 0.850 0.690 0.038 0.565 0.633 0.391 0.972 0.813 0.819 0.723 0.050 0.588 0.384 0.288 0.350 0.294 0.476 0.361 0.707 0.637 0.809 0.161 0.097 0.943 0.975 0.345 0.069 0.291 0.148 0.521 0.681 0.454 0.897 0.450 0.016 0.203 0.768 0.790 0.901 0.697 0.072 0.804 0.645 0.495 0.744 0.071 0.928 0.103 0.614 0.876 0.682 0.080 0.510 0.986 0.638 0.000 0.620 0.637 0.126 0.916 0.985 0.173 0.318 0.503 0.267 0.814 0.865 0.452 0.311 0.175 0.122 0.897 0.927 0.743 0.778 0.449 0.516 0.884 0.520 0.521 0.366 0.109 0.556 0.358 0.034 0.845 0.469 0.061 0.606 0.712 0.279 0.985 0.696 0.777 0.561 0.464 0.945 0.731 0.175 0.005 0.936 0.047 0.287 0.622 0.227 0.761 0.691 0.674 0.839 0.933 0.789 0.153 0.845 0.007 0.339 0.045 0.475 0.486 0.610 0.118 0.985 0.292 0.331 0.686 0.688 0.937 0.019 0.645 0.323 0.167 0.266 0.449 0.680 0.611 0.464 0.240 0.335 0.252 0.656 0.869 0.343 0.236 0.739 0.751 0.188 0.098 0.633 0.709 0.221 0.120 0.975 0.271 0.194 0.242 0.870 0.965 0.795 0.055 0.093 0.684 0.792 0.823 0.706 0.987 0.219 0.896 0.476 0.472 0.984 0.810 0.646 0.105 0.971 0.372 0.925 0.111 0.733 0.272 0.667 0.317 0.372 0.870 0.095 0.653 0.209 0.778 0.296 0.929 0.011 0.069 0.358 0.740 0.512 0.807 0.194 0.690 0.259 0.074 0.189 0.002 0.684 0.922 0.357 0.420 0.043 0.019 0.223 0.575 0.263 0.914 0.899 0.323 0.397 0.662 0.522 0.797 0.056 0.380 0.244 0.791 0.104 0.627 0.002 0.465 0.891 0.368 0.520 0.223 0.287 0.602 0.304 0.524 0.631 0.517 0.053 0.753 0.021 0.706 0.348 0.886 0.961 0.702 0.319 0.936 0.912 0.876 0.799 0.732 0.766 0.010 0.644 0.195 0.438 0.637 0.193 0.885 0.052 0.159 0.636 0.133 0.066 0.050 0.654 0.573 0.617 0.381 0.809 0.886 0.247 0.079 0.852 0.648 0.815 0.523 0.190 0.314 0.301 0.297 0.058 0.487 0.518 0.552 0.582 0.932 0.437 0.822 0.303 0.084 0.109 0.158 0.439 0.796 0.543 0.719 0.501 0.973 0.217 0.334 0.821 0.297 0.818 0.264 0.892 0.663 0.270 0.244 0.029 0.709 0.865 0.709 0.844 0.917 0.004 0.591 0.318 0.901 0.864 0.140 0.944 0.132 0.354 0.096 0.419 0.876 0.671 0.128 0.750 0.345 0.629 0.515 0.323 0.279 0.962 0.473 0.249 0.525 0.083 0.710 0.938 0.567 0.441 0.265 0.849 0.258 0.095 0.273 0.300 0.013 0.231 0.827 0.274 0.311 0.226 0.843 0.849 0.284 0.593 0.895 0.854 0.428 0.614 0.087 0.273 0.612 0.619 0.703 0.471 0.888 0.926 0.627 0.091 0.244 0.656 0.666 0.487 0.642 0.400 0.830 0.910 0.883 0.135 0.496 0.041 0.340 0.313 0.285 0.254 0.805 0.109 0.792 0.370 0.998 0.586 0.051 0.851 0.330 0.219 0.365 0.187 0.953 0.986 0.287 0.681 0.749 0.488 0.821 0.891 0.591 0.190 0.996 0.117 0.535 0.173 0.860 0.133 0.708 0.566 0.484 0.853 0.766 0.503 0.988 0.192 0.422 0.275 0.975 0.453 0.068 0.293 0.178 0.490 0.516 0.869 0.423 0.586 0.785 0.834 0.402 0.347 0.419 0.425 0.707 0.512 0.526 0.602 0.582 0.880 0.449 0.098 0.856 0.565 0.184 0.389 0.096 0.366 0.075 0.640 0.406 0.419 0.555 0.712 0.540 0.728 0.277 0.303 0.064 0.349 0.431 0.048 0.550 0.885 0.916 0.802 0.291 0.059 0.416 0.684 0.695 0.081 0.562 0.433 0.801 0.255 0.603 0.300 0.257 0.593 0.680 0.483 0.696 0.162 0.244 0.697 0.587 0.670 0.568 0.078 0.431 0.330 0.555 0.861 0.172 0.220 0.584 0.253 0.645 0.880 0.152 0.439 0.498 0.593 0.731 0.815 0.580 0.790 0.090 0.240 0.514 0.495 0.058 0.928 0.415 0.414 0.138 0.199 0.856 0.873 0.982 0.116 0.785 0.739 0.929 0.866 0.893 0.071 0.397 0.226 0.888 0.142 0.027 0.591 0.498 0.756 0.559 0.129 0.565 0.738 0.714 0.559 0.408 0.281 0.355 0.138 0.819 0.192 0.725 0.837 0.638 0.914 0.600 0.137 0.105 0.311 0.590 0.534 0.246 0.871 0.786 0.746 0.112 0.577 0.597 0.515 0.284 0.880 0.496 0.843 0.198 0.881 0.850 0.117 0.840 0.836 0.679 0.584 0.988 0.400 0.954 0.160 0.224 0.758 0.693 0.213 0.066 0.530 0.494 0.449 0.906 0.378 0.852 0.421 0.842 0.312 0.363 0.110 0.520 0.970 0.896 0.454 0.772 0.889 0.916 0.594 0.562 0.550 0.974 0.151 0.477 0.267 0.670 1.000 0.744 0.663 0.334 0.870 0.238 0.038 0.246 0.008 0.343 0.053 0.156 0.912 0.180 0.517 0.500 0.654 0.561 0.598 0.565 0.114 0.579 0.955 0.893 0.350 0.690 0.761 0.130 0.152 0.388 0.353 0.900 0.162 0.934 0.108 0.583 0.833 0.222 0.069 0.729 0.863 0.205 0.857 0.962 0.233 0.948 0.995 0.081 0.307 0.193 0.316 0.559 0.684 0.423 0.825 0.055 0.231 0.515 0.159 0.193 0.951 0.742 0.080 0.679 0.932 0.090 0.217 0.504 0.916 0.214 0.520 0.988 0.101 0.357 0.588 0.532 0.425 0.573 0.480 0.233 0.760 0.201 0.771 0.271 0.142 0.875 0.828 0.372 0.010 0.371 0.109 0.019 0.443 0.841 0.636 0.750 0.208 0.866 0.949 0.794 0.579 0.754 0.591 0.291 0.150 0.656 0.002 0.653 0.114 0.938 0.965 0.509 0.730 0.744 0.299 0.259 0.632 0.523 0.330 0.390 0.682 0.051 0.033 0.438 0.653 0.468 0.513 0.339 0.931 0.251 0.042 0.091 0.100 0.659 0.158 0.556 0.594 0.139 0.616 0.782 0.491 0.106 0.409 0.504 0.104 0.857 0.295 0.366 0.165 0.666 0.601 0.527 0.381 0.096 0.019 0.991 0.198 0.970 0.403 0.273 0.803 0.766 0.007 0.768 0.296 0.122 0.899 0.766 0.824 0.711 0.889 0.231 0.314 0.858 0.671 0.256 0.253 0.714 0.429 0.828 0.851 0.556 0.467 0.163 0.673 0.504 0.445 0.130 0.820 0.516 0.932 0.203 0.726 0.540 0.859 0.755 0.202 0.844 0.960 0.469 0.047 0.403 0.793 0.001 0.112 0.628 0.624 0.314 0.118 0.357 0.909 0.859 0.255 0.732 0.650 0.943 0.853 0.093 0.077 0.520 0.632 0.210 0.731 0.566 0.263 0.056 0.636 0.209 0.854 0.437 0.364 0.577 0.788 0.620 0.169 0.955 0.754 0.733 0.003 0.530 0.124 0.861 0.342 0.561 0.786 0.454 0.164 0.889 0.966 0.977 0.728 0.052 0.847 0.409 0.502 0.783 0.591 0.035 0.932 0.977 0.171 0.357 0.083 0.671 0.239 0.914 0.950 0.034 0.671 0.391 0.717 0.666 0.004 0.505 0.985 0.529 0.655 0.202 0.252 0.806 0.537 0.789 0.398 0.453 0.387 0.832 0.449 0.616 0.836 0.402 0.953 0.919 0.489 0.672 0.143 0.910 0.856 0.382 0.528 0.819 0.182 0.244 0.088 0.562 0.881 0.743 0.829 0.290 0.891 0.672 0.644 0.231 0.510 0.970 0.802 0.626 0.821 0.318 0.299 0.320 0.042 0.888 0.789 0.844 0.897 0.120 0.503 0.539 0.746 0.944 0.776 0.560 0.120 0.244 0.224 0.539 0.551 0.916 0.737 0.162 0.074 0.839 0.486 0.291 0.300 0.315 0.633 0.786 0.820 0.962 0.212 0.314 0.794 0.132 0.169 0.528 0.148 0.555 0.864 0.712 0.969 0.182 0.657 0.457 0.455 0.520 0.516 0.129 0.661 0.374 0.923 0.728 0.275 0.053 0.480 0.142 0.735 0.324 0.537 0.649 0.647 0.844 0.849 0.326 0.789 0.156 0.131 0.943 0.742 0.636 0.048 0.498 0.001 0.917 0.263 0.236 0.798 0.089 0.289 0.211 0.337 0.820 0.295 0.034 0.437 0.313 0.529 0.628 0.291 0.687 0.818 0.369 0.176 0.674 0.153 0.267 0.827 0.641 0.668 0.589 0.937 0.915 0.610 0.159 0.742 0.347 0.576 0.613 0.084 0.583 0.593 0.477 0.244 0.506 0.604 0.106 0.863 0.666 0.842 0.816 0.414 0.546 0.795 0.345 0.489 0.267 0.666 0.605 0.438 0.686 0.828 0.364 0.885 0.210 0.391 0.711 0.841 0.904 0.609 0.138 0.116 0.119 0.266 0.138 0.203 0.442 0.150 0.444 0.698 0.706 0.322 0.813 0.593 0.429 0.960 0.121 0.605 0.152 0.593 0.769 0.179 0.428 0.524 0.885 0.605 0.530 0.412 0.667 0.852 0.600 0.803 0.919 0.540 0.238 0.522 0.106 0.485 0.058 0.984 0.930 0.341 0.007 0.584 0.599 0.969 0.890 0.860 0.675 0.297 0.600 0.963 0.268 0.713 0.806 0.432 0.739 0.262 0.990 0.401 0.775 0.047 0.040 0.752 0.654 0.673 0.744 0.890 0.782 0.374 0.375 0.620 0.018 0.997 0.328 0.902 0.274 0.580 0.927 0.576 0.259 0.784 0.112 0.001 0.811 0.257 0.203 0.534 0.040 0.315 0.656 0.779 0.760 0.396 0.762 0.799 0.711 0.592 0.215 0.200 0.128 0.327 0.950 0.794 0.102 0.427 0.916 0.385 0.426 0.196 0.983 0.204 0.579 0.340 0.228 0.657 0.659 0.857 0.877 0.379 0.274 0.675 0.036 0.201 0.200 0.618 0.353 0.687 0.811 0.798 0.497 0.619 0.267 0.547 0.438 0.819 0.793 0.355 0.409 0.598 0.603 0.975 0.810 0.937 0.789 0.185 0.584 0.236 0.540 0.926 0.265 0.351 0.599 0.581 0.488 0.919 0.060 0.278 0.559 0.324 0.987 0.801 0.604 0.073 0.574 0.742 0.412 0.049 0.701 0.257 0.885 0.962 0.027 0.150 0.072 0.866 0.388 0.487 0.515 0.694 0.019 0.780 0.024 0.725 0.514 0.637 0.081 0.158 0.071 0.267 0.898 0.035 0.223 0.585 0.763 0.919 0.030 0.296 0.464 0.952 0.250 0.163 0.328 0.538 0.809 0.712 0.999 0.041 0.320 0.955 0.447 0.365 0.011 0.600 0.229 0.255 0.409 0.744 0.248 0.033 0.856 0.221 0.473 0.638 0.728 0.212 0.604 0.399 0.529 0.400 0.741 0.863 0.557 0.076 0.131 0.634 0.918 0.347 0.544 0.654 0.778 0.304 0.074 0.531 0.460 0.088 0.731 0.884 0.076 0.899 0.546 0.089 0.320 0.082 0.256 0.067 0.741 0.621 0.018 0.181 0.676 0.059 0.844 0.183 0.808 0.303 0.393 0.823 0.496 0.258 0.750 0.511 0.273 0.777 0.885 0.553 0.199 0.116 0.537 0.129 0.790 0.996 0.492 0.675 0.805 0.241 0.130 0.320 0.035 0.335 0.560 0.342 0.948 0.719 0.044 0.341 0.291 0.915 0.478 0.629 0.754 0.685 0.978 0.830 0.330 0.281 0.836 0.438 0.564 0.177 0.832 0.766 0.203 0.927 0.453 0.835 0.725 0.971 0.735 0.662 0.657 0.563 0.960 0.034 0.016 0.656 0.054 0.794 0.365 0.259 0.967 0.783 0.621 0.889 0.821 0.967 0.014 0.136 0.432 0.732 0.683 0.031 0.272 0.762 0.458 0.655 0.052 0.412 0.740 0.739 0.955 0.472 0.371 0.615 0.102 0.822 0.461 0.808 0.653 0.980 0.617 0.109 0.601 0.531 0.262 0.371 0.614 0.509 0.991 0.825 0.685 0.244 0.715 0.929 0.318 0.650 0.540 0.792 0.199 0.966 0.955 0.320 0.351 0.463 0.721 0.957 0.636 0.796 0.014 0.929 0.709 0.076 0.842 0.513 0.777 0.624 0.249 0.016 0.773 0.973 0.948 0.790 0.432 0.932 0.801 0.271 0.851 0.602 0.146 0.104 0.585 0.430 0.268 0.277 0.002 0.526 0.108 0.224 0.196 0.732 0.581 0.279 0.316 0.475 0.145 0.675 0.192 0.794 0.135 0.062 0.782 0.002 0.119 0.307 0.264 0.077 0.731 0.623 0.225 0.091 0.132 0.749 0.161 0.444 0.009 0.157 0.253 0.626 0.113 0.435 0.853 0.997 0.099 0.983 0.124 0.336 0.547 0.904 0.692 0.284 0.853 0.643 0.194 0.406 0.295 0.176 0.412 0.354 0.005 0.199 0.039 0.345 0.154 0.490 0.855 0.612 0.833 0.761 0.930 0.193 0.188 0.054 0.660 0.148 0.007 0.663 0.261 0.493 0.138 0.930 0.609 0.620 0.387 0.966 0.577 0.328 0.696 0.861 0.463 0.969 0.824 0.228 0.298 0.223 0.157 0.290 0.904 0.354 0.198 0.331 0.072 0.134 0.360 0.733 0.084 
ofv: -38703625.000000
Best time: 100.006
Total time:140.414 


Instance: ../Instances/KP/00Uncorrelated/n00050/kp009.txt
RKO: SA | 
Sol: 0.634 0.713 0.725 0.964 0.345 0.097 0.780 0.460 0.891 0.554 0.045 0.899 0.518 0.046 0.658 0.443 0.398 0.270 0.822 0.969 0.933 0.638 0.003 0.972 0.030 0.280 0.771 0.935 0.382 0.157 0.173 0.742 0.655 0.951 0.104 0.947 0.947 0.060 0.859 0.893 0.411 0.732 0.636 0.879 0.778 0.219 0.507 0.905 0.919 0.185 
ofv: -183147.000000
Best time: 0.086
Total time:1.001 


Instance: ../Instances/KP/00Uncorrelated/n00100/kp021.txt
RKO: SA | 
Sol: 0.455 0.971 0.681 0.817 0.111 0.677 0.896 0.691 0.782 0.456 0.203 0.301 0.674 0.074 0.569 0.180 0.132 0.339 0.599 0.759 0.649 0.306 0.382 0.461 0.778 0.137 0.809 0.811 0.487 0.507 0.172 0.553 0.097 0.178 0.605 0.958 0.198 0.195 0.689 0.563 0.884 0.030 0.616 0.709 0.908 0.849 0.981 0.728 0.478 0.210 0.694 0.520 0.783 0.513 0.912 0.709 0.533 0.764 0.745 0.240 0.122 0.735 0.930 0.901 0.013 0.461 0.623 0.533 0.661 0.002 0.626 0.845 0.052 0.321 0.509 0.600 0.863 0.661 0.059 0.153 0.332 0.886 0.835 0.540 0.667 0.689 0.903 0.614 0.811 0.776 0.615 0.669 0.891 0.188 0.283 0.089 0.540 0.351 0.592 0.626 
ofv: -423108.000000
Best time: 0.615
Total time:1.001 


Instance: ../Instances/KP/00Uncorrelated/n00200/kp087.txt
RKO: SA | 
Sol: 0.835 0.473 0.779 0.910 0.603 0.676 0.281 0.161 0.785 0.300 0.435 0.774 0.982 0.677 0.287 0.806 0.065 0.658 0.420 0.065 0.671 0.219 0.335 0.258 0.700 0.232 0.978 0.198 0.619 0.581 0.766 0.397 0.973 0.464 0.692 0.530 0.859 0.909 0.573 0.406 0.519 0.729 0.683 0.748 0.863 0.318 0.512 0.698 0.155 0.379 0.375 0.661 0.482 0.634 0.154 0.198 0.263 0.982 0.860 0.793 0.650 0.270 0.586 0.371 0.318 0.517 0.965 0.916 0.712 0.135 0.093 0.734 0.021 0.951 0.462 0.599 0.148 0.124 0.136 0.323 0.001 0.863 0.042 0.662 0.065 0.955 0.427 0.541 0.920 0.263 0.166 0.938 0.426 0.577 0.703 0.219 0.489 0.191 0.538 0.435 0.158 0.634 0.425 0.390 0.484 0.538 0.733 0.902 0.296 0.720 0.022 0.535 0.995 0.631 0.239 0.405 0.663 0.257 0.918 0.574 0.370 0.819 0.201 0.203 0.683 0.942 0.118 0.071 0.091 0.724 0.633 0.587 0.727 0.956 0.290 0.298 0.319 0.842 0.794 0.632 0.863 0.916 0.765 0.530 0.628 0.810 0.719 0.796 0.738 0.589 0.371 0.956 0.382 0.254 0.707 0.955 0.090 0.354 0.842 0.902 0.561 0.784 0.915 0.593 0.288 0.732 0.241 0.407 0.099 0.580 0.770 0.069 0.522 0.935 0.927 0.512 0.815 0.869 0.669 0.969 0.837 0.480 0.254 0.834 0.561 0.904 0.452 0.962 0.495 0.738 0.883 0.886 0.511 0.516 0.358 0.523 0.803 0.748 0.542 0.966 
ofv: -758246.000000
Best time: 0.994
Total time:1.001 


Instance: ../Instances/KP/00Uncorrelated/n00500/kp035.txt
RKO: SA | 
Sol: 0.640 0.702 0.226 0.654 0.939 0.413 0.027 0.758 0.237 0.703 0.832 0.206 0.876 0.788 0.790 0.623 0.862 0.084 0.649 0.618 0.417 0.877 0.836 0.610 0.430 0.061 0.054 0.902 0.800 0.534 0.030 0.350 0.974 0.028 0.844 0.611 0.114 0.449 0.759 0.099 0.521 0.911 0.865 0.095 0.843 0.015 0.985 0.724 0.992 0.835 0.643 0.369 0.853 0.143 0.576 0.566 0.204 0.552 0.669 0.167 0.288 0.956 0.660 0.188 0.656 0.050 0.300 0.222 0.585 0.466 0.769 0.236 0.751 0.938 0.062 0.184 0.739 0.537 0.517 0.415 0.730 0.470 0.844 0.955 0.251 0.004 0.403 0.375 0.387 0.934 0.839 0.542 0.806 0.877 0.165 0.548 0.925 0.264 0.648 0.353 0.607 0.150 0.632 0.822 0.746 0.927 0.521 0.961 0.586 0.388 0.724 0.755 0.620 0.623 0.688 0.572 0.566 0.907 0.998 0.959 0.581 0.579 0.465 0.435 0.080 0.551 0.827 0.792 0.621 0.557 0.898 0.226 0.593 0.925 0.619 0.545 0.698 0.888 0.860 0.504 0.542 0.435 0.499 0.673 0.780 0.523 0.366 0.196 0.489 0.685 0.049 0.705 0.885 0.662 0.699 0.560 0.646 0.800 0.072 0.451 0.845 0.135 0.937 0.354 0.639 0.767 0.079 0.984 0.156 0.268 0.674 0.864 0.872 0.040 0.239 0.857 0.637 0.940 0.676 0.469 0.017 0.584 0.700 0.217 0.107 0.353 0.504 0.335 0.547 0.830 0.249 0.254 0.108 0.903 0.661 0.866 0.338 0.458 0.020 0.757 0.114 0.449 0.527 0.467 0.911 0.418 0.459 0.313 0.027 0.751 0.968 0.968 0.864 0.448 0.886 0.210 0.824 0.766 0.967 0.240 0.849 0.962 0.767 0.825 0.345 0.932 0.404 0.678 0.885 0.773 0.893 0.187 0.253 0.501 0.745 0.003 0.156 0.493 0.809 0.715 0.358 0.701 0.374 0.880 0.474 0.737 0.088 0.958 0.113 0.832 0.987 0.797 0.441 0.712 0.629 0.842 0.934 0.815 0.377 0.966 0.714 0.416 0.505 0.853 0.184 0.341 0.315 0.821 0.880 0.895 0.471 0.983 0.174 0.886 0.786 0.880 0.037 0.032 0.849 0.328 0.695 0.122 0.031 0.619 0.463 0.566 0.561 0.102 0.625 0.710 0.444 0.795 0.950 0.180 0.468 0.821 0.702 0.908 0.506 0.996 0.049 0.651 0.260 0.612 0.255 0.197 0.568 0.959 0.853 0.595 0.148 0.739 0.341 0.098 0.621 0.424 0.223 0.510 0.526 0.983 0.832 0.352 0.930 0.780 0.552 0.244 0.520 0.476 0.369 0.875 0.287 0.220 0.062 0.842 0.604 0.911 0.533 0.623 0.719 0.757 0.066 0.974 0.454 0.291 0.978 0.124 0.233 0.433 0.601 0.896 0.468 0.976 0.225 0.985 0.653 0.715 0.865 0.506 0.730 0.445 0.935 0.882 0.188 0.747 0.410 0.990 0.089 0.693 0.961 0.552 0.691 0.662 0.646 0.780 0.966 0.884 0.509 0.797 0.114 0.355 0.215 0.163 0.630 0.721 0.332 0.984 0.615 0.501 0.513 0.441 0.218 0.308 0.042 0.607 0.495 0.700 0.113 0.873 0.492 0.477 0.073 0.506 0.641 0.396 0.832 0.657 0.838 0.071 0.085 0.714 0.395 0.999 0.954 0.302 0.401 0.335 0.852 0.233 0.868 0.731 0.646 0.669 0.314 0.757 0.918 0.044 0.765 0.447 0.559 0.085 0.257 0.636 0.338 0.868 0.920 0.629 0.085 0.834 0.451 0.132 0.562 0.173 0.184 0.758 0.267 0.910 0.868 0.278 0.668 0.906 0.786 0.932 0.620 0.920 0.270 0.960 0.366 0.353 0.624 0.854 0.744 0.187 0.910 0.368 0.396 0.773 0.702 0.843 0.617 0.027 0.427 0.610 0.158 0.216 0.739 0.347 0.722 0.457 0.978 0.875 0.154 0.489 0.127 0.428 0.334 0.183 0.185 0.830 0.313 0.633 0.148 0.156 0.419 0.662 0.912 0.867 0.062 0.866 0.669 0.445 
ofv: -1736061.000000
Best time: 0.992
Total time:1.002 


Instance: ../Instances/KP/00Uncorrelated/n01000/kp005.txt
RKO: SA | 
Sol: 0.002 0.867 0.884 0.618 0.901 0.800 0.139 0.674 0.972 0.179 0.588 0.748 0.167 0.320 0.928 0.928 0.332 0.278 0.949 0.684 0.713 0.909 0.886 0.511 0.476 0.548 0.880 0.199 0.546 0.297 0.761 0.587 0.990 0.063 0.263 0.973 0.383 0.234 0.217 0.753 0.558 0.647 0.939 0.467 0.114 0.663 0.294 0.945 0.962 0.742 0.854 0.047 0.775 0.379 0.113 0.846 0.923 0.785 0.879 0.247 0.619 0.640 0.047 0.710 0.651 0.091 0.935 0.791 0.084 0.648 0.542 0.958 0.490 0.741 0.833 0.450 0.191 0.499 0.386 0.567 0.645 0.119 0.340 0.854 0.301 0.099 0.915 0.803 0.429 0.926 0.827 0.548 0.594 0.641 0.002 0.375 0.858 0.710 0.378 0.562 0.044 0.293 0.466 0.166 0.766 0.699 0.222 0.862 0.311 0.084 0.434 0.715 0.941 0.283 0.775 0.901 0.921 0.551 0.772 0.431 0.541 0.069 0.391 0.605 0.801 0.593 0.994 0.344 0.117 0.668 0.877 0.340 0.367 0.401 0.931 0.571 0.904 0.175 0.198 0.215 0.873 0.953 0.671 0.030 0.436 0.768 0.730 0.140 0.907 0.501 0.543 0.776 0.400 0.951 0.956 0.161 0.806 0.080 0.697 0.144 0.657 0.340 0.542 0.753 0.335 0.085 0.460 0.215 0.413 0.239 0.083 0.839 0.069 0.380 0.989 0.726 0.922 0.914 0.014 0.941 0.368 0.732 0.366 0.304 0.391 0.823 0.384 0.696 0.793 0.752 0.831 0.342 0.211 0.878 0.022 0.983 0.431 0.125 0.318 0.591 0.895 0.355 0.533 0.112 0.525 0.411 0.651 0.743 0.761 0.127 0.290 0.090 0.369 0.636 0.642 0.139 0.701 0.974 0.047 0.853 0.150 0.056 0.032 0.747 0.255 0.078 0.804 0.777 0.739 0.683 0.240 0.712 0.677 0.716 0.467 0.614 0.403 0.591 0.056 0.818 0.903 0.969 0.944 0.468 0.633 0.127 0.002 0.057 0.995 0.046 0.198 0.141 0.558 0.224 0.492 0.290 0.725 0.490 0.710 0.502 0.155 0.786 0.672 0.940 0.615 0.329 0.893 0.549 0.479 0.543 0.100 0.486 0.663 0.339 0.541 0.208 0.240 0.037 0.955 0.610 0.321 0.096 0.317 0.714 0.974 0.188 0.863 0.168 0.072 0.694 0.916 0.414 0.596 0.223 0.353 0.417 0.766 0.355 0.518 0.988 0.835 0.257 0.037 0.460 0.555 0.789 0.897 0.246 0.554 0.734 0.053 0.597 0.810 0.794 0.820 0.866 0.330 0.702 0.474 0.344 0.061 0.678 0.820 0.815 0.926 0.514 0.907 0.930 0.594 0.242 0.182 0.951 0.762 0.134 0.873 0.842 0.547 0.747 0.355 0.875 0.728 0.726 0.418 0.969 0.690 0.780 0.411 0.195 0.794 0.777 0.332 0.641 0.174 0.698 0.968 0.911 0.660 0.914 0.482 0.141 0.903 0.262 0.336 0.972 0.591 0.935 0.558 0.981 0.920 0.303 0.880 0.910 0.704 0.308 0.440 0.439 0.840 0.607 0.713 0.707 0.683 0.798 0.178 0.664 0.171 0.776 0.180 0.907 0.376 0.374 0.028 0.448 0.769 0.707 0.621 0.173 0.318 0.844 0.434 0.226 0.136 0.111 0.519 0.549 0.998 0.124 0.012 0.543 0.661 0.468 0.632 0.844 0.483 0.993 0.570 0.127 0.523 0.128 0.678 0.844 0.509 0.413 0.841 0.804 0.990 0.909 0.706 0.912 0.879 0.641 0.647 0.090 0.914 0.039 0.560 0.620 0.481 0.945 0.677 0.479 0.843 0.518 0.692 0.228 0.776 0.228 0.548 0.973 0.204 0.894 0.298 0.234 0.644 0.638 0.885 0.048 0.257 0.050 0.944 0.475 0.315 0.158 0.280 0.160 0.375 0.673 0.645 0.722 0.137 0.522 0.341 0.698 0.981 0.742 0.240 0.585 0.344 0.072 0.621 0.756 0.679 0.461 0.952 0.624 0.167 0.762 0.256 0.999 0.311 0.072 0.320 0.712 0.017 0.882 0.923 0.493 0.201 0.377 0.710 0.035 0.749 0.816 0.934 0.315 0.710 0.746 0.974 0.526 0.554 0.567 0.703 0.097 0.432 0.347 0.362 0.272 0.499 0.228 0.464 0.831 0.354 0.043 0.224 0.211 0.637 0.555 0.907 0.874 0.586 0.737 0.643 0.947 0.455 0.630 0.427 0.370 0.841 0.235 0.614 0.628 0.931 0.342 0.579 0.394 0.285 0.220 0.706 0.762 0.785 0.789 0.390 0.027 0.255 0.639 0.911 0.122 0.861 0.202 0.151 0.185 0.571 0.346 0.162 0.740 0.835 0.537 0.609 0.362 0.951 0.719 0.428 0.848 0.580 0.245 0.970 0.606 0.849 0.923 0.684 0.932 0.245 0.525 0.072 0.609 0.369 0.629 0.424 0.517 0.773 0.409 0.679 0.164 0.258 0.748 0.675 0.131 0.991 0.183 0.293 0.407 0.421 0.156 0.542 0.301 0.532 0.722 0.200 0.586 0.832 0.430 0.726 1.000 0.160 0.624 0.878 0.695 0.332 0.871 0.778 0.535 0.983 0.518 0.482 0.749 0.122 0.428 0.313 0.735 0.470 0.361 0.916 0.656 0.416 0.417 0.862 0.434 0.895 0.469 0.324 0.277 0.376 0.395 0.659 0.924 0.538 0.068 0.079 0.963 0.948 0.454 0.306 0.348 0.221 0.665 0.642 0.024 0.951 0.778 0.766 0.542 0.668 0.895 0.360 0.641 0.221 0.824 0.442 0.520 0.146 0.178 0.020 0.819 0.533 0.498 0.948 0.615 0.978 0.616 0.544 0.666 0.112 0.801 0.472 0.187 0.918 0.923 0.546 0.454 0.214 0.108 0.106 0.368 0.764 0.954 0.583 0.768 0.142 0.288 0.643 0.692 0.648 0.621 0.845 0.535 0.590 0.952 0.090 0.290 0.935 0.460 0.751 0.067 0.462 0.469 0.150 0.614 0.863 0.940 0.712 0.820 0.363 0.066 0.426 0.164 0.723 0.055 0.946 0.673 0.321 0.185 0.406 0.519 0.432 0.868 0.655 0.197 0.766 0.314 0.350 0.852 0.795 0.613 0.653 0.614 0.886 0.710 0.485 0.935 0.807 0.201 0.933 0.057 0.807 0.841 0.451 0.432 0.750 0.165 0.655 0.874 0.267 0.616 0.822 0.153 0.303 0.571 0.461 0.990 0.233 0.511 0.953 0.963 0.535 0.485 0.224 0.625 0.883 0.801 0.315 0.691 0.829 0.516 0.359 0.468 0.147 0.878 0.307 0.525 0.230 0.350 0.465 0.187 0.064 0.440 0.634 0.639 0.250 0.907 0.392 0.380 0.151 0.915 0.153 0.599 0.063 0.851 0.546 0.529 0.290 0.701 0.024 0.056 0.963 0.423 0.456 0.641 0.600 0.509 0.789 0.707 0.472 0.169 0.409 0.002 0.908 0.044 0.047 0.568 0.430 0.178 0.279 0.186 0.974 0.369 0.849 0.715 0.967 0.734 0.123 0.939 0.790 0.916 0.489 0.867 0.365 0.126 0.513 0.287 0.040 0.026 0.882 0.478 0.955 0.719 0.766 0.594 0.096 0.196 0.642 0.919 0.982 0.990 0.601 0.628 0.401 0.779 0.065 0.810 0.017 0.263 0.332 0.256 0.123 0.576 0.812 0.574 0.833 0.386 0.792 0.916 0.161 0.897 0.481 0.770 0.845 0.546 0.731 0.475 0.466 0.666 0.891 0.649 0.437 0.970 0.627 0.875 0.212 0.102 0.761 0.988 0.446 0.136 0.525 0.683 0.906 0.000 0.871 0.074 0.465 0.296 0.474 0.455 0.380 0.982 0.028 0.096 0.777 0.554 0.535 0.124 0.032 0.050 0.605 0.342 0.514 0.937 0.915 0.531 0.994 0.029 0.745 0.531 0.718 0.891 0.516 0.511 0.790 0.685 0.385 0.704 0.053 0.201 0.608 0.497 0.687 0.480 0.840 0.572 0.006 0.616 0.791 0.899 0.971 0.993 0.980 0.478 0.255 0.356 0.999 0.554 0.454 0.481 0.534 0.362 0.019 0.873 0.253 0.285 0.384 0.643 0.475 0.700 0.339 0.253 0.218 0.027 0.700 0.546 0.638 0.648 0.603 0.192 0.952 0.130 0.654 0.763 0.795 0.360 0.811 0.550 0.939 0.298 0.294 0.486 0.867 0.698 0.370 0.065 0.902 0.798 
ofv: -3214162.000000
Best time: 1.040
Total time:1.040 


Instance: ../Instances/KP/00Uncorrelated/n02000/kp001.txt
RKO: SA | 
Sol: 0.023 0.582 0.997 0.132 0.898 0.731 0.522 0.618 0.957 0.779 0.177 0.487 0.616 0.057 0.412 0.307 0.567 0.540 0.427 0.015 0.382 0.735 0.926 0.250 0.459 0.703 0.110 0.915 0.531 0.776 0.043 0.090 0.475 0.810 0.035 0.183 0.777 0.421 0.525 0.384 0.964 0.963 0.176 0.479 0.026 0.399 0.729 0.855 0.301 0.900 0.033 0.837 0.774 0.785 0.477 0.080 0.042 0.356 0.617 0.962 0.562 0.861 0.585 0.209 0.263 0.262 0.681 0.841 0.103 0.523 0.776 0.474 0.101 0.987 0.708 0.419 0.601 0.098 0.440 0.503 0.649 0.531 0.809 0.630 0.679 0.713 0.265 0.502 0.341 0.782 0.742 0.916 0.977 0.975 0.686 0.348 0.764 0.416 0.992 0.331 0.736 0.437 0.936 0.162 0.677 0.786 0.821 0.263 0.309 0.620 0.778 0.282 0.483 0.951 0.350 0.846 0.816 0.326 0.148 0.531 0.917 0.792 0.930 0.767 0.187 0.324 0.629 0.078 0.616 0.586 0.269 0.984 0.003 0.598 0.248 0.560 0.356 0.147 0.634 0.239 0.238 0.476 0.248 0.307 0.733 0.698 0.729 0.092 0.628 0.861 0.871 0.398 0.004 0.913 0.121 0.645 0.071 0.139 0.987 0.626 0.460 0.115 0.236 0.509 0.956 0.748 0.390 0.110 0.044 0.124 0.754 0.144 0.223 0.789 0.787 0.913 0.450 0.443 0.079 0.136 0.249 0.070 0.758 0.968 0.308 0.270 0.401 0.500 0.112 0.477 0.556 0.931 0.989 0.093 0.588 0.497 0.121 0.182 0.930 0.326 0.424 0.677 0.535 0.923 0.669 0.869 0.889 0.687 0.936 0.691 0.916 0.543 0.886 0.921 0.891 0.974 0.199 0.343 0.414 0.703 0.320 0.859 0.742 0.230 0.459 0.894 0.793 0.358 0.398 0.639 0.735 0.375 0.788 0.676 0.818 0.936 0.716 0.162 0.376 0.133 0.547 0.674 0.819 0.233 0.755 0.876 0.581 0.448 0.023 0.455 0.616 0.085 0.563 0.774 0.248 0.694 0.067 0.496 0.565 0.448 0.205 0.249 0.521 0.041 0.265 0.286 0.471 0.526 0.671 0.532 0.493 0.181 0.200 0.801 0.793 0.917 0.755 0.650 0.712 0.470 0.407 0.382 0.630 0.983 0.928 0.626 0.392 0.722 0.082 0.584 0.606 0.793 0.041 0.618 0.593 0.834 0.009 0.573 0.593 0.963 0.819 0.684 0.479 0.437 0.057 0.421 0.598 0.389 0.800 0.055 0.352 0.284 0.884 0.200 0.842 0.029 0.119 0.077 0.402 0.659 0.350 0.047 0.906 0.331 0.283 0.918 0.374 0.207 0.218 0.846 0.960 0.598 0.029 0.845 0.551 0.740 0.833 0.400 0.714 0.567 0.965 0.284 0.116 0.489 0.940 0.092 0.037 0.367 0.795 0.283 0.847 0.539 0.486 0.160 0.856 0.216 0.966 0.480 0.538 0.408 0.219 0.090 0.419 0.263 0.670 0.702 0.478 0.189 0.788 0.980 0.198 0.543 0.832 0.769 0.311 0.078 0.257 0.032 0.351 0.284 0.210 0.071 0.694 0.486 0.673 0.748 0.225 0.736 0.551 0.155 0.434 0.956 0.942 0.400 0.483 0.546 0.210 0.190 0.957 0.167 0.351 0.367 0.206 0.274 0.852 0.054 0.182 0.309 0.220 0.933 0.653 0.952 0.844 0.604 0.686 0.790 0.891 0.432 0.500 0.285 0.184 0.272 0.106 0.982 0.197 0.478 0.524 0.615 0.733 0.052 0.635 0.451 0.370 0.240 0.631 0.739 0.926 0.130 0.145 0.059 0.996 0.168 0.595 0.585 0.774 0.899 0.976 0.789 0.551 0.278 0.755 0.686 0.304 0.241 0.244 0.874 0.566 0.679 0.233 0.226 0.109 0.161 0.104 0.643 0.719 0.366 0.967 0.413 0.052 0.518 0.078 0.788 0.693 0.251 0.185 0.997 0.244 0.986 0.870 0.989 0.410 0.027 0.577 0.458 0.405 0.662 0.513 0.451 0.320 0.100 0.487 0.567 0.028 0.593 0.595 0.987 0.618 0.052 0.509 0.594 0.655 0.782 0.600 0.375 0.522 0.517 0.381 0.788 0.521 0.398 0.142 0.554 0.595 0.421 0.910 0.797 0.340 0.622 0.796 0.435 0.869 0.615 0.586 0.796 0.482 0.601 0.104 0.297 0.805 0.300 0.495 0.003 0.901 0.954 0.258 0.910 0.039 0.387 0.515 0.661 0.442 0.778 0.450 0.549 0.762 0.680 0.842 0.581 0.799 0.925 0.567 0.955 0.563 0.796 0.072 0.078 0.481 0.089 0.736 0.393 0.320 0.791 0.778 0.309 0.855 0.397 0.469 0.106 0.672 0.435 0.083 0.690 0.379 0.635 0.568 0.538 0.627 0.898 0.629 0.788 0.467 0.961 0.577 0.202 0.905 0.804 0.566 0.104 0.642 0.973 0.836 0.101 0.155 0.813 0.227 0.384 0.515 0.228 0.581 0.437 0.722 0.873 0.412 0.980 0.294 0.218 0.193 0.345 0.646 0.867 0.819 0.408 0.846 0.325 0.611 0.146 0.745 0.600 0.136 0.760 0.075 0.971 0.771 0.042 0.719 0.481 0.861 0.135 0.832 0.764 0.169 0.119 0.475 0.696 0.390 0.511 0.696 0.349 0.683 0.625 0.763 0.047 0.817 0.602 0.920 0.957 0.399 0.466 0.017 0.051 0.217 0.769 0.465 0.559 0.729 0.708 0.788 0.617 0.218 0.660 0.872 0.163 0.700 0.823 0.679 0.945 0.388 0.440 0.927 0.070 0.788 0.215 0.828 0.167 0.044 0.812 0.992 0.529 0.672 0.392 0.742 0.120 0.337 0.456 0.089 0.201 0.290 0.440 0.368 0.273 0.064 0.998 0.507 0.704 0.885 0.466 0.071 0.139 0.864 0.268 0.307 0.499 0.310 0.835 0.743 0.739 0.028 0.823 0.746 0.156 0.752 0.140 0.691 0.868 0.518 0.538 0.935 0.628 0.850 0.653 0.527 0.732 0.841 0.436 0.277 0.777 0.285 0.673 0.397 0.680 0.049 0.210 0.866 0.978 0.119 0.701 0.582 0.588 0.107 0.016 0.647 0.244 0.743 0.955 0.737 0.158 0.631 0.879 0.731 0.529 0.191 0.643 0.585 0.329 0.588 0.362 0.411 0.931 0.886 0.081 0.337 0.409 0.557 0.847 0.194 0.648 0.494 0.547 0.630 0.162 0.518 0.544 0.971 0.893 0.434 0.533 0.051 0.504 0.252 0.014 0.953 0.085 0.525 0.316 0.795 0.975 0.559 0.639 0.936 0.223 0.019 0.534 0.567 0.840 0.964 0.496 0.122 0.588 0.626 0.534 0.441 0.249 0.236 0.040 0.594 0.217 0.198 0.115 0.547 0.233 0.983 0.477 0.752 0.209 0.346 0.369 0.542 0.849 0.769 0.300 0.102 0.731 0.129 0.309 0.626 0.608 0.923 0.699 0.125 0.830 0.095 0.001 0.868 0.966 0.754 0.987 0.206 0.058 0.690 0.558 0.903 0.915 0.777 0.629 0.098 0.377 0.128 0.593 0.852 0.838 0.674 0.560 0.586 0.712 0.212 0.280 0.217 0.029 0.293 0.194 0.959 0.818 0.214 0.872 0.467 0.303 0.644 0.771 0.826 0.499 0.075 0.386 0.682 0.859 0.881 0.618 0.203 0.219 0.512 0.665 0.514 1.000 0.205 0.664 0.327 0.090 0.177 0.773 0.309 0.842 0.354 0.769 0.665 0.143 0.509 0.799 0.097 0.621 0.525 0.086 0.604 0.775 0.885 0.445 0.654 0.344 0.583 0.452 0.169 0.424 0.180 0.949 0.031 0.820 0.448 0.983 0.915 0.813 0.532 0.486 0.657 0.177 0.483 0.677 0.207 0.813 0.582 0.529 0.503 0.722 0.626 0.874 0.490 0.886 0.879 0.899 0.727 0.684 0.023 0.810 0.374 0.797 0.692 0.142 0.595 0.048 0.154 0.736 0.287 0.961 0.956 0.446 0.249 0.922 0.741 0.424 0.550 0.392 0.669 0.192 0.887 0.624 0.539 0.151 0.376 0.265 0.146 0.909 0.985 0.567 0.587 0.285 0.757 0.287 0.132 0.391 0.017 0.507 0.446 0.431 0.002 0.959 0.058 0.186 0.933 0.799 0.105 0.449 0.687 0.362 0.160 0.214 0.898 0.844 0.821 0.132 0.955 0.247 0.482 0.616 0.583 0.307 0.840 0.783 0.448 0.837 0.693 0.689 0.791 0.934 0.962 0.743 0.844 0.415 0.232 0.424 0.245 0.441 0.685 0.045 0.837 0.207 0.393 0.167 0.363 0.407 0.495 0.745 0.187 0.248 0.867 0.506 0.963 0.106 0.981 0.860 0.708 0.123 0.660 0.879 0.527 0.363 0.234 0.173 0.927 0.482 0.815 0.422 0.152 0.538 0.495 0.775 0.723 0.441 0.901 0.027 0.013 0.041 0.833 0.589 0.469 0.327 0.311 0.959 0.401 0.809 0.285 0.307 0.288 0.700 0.466 0.808 0.403 0.807 0.906 0.344 0.673 0.495 0.861 0.600 0.985 0.803 0.972 0.494 0.421 0.467 0.418 0.847 0.537 0.570 0.797 0.882 0.925 0.452 0.637 0.721 0.413 0.412 0.093 0.807 0.405 0.513 0.925 0.349 0.627 0.544 0.617 0.284 0.660 0.562 0.657 0.163 0.281 0.536 0.954 0.051 0.614 0.907 0.849 0.452 0.484 0.847 0.210 0.668 0.846 0.907 0.673 0.855 0.801 0.485 0.043 0.680 0.634 0.293 0.204 0.629 0.125 0.928 0.655 0.519 0.500 0.760 0.321 0.587 0.909 0.420 0.643 0.866 0.562 0.656 0.989 0.971 0.081 0.838 0.090 0.661 0.292 0.888 0.653 0.050 0.879 0.740 0.764 0.463 0.685 0.552 0.120 0.731 0.168 0.213 0.761 0.607 0.748 0.837 0.683 0.665 0.504 0.360 0.305 0.100 0.365 0.105 0.102 0.097 0.793 0.547 0.034 0.515 0.705 0.061 0.818 0.031 0.948 0.523 0.107 0.893 0.626 0.820 0.063 0.180 0.316 0.494 0.759 0.959 0.873 0.243 0.848 0.931 0.529 0.616 0.229 0.823 0.216 0.578 0.549 0.180 0.561 0.083 0.304 0.769 0.235 0.894 0.001 0.682 0.149 0.596 0.492 0.714 0.737 0.941 0.168 0.574 0.259 0.788 0.019 0.631 0.793 0.308 0.081 0.095 0.023 0.796 0.012 0.651 0.978 0.775 0.038 0.588 0.756 0.485 0.527 0.160 0.573 0.995 0.664 0.743 0.383 0.818 0.418 0.809 0.340 0.048 0.631 0.849 0.372 0.540 0.283 0.763 0.789 0.915 0.012 0.854 0.442 0.880 0.676 0.925 0.002 0.183 0.504 0.241 0.857 0.640 0.048 0.783 0.205 0.904 0.082 0.792 0.025 0.224 0.589 0.052 0.744 0.602 0.037 0.088 0.328 0.561 0.071 0.023 0.519 0.748 0.142 0.993 0.332 0.335 0.713 0.890 0.589 0.677 0.545 0.705 0.494 0.928 0.094 0.489 0.454 0.311 0.903 0.819 0.788 0.156 0.198 0.888 0.533 0.737 0.586 0.521 0.932 0.928 0.896 0.724 0.016 0.698 0.131 0.836 0.062 0.867 0.661 0.921 0.319 0.200 0.918 0.201 0.833 0.116 0.862 0.835 0.308 0.229 0.441 0.775 0.432 0.633 0.990 0.683 0.803 0.503 0.504 0.214 0.437 0.876 0.694 0.655 0.048 0.838 0.700 0.697 0.459 0.697 0.788 0.016 0.774 0.848 0.593 0.123 0.994 0.757 0.545 0.301 0.601 0.780 0.360 0.382 0.792 0.656 0.908 0.544 0.435 0.907 0.717 0.349 0.252 0.607 0.175 0.751 0.257 0.948 0.806 0.630 0.320 0.961 0.141 0.901 0.599 0.392 0.648 0.619 0.835 0.662 0.325 0.617 0.702 0.535 0.296 0.395 0.138 0.969 0.587 0.540 0.525 0.974 0.477 0.666 0.822 0.998 0.463 0.005 0.412 0.575 0.357 0.820 0.542 0.794 0.673 0.502 0.160 0.798 0.899 0.563 0.556 0.894 0.481 0.318 0.632 0.655 0.228 0.188 0.236 0.383 0.368 0.098 0.487 0.853 0.767 0.857 0.922 0.653 0.606 0.315 0.277 0.943 0.749 0.576 0.528 0.991 0.784 0.677 0.055 0.298 0.837 0.372 0.552 0.911 0.006 0.608 0.739 0.574 0.513 0.262 0.964 0.650 0.423 0.371 0.988 0.681 0.998 0.331 0.029 0.609 0.478 0.619 0.256 0.563 0.563 0.833 0.164 0.015 0.596 0.547 0.969 0.951 0.828 0.384 0.963 0.249 0.374 0.288 0.138 0.663 0.757 0.865 0.163 0.012 0.704 0.060 0.520 0.479 0.258 0.814 0.658 0.613 0.927 0.318 0.524 0.961 0.511 0.957 0.240 1.000 0.949 0.013 0.725 0.788 0.557 0.170 0.811 0.269 0.682 0.954 0.393 0.128 0.603 0.973 0.452 1.000 0.148 0.869 0.478 0.440 0.255 0.830 0.663 0.152 0.733 0.966 0.592 0.603 0.083 0.122 0.080 0.155 0.234 0.532 0.769 0.223 0.413 0.954 0.350 0.110 0.689 0.769 0.233 0.654 0.851 0.132 0.775 0.089 0.855 0.201 0.771 0.340 0.331 0.897 0.742 0.881 0.675 0.571 0.508 0.471 0.133 0.022 0.144 0.452 0.791 0.306 0.515 0.764 0.611 0.756 0.624 0.387 0.583 0.334 0.920 0.006 0.181 0.340 0.768 0.360 0.712 0.217 0.002 0.851 0.825 0.681 0.433 0.392 0.485 0.637 0.017 0.626 0.517 0.293 0.616 0.350 0.003 0.338 0.093 0.396 0.064 0.519 0.231 0.920 0.888 0.304 0.213 0.865 0.584 0.936 0.348 0.752 0.516 0.450 0.934 0.178 0.483 0.213 0.546 0.085 0.647 0.971 0.248 0.935 0.746 0.582 0.912 0.998 0.496 0.913 0.853 0.446 0.401 0.005 0.937 0.804 0.991 0.357 0.862 0.085 0.617 0.705 0.148 0.637 0.922 0.426 0.996 0.781 0.399 0.389 0.483 0.141 0.175 0.904 0.481 0.095 0.428 0.425 0.932 0.276 0.384 0.727 0.383 0.194 0.591 0.580 0.391 0.174 0.094 0.281 0.466 0.527 0.794 0.754 0.435 0.280 0.983 0.507 0.690 0.243 0.580 0.650 0.802 0.216 0.476 0.237 0.301 0.459 0.723 0.552 0.436 0.674 0.811 0.990 0.004 0.188 0.559 0.287 0.136 0.523 0.387 0.041 0.705 0.212 0.164 0.460 0.480 0.785 0.333 0.448 0.765 0.549 0.263 0.062 0.014 0.896 0.565 0.950 0.495 0.955 0.220 0.118 0.841 0.222 0.002 0.530 0.183 0.508 0.653 0.559 0.291 0.581 0.929 0.643 0.047 0.498 0.984 0.848 0.468 0.133 0.968 0.190 0.882 0.590 0.717 0.711 0.966 0.058 0.134 0.624 0.362 0.656 0.816 0.101 0.551 0.451 0.953 0.020 0.953 0.466 0.559 0.545 0.352 0.697 0.400 0.316 0.421 0.492 0.148 0.316 0.570 0.105 0.868 0.627 0.818 0.256 0.884 0.977 0.587 0.680 0.428 0.928 0.007 0.103 0.699 0.203 0.542 0.663 0.292 0.591 0.647 0.304 0.555 0.208 0.681 0.647 0.031 0.113 0.966 0.488 0.594 0.975 0.545 0.797 0.080 0.397 0.831 0.714 0.917 0.371 0.592 0.088 0.960 0.391 0.161 0.609 0.235 0.471 0.376 0.593 0.252 0.141 0.309 0.347 0.483 0.446 0.430 0.781 0.288 0.602 0.729 0.349 0.066 0.140 0.581 0.184 0.468 0.565 0.022 0.929 0.768 0.688 0.799 0.583 0.383 0.816 0.150 0.623 0.064 0.187 0.168 0.200 0.796 0.851 0.938 0.282 0.957 0.140 0.253 0.876 0.120 0.290 0.355 0.924 0.286 0.350 0.274 0.883 0.333 0.985 0.238 0.748 0.784 0.800 0.157 0.436 0.694 0.812 0.822 0.614 0.189 0.637 0.416 0.746 0.432 0.991 0.046 0.823 0.303 0.732 0.474 0.124 0.880 0.585 0.545 0.448 0.307 0.595 0.476 0.018 0.616 0.385 0.467 0.742 0.755 0.772 0.990 0.979 0.907 0.010 0.839 0.730 0.576 0.607 0.698 0.831 0.659 0.196 0.568 0.160 0.312 0.949 0.650 0.040 0.932 0.377 0.080 0.398 0.265 0.600 0.867 0.440 0.886 0.936 0.357 0.254 0.286 0.480 0.041 0.897 0.480 0.369 0.567 0.760 0.746 0.979 0.763 0.223 0.435 0.875 0.596 0.799 0.611 0.950 0.162 0.795 0.503 0.407 0.762 0.723 0.484 0.042 0.443 0.667 0.169 0.968 0.197 0.997 0.928 0.238 
ofv: -6129581.000000
Best time: 0.986
Total time:1.445 


Instance: ../Instances/KP/00Uncorrelated/n05000/kp072.txt
RKO: SA | 
Sol: 0.240 0.666 0.159 0.313 0.761 0.499 0.754 0.591 0.006 0.490 0.017 0.528 0.526 0.740 0.984 0.108 0.876 0.752 0.715 0.727 0.086 0.098 0.784 0.399 0.326 0.394 0.564 0.235 0.576 0.742 0.513 0.432 0.612 0.213 0.693 0.020 0.177 0.864 0.787 0.422 0.538 0.949 0.016 0.000 0.275 0.366 0.260 0.435 0.125 0.263 0.086 0.742 0.628 0.218 0.477 0.011 0.436 0.793 0.111 0.601 0.323 0.111 0.892 0.656 0.716 0.060 0.390 0.235 0.447 0.385 0.727 0.212 0.730 0.669 0.813 0.274 0.572 0.999 0.939 0.803 0.273 0.498 0.130 0.542 0.980 0.297 0.941 0.898 0.971 0.078 0.404 0.765 0.223 0.407 0.842 0.331 0.698 0.951 0.885 0.426 0.924 0.660 0.424 0.099 0.266 0.033 0.759 0.366 0.382 0.938 0.943 0.515 0.634 0.487 0.901 0.924 0.848 0.805 0.453 0.706 0.147 0.462 0.432 0.380 0.654 0.514 0.011 0.033 0.093 0.603 0.662 0.024 0.838 0.359 0.844 0.457 0.589 0.371 0.502 0.854 0.873 0.606 0.430 0.413 0.540 0.157 0.269 0.663 0.843 0.990 0.285 0.303 0.883 0.714 0.035 0.347 0.189 0.328 0.868 0.902 0.494 0.646 0.446 0.773 0.065 0.595 0.701 0.716 0.811 0.861 0.952 0.563 0.731 0.958 0.651 0.697 0.180 0.453 0.627 0.025 0.564 0.571 0.204 0.529 0.630 0.048 0.371 0.879 0.405 0.811 0.170 0.640 0.365 0.587 0.154 0.607 0.053 0.143 0.525 0.545 0.896 0.552 0.967 0.175 0.940 0.730 0.995 0.730 0.370 0.685 0.947 0.662 0.234 0.303 0.285 0.269 0.543 0.176 0.036 0.363 0.480 0.657 0.860 0.000 0.807 0.823 0.931 0.635 0.814 0.446 0.110 0.703 0.345 0.104 0.869 0.167 0.335 0.954 0.154 0.560 0.803 0.342 0.078 0.281 0.671 0.714 0.518 0.285 0.570 0.167 0.647 0.312 0.031 0.741 0.322 0.887 0.403 0.797 0.676 0.671 0.214 0.835 0.681 0.563 0.541 0.209 0.612 0.769 0.940 0.837 0.768 0.102 0.153 0.937 0.830 0.851 0.730 0.093 0.597 0.362 0.268 0.403 0.922 0.686 0.046 0.404 0.883 0.350 0.217 0.119 0.770 0.833 0.227 0.381 0.808 0.464 0.835 0.947 0.589 0.931 0.954 0.991 0.725 0.533 0.589 0.649 0.150 0.433 0.513 0.304 0.868 0.489 0.157 0.494 0.675 0.383 0.836 0.230 0.958 0.747 0.654 0.301 0.374 0.271 0.367 0.666 0.686 0.308 0.414 0.969 0.712 0.789 0.865 0.192 0.175 0.247 0.017 0.451 0.377 0.480 0.519 0.381 0.354 0.988 0.195 0.739 0.077 0.703 0.025 0.433 0.077 0.237 0.581 0.755 0.048 0.179 0.676 0.879 0.573 0.108 0.900 0.756 0.771 0.625 0.604 0.605 0.520 0.550 0.848 0.332 0.171 0.478 0.189 0.682 0.352 0.795 0.561 0.970 0.049 0.259 0.003 0.670 0.694 0.210 0.792 0.897 0.536 0.453 0.954 0.350 0.889 0.851 0.611 0.946 0.370 0.897 0.588 0.493 0.823 0.204 0.370 0.585 0.647 0.207 0.577 0.737 0.453 0.991 0.663 0.068 0.939 0.330 0.895 0.877 0.327 0.932 0.039 0.611 0.484 0.372 0.606 0.303 0.396 0.656 0.317 0.138 0.474 0.648 0.750 0.830 0.796 0.367 0.989 0.468 0.663 0.193 0.805 0.823 0.073 0.428 0.889 0.446 0.340 0.190 0.253 0.168 0.803 0.505 0.919 0.827 0.386 0.766 0.690 0.998 0.290 0.892 0.028 0.255 0.952 0.926 0.190 0.017 0.546 0.626 0.218 0.378 0.014 0.596 0.285 0.204 0.259 0.183 0.868 0.701 0.961 0.682 0.914 0.388 0.329 0.950 0.725 0.275 0.140 0.417 0.333 0.648 0.660 0.603 0.049 0.571 0.802 0.412 0.486 0.862 0.951 0.064 0.064 0.371 0.888 0.526 0.686 0.245 0.714 0.615 0.992 0.580 0.132 0.365 0.587 0.879 0.276 0.606 0.678 0.819 0.399 0.790 0.814 0.198 0.378 0.382 0.986 0.221 0.181 0.779 0.708 0.572 0.154 0.015 0.784 0.158 0.506 0.663 0.933 0.775 0.263 0.322 0.060 0.329 0.308 0.533 0.172 0.211 0.685 0.571 0.391 0.894 0.243 0.727 0.141 0.165 0.473 0.796 0.222 0.493 0.729 0.795 0.733 0.762 0.258 0.894 0.999 0.993 0.809 0.978 0.254 0.047 0.590 0.068 0.231 0.002 0.846 0.130 0.506 0.996 0.478 0.087 0.744 0.936 0.514 0.347 0.248 0.013 0.264 0.269 0.315 0.273 0.285 0.605 0.548 0.584 0.428 0.675 0.021 0.574 0.906 0.645 0.320 0.408 0.478 0.026 0.826 0.927 0.579 0.451 0.441 0.154 0.112 0.467 0.843 0.901 0.158 0.328 0.667 0.483 0.604 0.416 0.457 0.714 0.469 0.323 0.011 0.976 0.060 0.119 0.092 0.240 0.989 0.984 0.230 0.152 0.622 0.918 0.676 0.352 0.931 0.802 0.469 0.601 0.458 0.711 0.394 0.573 0.928 0.243 0.777 0.609 0.788 0.040 0.794 0.908 0.198 0.009 0.613 0.674 0.533 0.055 0.158 0.031 0.196 0.171 0.423 0.179 0.431 0.941 0.164 0.941 0.713 0.935 0.512 0.957 0.091 0.587 0.010 0.738 0.757 0.302 0.360 0.165 0.639 0.100 0.302 0.697 0.361 0.607 0.010 0.794 0.341 0.930 0.679 0.914 0.351 0.252 0.031 0.882 0.908 0.121 0.168 0.801 0.272 0.641 0.680 0.940 0.380 0.555 0.542 0.057 0.034 0.652 0.163 0.105 0.792 0.173 0.593 0.800 0.006 0.595 0.156 0.805 0.284 0.098 0.054 0.805 0.446 0.972 0.179 0.771 0.804 0.413 0.319 0.983 0.083 0.715 0.684 0.959 0.630 0.869 0.969 0.509 0.992 0.031 0.674 0.221 0.770 0.527 0.565 0.962 0.359 0.843 0.305 0.932 0.576 0.739 0.151 0.356 0.351 0.029 0.237 0.674 0.579 0.989 0.475 0.769 0.116 0.711 0.169 0.627 0.534 0.974 0.914 0.712 0.237 0.307 0.898 0.044 0.624 0.833 0.665 0.923 0.250 0.219 0.705 0.607 0.325 0.654 0.617 0.974 0.044 0.713 0.457 0.944 0.918 0.185 0.460 0.189 0.226 0.232 0.836 0.106 0.907 0.766 0.544 0.689 0.536 0.040 0.508 0.726 0.573 0.874 0.106 0.221 0.420 0.200 0.937 0.853 0.245 0.747 0.941 0.241 0.525 0.655 0.318 0.643 0.657 0.141 0.569 0.667 0.321 0.330 0.928 0.388 0.757 0.817 0.835 0.583 0.319 0.562 0.946 0.084 0.712 0.504 0.960 0.433 0.136 0.035 0.183 0.461 0.113 0.819 0.531 0.364 0.239 0.541 0.567 0.681 0.009 0.517 0.315 0.775 0.675 0.879 0.369 0.431 0.552 0.882 0.316 0.126 0.912 0.534 0.954 0.161 0.068 0.003 0.357 0.472 0.933 0.137 0.342 0.332 0.151 0.462 0.455 0.826 0.400 0.820 0.022 0.294 0.754 0.480 0.607 0.707 0.862 0.472 0.472 0.877 0.414 0.086 0.912 0.053 0.349 0.456 0.604 0.241 0.314 0.916 0.534 0.778 0.656 0.120 0.978 0.076 0.268 0.619 0.822 0.421 0.198 0.327 0.180 0.737 0.584 0.074 0.119 0.319 0.960 0.630 0.901 0.678 0.869 0.301 0.975 0.960 0.400 0.307 0.089 0.306 0.831 0.237 0.406 0.584 0.569 0.805 0.979 0.945 0.039 0.360 0.757 0.795 0.506 0.302 0.126 0.644 0.545 0.609 0.146 0.602 0.312 0.581 0.409 0.591 0.208 0.311 0.886 0.657 0.877 0.174 0.825 0.561 0.656 0.127 0.892 0.305 0.569 0.754 0.993 0.455 0.297 0.870 0.295 0.134 0.881 0.505 0.739 0.629 0.535 0.225 0.008 0.657 0.670 0.845 0.408 0.368 0.514 0.578 0.980 0.598 0.336 0.919 0.993 0.687 0.670 0.694 0.221 0.623 0.863 0.398 0.493 0.061 0.805 0.351 0.092 0.040 0.896 0.719 0.006 0.225 0.937 0.301 0.071 0.989 0.616 0.371 0.663 0.354 0.430 0.838 0.550 0.192 0.289 0.051 0.243 0.068 0.928 0.704 0.110 0.861 0.572 0.242 0.536 0.928 0.915 0.876 0.976 0.477 0.259 0.344 0.450 0.272 0.649 0.889 0.822 0.288 0.790 0.640 0.862 0.310 0.015 0.884 0.067 0.885 0.034 0.155 0.859 0.125 0.790 0.534 0.616 0.193 0.464 0.300 0.252 0.113 0.869 0.561 0.609 0.808 0.891 0.524 0.599 0.445 0.107 0.630 0.382 0.135 0.742 0.645 0.223 0.283 0.774 0.211 0.864 0.398 0.801 0.539 0.378 0.154 0.195 0.791 0.085 0.183 0.224 0.022 0.922 0.887 0.431 0.463 0.074 0.199 0.853 0.116 0.485 0.789 0.877 0.082 0.770 0.963 0.839 0.484 0.947 0.439 0.284 0.148 0.446 0.424 0.518 0.142 0.992 0.483 0.356 0.309 0.315 0.261 0.165 0.602 0.527 0.078 0.531 0.185 0.595 0.306 0.466 0.274 0.690 0.842 0.183 0.223 0.212 0.928 0.441 0.584 0.768 0.035 0.005 0.504 0.882 0.682 0.652 0.240 0.152 0.626 0.768 0.422 0.596 0.406 0.293 0.038 0.639 0.746 0.891 0.296 0.415 0.229 0.327 0.671 0.899 0.746 0.585 0.233 0.921 0.318 0.323 0.727 0.664 0.322 0.442 0.377 0.164 0.643 0.930 0.578 0.618 0.823 0.623 0.142 0.556 0.013 0.720 0.596 0.611 0.173 0.133 0.810 0.758 0.102 0.318 0.641 0.823 0.655 0.779 0.872 0.560 0.049 0.327 0.326 0.728 0.051 0.133 0.442 0.907 0.238 0.188 0.098 0.858 0.136 0.554 0.816 0.202 0.628 0.805 0.016 0.959 0.128 0.383 0.752 0.661 0.029 0.035 0.040 0.607 0.086 0.089 0.174 0.867 0.308 0.203 0.120 0.900 0.825 0.231 0.222 0.009 0.191 0.871 0.268 0.594 0.847 0.044 0.855 0.230 0.367 0.598 0.985 0.948 0.848 0.701 0.007 0.387 0.002 0.588 0.014 0.811 0.005 0.968 0.901 0.267 0.976 0.598 0.420 0.227 0.881 0.851 0.690 0.312 0.923 0.858 0.994 0.402 0.725 0.631 0.618 0.876 0.006 0.892 0.782 0.361 0.027 0.067 0.651 0.710 0.896 0.575 0.323 0.144 0.690 0.624 0.160 0.099 0.088 0.791 0.181 0.928 0.792 0.675 0.112 0.937 0.783 0.622 0.667 0.909 0.764 0.711 0.865 0.536 0.290 0.724 0.919 0.465 0.336 0.417 0.628 0.988 0.836 0.589 0.806 0.229 0.560 0.298 0.538 0.724 0.020 0.404 0.831 0.695 0.571 0.418 0.376 0.163 0.048 0.842 0.356 0.174 0.020 0.173 0.393 0.137 0.266 0.766 0.584 0.031 0.547 0.397 0.622 0.085 0.919 0.405 0.710 0.997 0.010 0.146 0.589 0.696 0.259 0.151 0.957 0.411 0.890 0.274 0.018 0.096 0.081 0.733 0.347 0.686 0.081 0.972 0.789 0.110 0.263 0.814 0.642 0.195 0.686 0.971 0.517 0.809 0.553 0.288 0.968 0.542 0.857 0.585 0.379 0.657 0.552 0.518 0.107 0.928 0.827 0.698 0.129 0.843 0.227 0.815 0.953 0.270 0.778 0.458 0.718 0.230 0.304 0.619 0.540 0.500 0.879 0.316 0.859 0.112 0.496 0.121 0.861 0.773 0.953 0.162 0.196 0.086 0.133 0.803 0.161 0.992 0.925 0.538 0.803 0.715 0.151 0.047 0.618 0.021 0.676 0.025 0.508 0.583 0.606 0.405 0.820 0.285 0.975 0.552 0.610 0.806 0.357 0.373 0.880 0.558 0.142 0.113 0.820 0.529 0.701 0.648 0.406 0.745 0.595 0.986 0.245 0.961 0.649 0.674 0.581 0.297 0.069 0.851 0.012 0.807 0.980 0.625 0.017 0.006 0.352 0.845 0.870 0.849 0.455 0.805 0.262 0.184 0.889 0.173 0.276 0.644 0.397 0.440 0.951 0.990 0.674 0.520 0.306 0.535 0.535 0.968 0.262 0.145 0.572 0.083 0.769 0.121 0.997 0.196 0.570 0.997 0.245 0.727 0.729 0.774 0.942 0.425 0.884 0.719 0.910 0.251 0.583 0.181 0.594 0.226 0.688 0.560 0.084 0.898 0.417 0.953 0.936 0.345 0.706 0.754 0.333 0.820 0.844 0.256 0.645 0.247 0.638 0.441 0.548 0.662 0.851 0.574 0.618 0.690 0.853 0.962 0.339 0.782 0.175 0.831 0.595 0.754 0.500 0.848 0.844 0.909 0.023 0.368 0.277 0.699 0.300 0.257 0.185 0.746 0.462 0.301 0.413 0.988 0.994 0.749 0.636 0.134 0.644 0.377 0.759 0.990 0.323 0.465 0.788 0.829 0.335 0.185 0.955 0.992 0.651 0.845 0.710 0.788 0.841 0.487 0.135 0.161 0.006 0.130 0.850 0.313 0.910 0.424 0.263 0.642 0.494 0.383 0.701 0.728 0.263 0.564 0.954 0.779 0.597 0.389 0.993 0.542 0.240 0.629 0.047 0.863 0.552 0.467 0.896 0.688 0.207 0.810 0.368 0.381 0.242 0.456 0.535 0.903 0.694 0.390 0.605 0.379 0.309 0.500 0.666 0.213 0.725 0.714 0.936 0.941 0.160 0.069 0.064 0.170 0.948 0.865 0.155 0.843 0.046 0.820 0.077 0.843 0.216 0.835 0.628 0.421 0.572 0.560 0.940 0.026 0.950 0.247 0.176 0.633 0.098 0.088 0.803 0.062 0.322 0.148 0.963 0.664 0.876 0.775 0.236 0.134 0.179 0.023 0.757 0.957 0.279 0.246 0.961 0.817 0.637 0.070 0.490 0.352 0.629 0.386 0.425 0.614 0.512 0.960 0.629 0.699 0.415 0.540 0.772 0.176 0.347 0.648 0.687 0.943 0.267 0.583 0.900 0.861 0.793 0.577 0.626 0.492 0.888 0.187 0.654 0.454 0.089 0.092 0.185 0.359 0.749 0.239 0.883 0.536 0.809 0.470 0.524 0.167 0.314 0.529 0.944 0.339 0.250 0.640 0.468 0.428 0.172 0.297 0.764 0.726 0.927 0.881 0.447 0.410 0.716 0.841 0.091 0.095 0.856 0.940 0.202 0.049 0.767 0.584 0.395 0.505 0.907 0.061 0.460 0.528 0.869 0.934 0.702 0.637 0.551 0.753 0.053 0.279 0.366 0.060 0.789 0.336 0.251 0.372 0.179 0.618 0.804 0.050 0.769 0.518 0.874 0.636 0.748 0.820 0.580 0.658 0.641 0.010 0.429 0.032 0.539 0.666 0.995 0.841 0.382 0.920 0.029 0.781 0.435 0.026 0.172 0.553 0.042 0.707 0.393 0.975 0.169 0.602 0.332 0.132 0.394 0.216 0.292 0.869 0.154 0.603 0.674 0.014 0.648 0.465 0.423 0.078 0.600 0.878 0.436 0.623 0.837 0.006 0.606 0.590 0.155 0.145 0.503 0.970 0.664 0.582 0.105 0.544 0.230 0.255 0.457 0.877 0.271 0.088 0.215 0.561 0.684 0.326 0.836 0.952 0.013 0.619 0.448 0.725 0.528 0.628 0.444 0.871 0.990 0.344 0.852 0.121 0.338 0.327 0.324 0.059 0.675 0.052 0.156 0.881 0.725 0.180 0.849 0.541 0.366 0.394 0.076 0.917 0.638 0.908 0.454 0.519 0.725 0.097 0.317 0.693 0.357 0.002 0.038 0.071 0.724 1.000 0.822 0.180 0.536 0.995 0.470 0.587 0.571 0.038 0.483 0.348 0.112 0.062 0.329 0.777 0.731 0.448 0.635 0.656 0.878 0.048 0.395 0.876 0.591 0.983 0.408 0.857 0.909 0.823 0.789 0.510 0.686 0.815 0.166 0.451 0.553 0.754 0.784 0.831 0.297 0.632 0.235 0.609 0.746 0.057 0.723 0.567 0.200 0.297 0.592 0.619 0.792 0.836 0.891 0.398 0.213 0.469 0.608 0.817 0.358 0.627 0.817 0.822 0.452 0.760 0.959 0.933 0.769 0.942 0.227 0.207 0.270 0.654 0.478 0.500 0.536 0.823 0.856 0.103 0.274 0.773 0.434 0.801 0.514 0.029 0.304 0.617 0.553 0.040 0.825 0.392 0.971 0.921 0.772 0.940 0.659 0.135 0.538 0.649 0.058 0.696 0.025 0.012 0.759 0.629 0.216 0.198 0.574 0.470 0.165 0.579 0.685 0.438 0.019 0.252 0.454 0.569 0.667 0.126 0.021 0.351 0.890 0.101 0.325 0.929 0.717 0.448 0.520 0.840 0.317 0.739 0.434 0.205 0.804 0.148 0.884 0.893 0.925 0.367 0.855 0.337 0.822 0.261 0.327 0.138 0.529 0.604 0.216 0.459 0.015 0.115 0.559 0.681 0.977 0.113 0.098 0.655 0.507 0.373 0.484 0.258 0.839 0.217 0.219 0.228 0.776 0.836 0.070 0.091 0.648 0.554 0.829 0.428 0.826 0.037 0.253 0.250 0.150 0.677 0.788 0.765 0.364 0.761 0.872 0.201 0.308 0.117 0.327 0.281 0.852 0.966 0.055 0.662 0.708 0.437 0.959 0.816 0.999 0.466 0.651 0.462 0.083 0.653 0.766 0.574 0.117 0.161 0.440 0.577 0.418 0.142 0.146 0.014 0.594 0.802 0.439 0.137 0.191 0.831 0.911 0.878 0.523 0.200 0.815 0.797 0.418 0.270 0.586 0.592 0.913 0.366 0.742 0.761 0.782 1.000 0.673 0.504 0.317 0.826 0.777 0.445 0.478 0.347 0.250 0.663 0.891 0.639 0.765 0.863 0.661 0.588 0.910 0.490 0.459 0.033 0.496 0.086 0.092 0.583 0.243 0.289 0.381 0.227 0.993 0.919 0.691 0.566 0.257 0.231 0.781 0.557 0.895 0.553 0.572 0.046 0.481 0.294 0.927 0.055 0.044 0.284 0.329 0.670 0.978 0.271 0.344 0.121 0.800 0.933 0.291 0.752 0.707 0.872 0.548 0.044 0.097 0.521 0.386 0.320 0.735 0.059 0.567 0.875 0.773 0.631 0.863 0.154 0.973 0.936 0.401 0.807 0.023 0.753 0.360 0.528 0.546 0.533 0.387 0.376 0.990 0.364 0.478 0.870 0.296 0.293 0.226 0.502 0.148 0.439 0.191 0.521 0.258 0.291 0.417 0.712 0.963 0.085 0.209 0.571 0.804 0.982 0.744 0.616 0.321 0.011 0.161 0.340 0.541 0.390 0.102 0.550 0.975 0.410 0.937 0.349 0.761 0.462 0.823 0.913 0.965 0.740 0.988 0.869 0.028 0.624 0.976 0.883 0.304 0.509 0.791 0.739 0.129 0.699 0.552 0.578 0.851 0.750 0.443 0.628 0.209 0.998 0.813 0.888 0.180 0.984 0.503 0.522 0.593 0.562 0.301 0.936 0.929 0.605 0.490 0.414 0.956 0.550 0.154 0.955 0.415 0.926 0.700 0.955 0.816 0.693 0.604 0.525 0.232 0.351 0.033 0.872 0.778 0.399 0.468 0.616 0.193 0.162 0.362 0.149 0.297 0.947 0.169 0.453 0.645 0.461 0.137 0.886 0.666 0.844 0.293 0.761 0.698 0.260 0.941 0.864 0.402 0.973 0.502 0.582 0.500 0.166 0.064 0.954 0.146 0.943 0.238 0.616 0.496 0.088 0.311 0.807 0.614 0.927 0.450 0.542 0.317 0.388 0.669 0.946 0.002 0.680 0.244 0.407 0.206 0.759 0.977 0.426 0.470 0.821 0.380 0.694 0.710 0.492 0.541 0.012 0.397 0.768 0.441 0.731 0.974 0.178 0.221 0.049 0.425 0.568 0.738 0.556 0.401 0.886 0.125 0.596 0.520 0.796 0.571 0.625 0.223 0.781 0.733 0.193 0.123 0.331 0.916 0.297 0.101 0.477 0.143 0.149 0.616 0.310 0.870 0.785 0.436 0.837 0.209 0.492 0.779 0.685 0.938 0.314 0.709 0.883 0.597 0.753 0.068 0.511 0.719 0.301 0.590 0.452 0.427 0.883 0.641 0.424 0.890 0.576 0.825 0.310 0.089 0.493 0.422 0.532 0.867 0.924 0.189 0.868 0.117 0.343 0.558 0.888 0.395 0.272 0.592 0.122 0.271 0.024 0.329 0.678 0.243 0.890 0.087 0.240 0.037 0.044 0.698 0.088 0.042 0.144 0.389 0.724 0.516 0.626 0.865 0.070 0.681 0.311 0.338 0.066 0.137 0.268 0.953 0.376 0.289 0.265 0.353 0.473 0.089 0.839 0.022 0.185 0.364 0.594 0.218 0.411 0.459 0.966 0.776 0.227 0.838 0.374 0.208 0.972 0.567 0.938 0.919 0.955 0.768 0.910 0.011 0.154 0.045 0.073 0.114 0.793 0.259 0.464 0.562 0.860 0.999 0.836 0.959 0.125 0.710 0.316 0.534 0.268 0.760 0.232 0.855 0.075 0.831 0.696 0.645 0.827 0.571 0.671 0.711 0.868 0.211 0.039 0.048 0.757 0.839 0.742 0.274 0.592 0.509 0.223 0.057 0.085 0.151 0.556 0.609 0.165 0.753 0.906 0.384 0.218 0.053 0.419 0.761 0.588 0.744 0.459 0.003 0.214 0.927 0.179 0.737 0.823 0.795 0.397 0.950 0.923 0.635 0.447 0.498 0.254 0.713 0.138 0.918 0.426 0.675 0.812 0.604 0.976 0.544 0.119 0.962 0.421 0.004 0.715 0.133 0.129 0.883 0.611 0.223 0.120 0.334 0.900 0.113 0.278 0.057 0.013 0.965 0.092 0.323 0.838 0.061 0.929 0.186 0.601 0.316 0.094 0.719 0.310 0.738 0.738 0.204 0.998 0.521 0.810 0.514 0.877 0.678 0.135 0.173 0.204 0.687 0.101 0.688 0.248 0.091 0.177 0.838 0.417 0.173 0.444 0.789 0.050 0.304 0.835 0.295 0.003 0.118 0.459 0.010 0.541 0.990 0.016 0.048 0.332 0.714 0.440 0.251 0.918 0.056 0.911 0.584 0.399 0.643 0.035 0.983 0.520 0.867 0.982 0.743 0.722 0.553 0.449 0.556 0.620 0.745 0.646 0.390 0.335 0.195 0.808 0.676 0.620 0.221 0.824 0.635 0.201 0.737 0.549 0.066 0.750 0.554 0.364 0.964 0.318 0.629 0.768 0.286 0.529 0.095 0.020 0.886 0.405 0.325 0.714 0.841 0.338 0.216 0.703 0.322 0.133 0.539 0.689 0.774 0.464 0.177 0.264 0.402 0.425 0.458 0.938 0.962 0.789 0.818 0.291 0.490 0.725 0.893 0.967 0.183 0.812 0.006 0.995 0.203 0.596 0.474 0.631 0.402 0.416 0.920 0.074 0.429 0.427 0.274 0.686 0.332 0.582 0.866 0.228 0.079 0.933 0.616 0.603 0.360 0.383 0.635 0.624 0.307 0.586 0.948 0.366 0.230 0.769 0.722 0.264 0.910 0.019 0.378 0.956 0.744 0.372 0.795 0.049 0.618 0.540 0.010 0.657 0.365 0.263 0.956 0.827 0.656 0.232 0.156 0.734 0.407 0.466 0.898 0.475 0.703 0.683 0.720 0.184 0.078 0.952 0.575 0.078 0.350 0.328 0.953 0.102 0.825 0.727 0.618 0.580 0.134 0.722 0.268 0.175 0.011 0.564 0.954 0.717 0.343 0.553 0.800 0.082 0.959 0.857 0.465 0.710 0.420 0.891 0.464 0.261 0.548 0.407 0.691 0.065 0.509 0.717 0.671 0.815 0.886 0.494 0.157 0.189 0.785 0.702 0.706 0.167 0.541 0.764 0.187 0.209 0.417 0.297 0.255 0.970 0.930 0.738 0.479 0.172 0.450 0.070 0.343 0.515 0.381 0.354 0.429 0.333 0.626 0.851 0.476 0.765 0.066 0.258 0.341 0.750 0.999 0.853 0.572 0.127 0.455 0.981 0.206 0.637 0.345 0.023 0.502 0.397 0.234 0.244 0.110 0.541 0.828 0.488 0.452 0.900 0.627 0.274 0.446 0.598 0.043 0.610 0.996 0.972 0.535 0.072 0.753 0.497 0.566 0.402 0.512 0.141 0.577 0.004 0.558 0.070 0.622 0.177 0.720 0.625 0.527 0.378 0.470 0.838 0.021 0.750 0.458 0.039 0.030 0.961 0.776 0.651 0.406 0.155 0.801 0.448 0.760 0.325 0.654 0.543 0.877 0.182 0.846 0.664 0.811 0.735 0.510 0.284 0.276 0.128 0.595 0.511 0.370 0.968 0.518 0.777 0.455 0.762 0.783 0.326 0.100 0.794 0.295 0.125 0.761 0.606 0.915 0.178 0.415 0.390 0.795 0.872 0.630 0.606 0.367 0.984 0.165 0.764 0.702 0.513 0.682 0.620 0.581 0.931 0.974 0.714 0.770 0.467 0.650 0.174 0.887 0.463 0.706 0.740 0.007 0.864 0.668 0.821 0.919 0.554 0.463 0.665 0.048 0.571 0.987 0.380 0.252 0.706 0.912 0.331 0.435 0.086 0.770 0.953 0.925 0.635 0.268 0.299 0.796 0.278 0.264 0.963 0.566 0.711 0.648 0.635 0.497 0.205 0.145 0.590 0.545 0.467 0.809 0.262 0.615 0.627 0.093 0.768 0.661 0.239 0.566 0.371 0.286 0.129 0.595 0.829 0.983 0.850 0.476 0.628 0.622 0.568 0.693 0.617 0.068 0.022 0.479 0.215 0.504 0.791 0.334 0.171 0.734 0.358 0.024 0.221 0.707 0.016 0.857 0.846 0.081 0.019 0.398 0.206 0.892 0.364 0.395 0.208 0.746 0.424 0.266 0.474 0.527 0.087 0.553 0.381 0.766 0.139 0.895 0.675 0.827 0.411 0.056 0.545 0.604 0.648 0.523 0.462 0.459 0.462 0.121 0.436 0.923 0.458 0.536 0.287 0.126 0.282 0.513 0.767 0.126 0.304 0.006 0.095 0.014 0.141 0.488 0.379 0.304 0.589 0.198 0.163 0.854 0.903 0.410 0.781 0.961 0.335 0.093 0.381 0.067 0.914 0.548 0.391 0.722 0.902 0.700 0.795 0.983 0.784 0.334 0.908 0.579 0.671 0.039 0.070 0.705 0.604 0.614 0.928 0.850 0.323 0.745 0.115 0.245 0.108 0.049 0.985 0.506 0.133 0.490 0.400 0.939 0.652 0.010 0.549 0.901 0.603 0.684 0.727 0.284 0.159 0.910 0.846 0.663 0.972 0.418 0.634 0.015 0.557 0.535 0.742 0.951 0.365 0.517 0.897 0.588 0.892 0.410 0.132 0.545 0.977 0.535 0.921 0.025 0.405 0.573 0.402 0.697 0.736 0.273 0.197 0.649 0.983 0.783 0.167 0.028 0.785 0.431 0.321 0.618 0.220 0.074 0.318 0.497 0.865 0.260 0.337 0.169 0.832 0.711 0.460 0.819 0.962 0.079 0.352 0.068 0.707 0.259 0.696 0.754 0.269 0.781 0.870 0.550 0.637 0.619 0.927 0.587 0.003 0.685 0.408 0.102 0.136 0.816 0.695 0.230 0.475 0.170 0.943 0.894 0.216 0.164 0.347 0.460 0.506 0.954 0.676 0.071 0.729 0.993 0.978 0.978 0.756 0.227 0.258 0.607 0.808 0.529 0.772 0.070 0.801 0.483 0.852 0.085 0.597 0.205 0.062 0.085 0.862 0.041 0.018 0.778 0.209 0.784 0.054 0.624 0.565 0.139 0.525 0.976 0.631 0.357 0.423 0.555 0.660 0.030 0.743 0.393 0.242 0.524 0.980 0.611 0.351 0.543 0.072 0.223 0.330 0.655 0.427 0.277 0.656 0.019 0.379 0.458 0.368 0.960 0.735 0.260 0.406 0.336 0.952 0.183 0.457 0.093 0.462 0.631 0.653 0.183 0.229 0.331 0.895 0.243 0.345 0.090 0.849 0.669 0.559 0.974 0.540 0.785 0.847 0.496 0.801 0.566 0.743 0.893 0.927 0.696 0.314 0.147 0.919 0.761 0.489 0.786 0.086 0.141 0.321 0.466 0.510 0.781 0.989 0.122 0.524 0.962 0.720 0.593 0.602 0.843 0.763 0.330 0.747 0.895 0.328 0.157 0.057 0.534 0.612 0.261 0.562 0.595 0.240 0.152 0.050 0.304 0.032 0.383 0.154 0.520 0.965 0.933 0.954 0.622 0.982 0.705 0.802 0.573 0.797 0.421 0.728 0.071 0.400 0.337 0.372 0.229 0.227 0.527 0.907 0.514 0.851 0.351 0.980 0.304 0.153 0.858 0.145 0.515 0.568 0.780 0.232 0.602 0.632 0.273 0.204 0.299 0.705 0.866 0.817 0.809 0.428 0.167 0.339 0.217 0.948 0.767 0.227 0.020 0.307 0.843 0.845 0.106 0.657 0.092 0.022 0.778 0.234 0.334 0.324 0.059 0.527 0.191 0.374 0.748 0.057 0.555 0.467 0.156 0.420 0.926 0.964 0.992 0.595 0.397 0.689 0.796 0.890 0.274 0.289 0.580 0.086 0.458 0.303 0.239 0.272 0.924 0.418 0.066 0.160 0.026 0.106 0.991 0.086 0.825 0.396 0.690 0.314 0.655 0.625 0.155 0.214 0.158 0.152 0.704 0.715 0.365 0.636 0.894 0.124 0.219 0.336 0.612 0.925 0.968 0.876 0.453 0.314 0.646 0.819 0.653 0.677 0.806 0.019 0.828 0.775 0.943 0.200 0.759 0.494 0.241 0.821 0.981 0.481 0.639 0.995 0.508 0.098 0.594 0.819 0.918 0.374 0.747 0.538 0.275 0.097 0.894 0.243 0.873 0.015 0.492 0.507 0.220 0.734 0.178 0.099 0.417 0.656 0.593 0.661 0.362 0.951 0.291 0.560 0.017 0.486 0.919 0.565 0.216 0.539 0.204 0.717 0.260 0.757 0.471 0.123 0.068 0.467 0.816 0.049 0.074 0.992 0.303 0.251 0.572 0.534 0.765 0.841 0.660 0.362 0.364 0.761 0.183 0.584 0.217 0.296 0.785 0.923 0.442 0.168 0.976 0.756 0.361 0.799 0.961 0.377 0.491 0.637 0.931 0.760 0.804 0.194 0.046 0.613 0.922 0.488 0.604 0.577 0.867 0.479 0.284 0.668 0.111 0.290 0.516 0.488 0.920 0.761 0.721 0.513 0.667 0.878 0.295 0.110 0.578 0.895 0.801 0.343 0.970 0.956 0.193 0.469 0.793 0.105 0.862 0.468 0.866 0.437 0.514 0.952 0.840 0.813 0.190 0.878 0.315 0.876 0.381 0.146 0.906 0.659 0.698 0.562 0.417 0.046 0.693 0.010 0.905 0.475 0.877 0.595 0.076 0.950 0.259 0.911 0.747 0.616 0.572 0.852 0.116 0.773 0.883 0.398 0.731 0.590 0.015 0.534 0.196 0.556 0.695 0.021 0.133 0.481 0.818 0.889 0.466 0.631 0.518 0.242 0.666 0.137 0.626 0.446 0.675 0.980 0.437 0.856 0.168 0.259 0.517 0.816 0.494 0.693 0.563 0.423 0.120 0.531 0.023 0.379 0.949 0.205 0.002 0.414 0.943 0.148 0.963 0.737 0.381 0.315 0.574 0.716 0.970 0.190 0.923 0.021 0.371 0.882 0.038 0.727 0.735 0.009 0.074 0.295 0.258 0.039 0.288 0.031 0.390 0.352 0.600 0.707 0.420 0.806 0.166 0.332 0.225 0.664 0.001 0.783 0.887 0.612 0.208 0.807 0.437 0.573 0.712 0.133 0.168 0.497 0.429 0.845 0.875 0.582 0.811 0.449 0.368 0.718 0.445 0.831 0.094 0.402 0.677 0.544 0.749 0.196 0.640 0.590 0.124 0.511 0.402 0.223 0.119 0.643 0.212 0.565 0.588 0.329 0.485 0.424 0.567 0.855 0.062 0.608 0.324 0.069 0.719 0.195 0.624 0.502 0.155 0.957 0.969 0.957 0.049 0.457 0.542 0.347 0.997 0.693 0.384 0.192 0.752 0.229 0.441 0.895 0.277 0.407 0.747 0.531 0.348 0.005 0.575 0.079 0.918 0.807 0.054 0.366 0.972 0.146 0.132 0.971 0.693 0.966 0.035 0.275 0.149 0.959 0.673 0.765 0.773 0.346 0.355 0.863 0.707 0.225 0.465 0.035 0.558 0.127 0.091 0.363 0.699 0.261 0.571 0.786 0.816 0.267 0.926 0.737 0.947 0.034 0.655 0.129 0.198 0.973 0.873 0.607 0.391 0.683 0.511 0.502 0.162 0.145 0.149 0.417 0.601 0.463 0.971 0.247 0.897 0.270 0.691 0.850 0.134 0.243 0.884 0.598 0.652 0.008 0.587 0.327 0.680 0.683 0.607 0.633 0.336 0.027 0.135 0.859 0.639 0.326 0.892 0.785 0.720 0.331 0.463 0.775 0.730 0.010 0.509 0.366 0.171 0.357 0.939 0.530 0.459 0.968 0.053 0.295 0.980 0.313 0.723 0.242 0.672 0.697 0.836 0.794 0.009 0.520 0.366 0.718 0.275 0.189 0.499 0.401 0.627 0.851 0.804 0.138 0.302 0.597 0.886 0.555 0.853 0.217 0.293 0.819 0.407 0.464 0.857 0.673 0.780 0.837 0.588 0.084 0.918 0.448 0.309 0.472 0.996 0.216 0.872 0.241 0.964 0.086 0.218 0.871 0.986 0.449 0.151 0.764 0.625 0.613 0.728 0.209 0.090 0.629 0.102 0.540 0.415 0.086 0.230 0.192 0.188 0.945 0.032 0.471 0.641 0.160 0.204 0.808 0.611 0.280 0.919 0.930 0.226 0.978 0.893 0.552 0.832 0.440 0.647 0.809 0.876 0.311 0.214 0.720 0.329 0.139 0.664 0.034 0.051 0.484 0.827 0.603 0.553 0.178 0.471 0.355 0.840 0.457 0.402 0.084 0.014 0.294 0.510 0.651 0.622 0.537 0.460 0.354 0.901 0.046 0.935 0.543 0.158 0.864 0.366 0.059 0.338 0.825 0.966 0.586 0.097 0.532 0.849 0.691 0.856 0.130 0.986 0.731 0.134 0.053 0.165 0.262 0.989 0.191 0.041 0.233 0.997 0.193 0.692 0.682 0.465 0.139 0.144 0.531 0.428 0.587 0.777 0.642 0.725 0.501 0.349 0.093 0.610 0.190 0.518 0.772 0.517 0.947 0.458 0.557 0.189 0.690 0.503 0.917 0.918 0.158 0.349 0.362 0.502 0.893 0.356 0.988 0.291 0.583 0.192 0.313 0.626 0.893 0.739 0.470 0.603 0.114 0.138 0.761 0.378 0.793 0.271 0.645 0.108 0.275 0.832 0.679 0.194 0.243 0.900 0.912 0.017 0.288 0.912 0.287 0.251 0.991 0.092 0.982 0.555 0.290 0.635 0.825 0.901 0.404 0.398 0.782 0.490 0.809 0.050 0.521 0.744 0.548 0.163 0.046 0.999 0.156 0.492 0.013 0.532 0.120 0.208 0.909 0.864 0.363 0.293 0.436 0.402 0.587 0.722 0.059 0.307 0.496 0.462 0.674 0.242 0.059 0.802 0.351 0.375 0.874 0.520 0.900 0.888 0.140 0.455 0.452 0.716 0.385 0.940 0.706 0.238 0.124 0.030 0.044 0.548 0.297 0.723 0.513 0.317 0.744 0.015 0.382 0.566 0.934 0.142 0.024 0.701 0.196 0.422 0.871 0.853 0.597 0.741 0.259 0.894 0.213 0.478 0.424 0.693 0.926 0.892 0.759 0.567 0.061 0.724 0.765 0.322 0.516 0.498 0.428 0.729 0.228 0.232 0.675 0.593 0.556 0.729 0.973 0.512 0.872 0.980 0.075 0.411 0.152 0.716 0.963 0.591 0.111 0.059 0.009 0.738 0.660 0.800 0.576 0.897 0.679 0.844 0.035 0.763 0.583 0.314 0.982 0.229 0.268 0.623 0.695 0.389 0.049 0.287 0.479 0.696 0.113 0.294 0.015 0.832 0.318 0.769 0.513 0.735 0.145 0.333 0.677 0.966 0.659 0.204 0.580 0.620 0.190 0.829 0.217 0.778 0.040 0.523 0.675 0.378 0.873 0.495 0.166 0.153 0.992 0.081 0.654 0.835 0.066 0.590 0.002 0.467 0.378 0.774 0.062 0.415 0.159 0.848 0.488 0.068 0.872 0.393 0.639 0.865 0.761 0.210 0.984 0.108 0.121 0.148 0.705 0.431 0.564 0.549 0.522 0.405 0.073 0.397 0.459 0.769 0.501 0.054 0.865 0.585 0.396 0.562 0.540 0.861 0.286 0.742 0.332 0.678 0.166 0.861 0.757 0.860 0.921 0.388 0.140 0.192 0.797 0.239 0.877 0.900 0.917 0.113 0.276 0.488 0.980 0.162 0.696 0.024 0.176 0.492 0.364 0.020 0.625 0.797 0.779 0.939 0.750 0.107 0.815 0.266 0.764 0.418 0.877 0.732 0.498 0.509 0.810 0.182 0.684 0.007 0.282 0.302 0.109 0.590 0.703 0.433 0.798 0.313 0.423 0.588 0.423 0.119 0.564 0.858 0.093 0.331 0.397 0.046 0.836 0.939 0.257 0.227 0.914 0.871 0.663 0.130 0.212 0.940 0.239 0.416 0.791 0.161 0.796 0.210 0.166 0.670 0.179 0.350 0.777 1.000 0.743 0.820 0.669 0.199 0.836 0.658 0.709 0.815 0.263 0.557 0.866 0.307 0.757 0.090 0.905 0.276 0.897 0.856 0.777 0.014 0.144 0.088 0.955 0.567 0.017 0.087 0.969 0.443 0.358 0.577 0.941 0.882 0.469 0.802 0.470 0.814 0.637 0.471 0.176 0.215 0.077 0.920 0.845 0.945 0.166 0.605 0.164 0.613 0.416 0.035 0.137 0.035 0.117 0.929 0.036 0.257 0.250 0.672 0.195 0.977 0.094 0.518 0.569 0.339 0.600 0.316 0.908 0.477 0.040 0.775 0.399 0.415 0.990 0.475 0.628 0.815 0.715 0.399 0.532 0.991 0.340 0.513 0.012 0.524 0.569 0.343 0.576 0.463 0.740 0.946 0.608 0.951 0.781 0.552 0.258 0.953 0.268 0.967 0.384 0.016 0.006 0.511 0.326 0.317 0.454 0.894 0.841 0.561 0.905 0.093 0.882 0.764 0.579 0.331 0.518 0.112 0.785 0.785 0.277 0.284 0.254 0.377 0.310 0.870 0.506 0.065 0.478 0.403 0.636 0.072 0.655 0.606 0.738 0.083 0.548 0.368 0.665 0.433 0.047 0.319 0.949 0.514 0.749 0.683 0.018 0.091 0.201 0.431 0.962 0.952 0.494 0.847 0.302 0.959 0.378 0.508 0.365 0.751 0.339 0.943 0.275 0.580 0.797 0.441 0.014 0.904 0.980 0.631 0.481 0.422 0.816 0.376 0.409 0.724 0.391 0.255 0.587 0.742 0.239 0.492 0.854 0.330 0.862 0.938 0.253 0.698 0.644 0.465 0.437 0.152 0.957 0.352 0.789 0.594 0.847 0.366 0.763 0.908 0.761 0.614 0.156 0.322 0.083 0.281 0.485 0.557 0.863 0.369 0.829 0.315 0.926 0.047 0.104 0.276 0.266 0.341 0.758 0.930 0.010 0.266 0.799 0.783 0.014 0.151 0.812 0.841 0.668 0.923 0.345 0.036 0.933 0.519 0.131 0.242 0.306 0.284 0.722 0.692 0.124 0.117 0.741 0.988 0.061 0.198 0.209 0.306 0.006 0.668 0.495 0.002 0.569 0.020 0.191 0.081 0.887 0.104 0.884 0.082 0.791 0.926 0.604 0.473 0.887 0.423 0.992 0.227 0.733 0.449 0.171 0.243 0.445 0.089 0.776 0.049 0.834 0.150 0.423 0.492 0.950 0.584 0.429 0.064 0.813 0.735 0.620 0.515 0.705 0.419 0.496 0.815 0.845 0.342 0.677 0.505 0.177 0.246 0.218 0.385 0.469 0.208 0.661 0.477 0.198 0.082 0.997 0.721 0.849 0.143 0.309 0.840 0.771 0.425 0.706 0.945 0.405 0.241 0.252 0.119 0.076 0.249 0.729 0.078 0.504 0.517 0.008 0.503 0.230 0.911 0.793 0.465 0.485 0.268 0.820 0.815 0.817 0.532 0.283 0.595 0.368 0.381 0.785 0.124 0.297 0.752 0.209 0.086 0.044 0.169 0.355 0.217 0.366 0.891 0.904 0.098 0.755 0.388 0.876 0.043 0.669 0.456 0.559 0.808 0.862 0.392 0.035 0.586 0.376 0.284 0.112 0.990 0.596 0.726 0.233 0.575 0.064 0.983 0.796 0.963 0.897 0.417 0.574 0.548 0.529 0.907 0.672 0.505 0.592 0.525 0.403 0.304 0.941 0.366 0.937 0.819 0.335 0.754 0.872 0.554 0.874 0.746 0.680 0.581 0.318 0.351 0.373 0.557 0.464 0.015 0.770 0.890 0.678 0.924 0.290 0.309 0.322 0.976 0.094 0.961 0.181 0.363 0.291 0.162 0.024 0.389 0.733 0.950 0.722 0.699 0.323 0.142 0.689 0.574 0.889 0.938 0.361 0.695 0.543 0.515 0.892 0.516 0.697 0.581 0.646 0.958 0.389 0.386 0.377 0.195 0.140 0.453 0.215 0.530 0.390 0.316 0.961 0.792 0.834 0.545 0.290 0.633 0.611 0.530 0.795 0.846 0.187 0.732 0.850 0.230 0.699 0.633 0.702 0.025 0.361 0.866 0.494 0.670 0.097 0.509 0.486 0.457 0.621 0.234 0.690 0.127 0.404 0.456 0.842 0.253 0.718 0.374 0.283 0.615 0.181 0.721 0.849 0.527 0.253 0.824 0.861 0.164 0.444 0.253 0.142 0.080 0.330 0.560 0.616 0.606 0.005 0.634 0.612 0.533 0.196 0.435 0.344 0.743 0.397 0.546 0.845 0.754 0.500 0.249 0.739 0.128 0.582 0.950 0.169 0.282 0.120 0.170 0.010 0.454 0.648 0.258 0.141 0.460 0.012 0.523 0.008 0.027 0.680 0.852 0.982 0.292 0.114 0.167 0.362 0.843 0.706 0.692 0.579 0.118 0.967 0.569 0.025 0.886 0.365 0.319 0.703 0.778 0.586 0.512 0.787 0.475 0.768 0.305 0.759 0.835 0.393 0.458 0.745 0.066 0.160 0.587 0.056 0.631 0.218 0.415 0.586 0.485 0.441 0.000 0.437 0.930 0.463 0.639 0.174 0.036 0.986 0.868 0.551 0.392 0.607 0.842 
ofv: -14374566.000000
Best time: 2.134
Total time:2.134 


Instance: ../Instances/KP/00Uncorrelated/n10000/kp015.txt
RKO: SA | 
Sol: 0.668 0.243 0.648 0.451 0.744 0.302 0.631 0.736 0.957 0.869 0.897 0.583 0.383 0.873 0.244 0.644 0.670 0.100 0.921 0.595 0.151 0.377 0.913 0.963 0.977 0.869 0.584 0.266 0.936 0.712 0.207 0.954 0.973 0.950 0.817 0.029 0.105 0.490 0.773 0.434 0.462 0.006 0.942 0.616 0.232 0.808 0.861 0.287 0.542 0.085 0.583 0.487 0.348 0.616 0.718 0.436 0.861 0.340 0.251 0.998 0.185 0.367 0.106 0.762 0.558 0.623 0.849 0.072 0.492 0.495 0.309 0.123 0.630 0.124 0.443 0.531 0.738 0.406 0.383 0.962 0.622 0.863 0.361 0.970 0.087 0.464 0.356 0.893 0.808 0.026 0.231 0.161 0.963 0.092 0.456 0.269 0.821 0.091 0.869 0.752 0.725 0.809 0.021 0.539 0.932 0.159 0.111 0.823 0.264 0.057 0.253 0.889 0.327 0.619 0.830 0.729 0.479 0.308 0.225 0.250 0.150 0.460 0.200 0.221 0.295 0.060 0.511 0.108 0.651 0.102 0.733 0.084 0.772 0.744 0.010 0.528 0.955 0.235 0.041 0.076 0.046 0.126 0.641 0.550 0.058 0.356 0.971 0.590 0.791 0.094 0.925 0.317 0.733 0.446 0.665 0.591 0.202 0.088 0.368 0.206 0.990 0.872 0.869 0.400 0.837 0.952 0.388 0.810 0.704 0.183 0.859 0.259 0.014 0.073 0.394 0.496 0.611 0.789 0.345 0.934 0.169 0.327 0.290 0.200 0.074 0.703 0.818 0.099 0.999 0.015 0.622 0.260 0.674 0.260 0.975 0.297 0.170 0.232 0.668 0.090 0.514 0.790 0.934 0.155 0.035 0.762 0.609 0.563 0.033 0.811 0.387 0.614 0.892 0.537 0.507 0.149 0.824 0.725 0.494 0.642 0.643 0.018 0.028 0.481 0.146 0.325 0.483 0.794 0.671 0.939 0.012 0.741 0.053 0.892 0.605 0.482 0.710 0.267 0.552 0.682 0.639 0.910 0.060 0.374 0.016 0.378 0.110 0.432 0.145 0.293 0.236 0.343 0.407 0.258 0.687 0.818 0.847 0.474 0.760 0.288 0.494 0.643 0.865 0.505 0.007 0.382 0.037 0.338 0.416 0.324 0.989 0.500 0.849 0.919 0.897 0.489 0.139 0.827 0.696 0.676 0.974 0.049 0.588 0.533 0.886 0.340 0.194 0.244 0.751 0.551 0.571 0.245 0.215 0.369 0.313 0.097 0.773 0.476 0.226 0.567 0.510 0.110 0.427 0.135 0.990 0.703 0.057 0.756 0.010 0.754 0.942 0.295 0.340 0.534 0.449 0.165 0.934 0.265 0.038 0.753 0.224 0.763 0.040 0.684 0.867 0.330 0.832 0.037 0.753 0.711 0.011 0.020 0.575 0.072 0.725 0.930 0.379 0.043 0.143 0.561 0.850 0.888 0.543 0.193 0.095 0.715 0.470 0.189 0.596 0.888 0.653 0.286 0.740 0.526 0.323 0.884 0.212 0.459 0.462 0.599 0.257 0.191 0.337 0.286 0.706 0.970 0.093 0.725 0.983 0.750 0.602 0.340 0.924 0.835 0.283 0.195 0.824 0.545 0.825 0.478 0.175 0.735 0.602 0.679 0.562 0.158 0.950 0.704 0.512 0.231 0.347 0.464 0.266 0.127 0.241 0.214 0.901 0.533 0.369 0.045 0.609 0.652 0.364 0.843 0.328 0.565 0.579 0.723 0.878 0.616 0.097 0.002 0.347 0.163 0.186 0.468 0.920 0.272 0.360 0.553 0.952 0.709 0.495 0.069 0.944 0.326 0.858 0.143 0.478 0.915 0.664 0.920 0.268 0.500 0.237 0.634 0.836 0.277 0.374 0.607 0.208 0.550 0.957 0.892 0.703 0.887 0.589 0.897 0.693 0.951 0.832 0.290 0.135 0.206 0.056 0.820 0.113 0.876 0.779 0.886 0.688 0.458 0.729 0.327 0.980 0.126 0.977 0.141 0.106 0.134 0.820 0.202 0.219 0.944 0.998 0.203 0.305 0.783 0.416 0.712 0.153 0.331 0.803 0.918 0.988 0.469 0.833 0.864 0.767 0.961 0.587 0.698 0.896 0.619 0.850 0.572 0.922 0.970 0.941 0.356 0.830 0.025 0.428 0.224 0.741 0.675 0.454 0.710 0.465 0.362 0.790 0.697 0.673 0.075 0.425 0.654 0.357 0.875 0.769 0.019 0.742 0.636 0.741 0.024 0.154 0.830 0.282 0.959 0.170 0.455 0.114 0.055 0.165 0.567 0.998 0.367 0.912 0.833 0.967 0.681 0.687 0.734 0.426 0.547 0.026 0.611 0.652 0.413 0.044 0.062 0.892 0.689 0.429 0.137 0.664 0.495 0.386 0.179 0.138 0.309 0.893 0.781 0.533 0.450 0.681 0.767 0.105 0.956 0.373 0.768 0.692 0.038 0.481 0.679 0.218 0.416 0.311 0.647 0.708 0.348 0.390 0.465 0.709 0.621 0.290 0.529 0.580 0.988 0.405 0.432 0.752 0.506 0.365 0.596 0.067 0.243 0.731 0.874 0.449 0.935 0.067 0.339 0.683 0.193 0.752 0.542 0.760 0.798 0.828 0.080 0.328 0.926 0.635 0.725 0.931 0.530 0.647 0.256 0.553 0.748 0.362 0.749 0.709 0.010 0.632 0.265 0.521 0.030 0.468 0.073 0.412 0.525 0.727 0.212 0.818 0.723 0.564 0.381 0.002 0.006 0.811 0.675 0.564 0.165 0.595 0.555 0.695 0.606 0.443 0.851 0.885 0.566 0.423 0.292 0.949 0.604 0.482 0.930 0.625 0.150 0.849 0.730 0.162 0.478 0.667 0.598 0.986 0.264 0.695 0.649 0.859 0.096 0.641 0.499 0.452 0.826 0.665 0.749 0.310 0.904 0.371 0.475 0.359 0.204 0.355 0.817 0.929 0.808 0.011 0.377 0.962 0.440 0.603 0.954 0.134 0.006 0.013 0.094 0.023 0.665 0.970 0.222 0.412 0.308 0.594 0.204 0.602 0.794 0.567 0.077 0.723 0.314 0.217 0.857 0.777 0.726 0.844 0.564 0.310 0.323 0.578 0.972 0.926 0.125 0.094 0.427 0.949 0.783 0.015 0.780 0.102 0.132 0.664 0.270 0.215 0.440 0.716 0.040 0.453 0.456 0.983 0.737 0.377 0.556 0.079 0.350 0.238 0.721 0.044 0.004 0.761 0.188 0.121 0.239 0.377 0.554 0.410 0.267 0.573 0.228 0.871 0.727 0.056 0.900 0.187 0.696 0.771 0.926 0.112 0.697 0.449 0.556 0.665 0.401 0.824 0.237 0.448 0.106 0.186 0.767 0.596 0.521 0.915 0.042 0.439 0.860 0.820 0.176 0.242 0.364 0.262 0.050 0.977 0.797 0.021 0.886 0.293 0.860 0.482 0.151 0.775 0.644 0.371 0.154 0.595 0.593 0.581 0.475 0.678 0.328 0.202 0.615 0.722 0.558 0.820 0.021 0.880 0.611 0.824 0.034 0.724 0.294 0.540 0.363 0.835 0.110 0.086 0.035 0.857 0.599 0.561 0.604 0.869 0.331 0.547 0.041 0.662 0.474 0.469 0.853 0.047 0.250 0.015 0.228 0.648 0.501 0.491 0.187 0.664 0.586 0.003 0.153 0.551 0.818 0.847 0.875 0.355 0.141 0.883 0.579 0.916 0.988 0.970 0.046 0.349 0.944 0.527 0.769 0.316 0.835 0.644 0.759 0.885 0.500 0.030 0.543 0.987 0.003 0.135 0.549 0.524 0.482 0.644 0.670 0.313 0.349 0.613 0.315 0.688 0.605 0.017 0.361 0.052 0.867 0.082 0.372 0.130 0.872 0.014 0.748 0.078 0.553 0.997 0.174 0.599 0.657 0.957 0.679 0.156 0.995 0.003 0.549 0.159 0.858 0.213 0.038 0.725 0.476 0.196 0.793 0.979 0.045 0.470 0.585 0.953 0.528 0.876 0.596 0.167 0.889 0.688 0.715 0.553 0.138 0.459 0.543 0.588 0.147 0.037 0.573 0.794 0.888 0.134 0.191 0.768 0.192 0.956 0.507 0.786 0.885 0.987 0.258 0.284 0.485 0.178 0.917 0.645 0.885 0.447 0.675 0.860 0.620 0.645 0.870 0.729 0.178 0.298 0.846 0.111 0.073 0.978 0.728 0.293 0.270 0.965 0.639 0.323 0.208 0.127 0.751 0.765 0.950 0.165 0.177 0.146 0.962 0.228 0.750 0.468 0.477 0.081 0.066 0.247 0.115 0.737 0.793 0.767 0.535 0.186 0.720 0.472 0.362 0.164 0.581 0.372 0.619 0.840 0.480 0.225 0.101 0.919 0.081 0.631 0.277 0.545 0.805 0.553 0.718 0.598 0.104 0.408 0.661 0.541 0.338 0.496 0.992 0.123 0.789 0.542 0.639 0.979 0.465 0.951 0.038 0.286 0.806 0.423 0.658 0.564 0.013 0.445 0.211 0.087 0.955 0.202 0.232 0.798 0.592 0.198 0.960 0.916 0.228 0.010 0.816 0.549 0.924 0.374 0.031 0.233 0.870 0.893 0.673 0.078 0.563 0.750 0.671 0.546 0.852 0.543 0.508 0.313 0.844 0.826 0.988 0.571 0.658 0.080 0.539 0.186 0.401 0.958 0.869 0.466 0.439 0.672 0.533 0.331 0.278 0.118 0.506 0.611 0.529 0.469 0.467 0.695 0.905 0.319 0.387 0.765 0.554 0.618 0.103 0.206 0.577 0.527 0.312 0.838 0.322 0.616 0.907 0.543 0.993 0.860 0.497 0.739 0.942 0.647 0.914 0.983 0.745 0.781 0.450 0.022 0.502 0.621 0.559 0.098 0.337 0.395 0.369 0.274 0.848 0.158 0.661 0.963 0.351 0.234 0.042 0.900 0.617 0.620 0.188 0.395 0.797 0.827 0.041 0.912 0.169 0.864 0.248 0.224 0.334 0.189 0.570 0.234 0.234 0.387 0.234 0.783 0.813 0.141 0.686 0.637 0.284 0.201 0.011 0.010 0.880 0.554 0.459 0.104 0.201 0.074 0.993 0.796 0.310 0.250 0.970 0.975 0.509 0.370 0.787 0.168 0.710 0.937 0.540 0.497 0.431 0.395 0.145 0.786 0.394 0.379 0.592 0.895 0.818 0.697 0.581 0.624 0.734 0.332 0.491 0.632 0.995 0.017 0.251 0.697 0.892 0.646 0.567 0.365 0.350 0.680 0.006 0.883 0.276 0.102 0.088 0.846 0.524 0.406 0.298 0.323 0.188 0.601 0.613 0.178 0.843 0.481 0.648 0.572 0.413 0.944 0.947 0.088 0.155 0.855 0.949 0.199 0.880 0.334 0.200 0.984 0.433 0.236 0.129 0.004 0.210 0.016 0.626 0.001 0.552 0.033 0.451 0.855 0.984 0.837 0.055 0.323 0.234 0.370 0.726 0.223 0.796 0.015 0.343 0.505 0.115 0.598 0.288 0.056 0.764 0.243 0.392 0.556 0.677 0.698 0.583 0.801 0.187 0.808 0.921 0.261 0.964 0.788 0.159 0.451 0.726 0.791 0.566 0.497 0.437 0.663 0.765 0.670 0.038 0.975 0.798 0.544 0.562 0.011 0.533 0.965 0.870 0.036 0.720 0.380 0.845 0.975 0.176 0.144 0.091 0.250 0.031 0.870 0.924 0.226 0.472 0.624 0.897 0.725 0.449 0.104 0.668 0.081 0.716 0.105 0.032 0.884 0.889 0.710 0.731 0.842 0.227 0.547 0.953 0.493 0.604 0.599 0.961 0.371 0.180 0.962 0.868 0.052 0.145 0.139 0.543 0.365 0.778 0.986 0.744 0.737 0.549 0.806 0.352 0.965 0.354 0.826 0.615 0.099 0.582 0.235 0.073 0.996 0.388 0.642 0.256 0.140 0.783 0.462 0.935 0.872 0.885 0.755 0.554 0.470 0.365 0.339 0.813 0.558 0.021 0.940 0.861 0.442 0.574 0.684 0.430 0.607 0.812 0.224 0.941 0.649 0.887 0.870 0.956 0.680 0.360 0.942 0.210 0.960 0.812 0.418 0.221 0.413 0.066 0.995 0.792 0.575 0.296 0.746 0.123 0.711 0.253 0.111 0.491 0.166 0.511 0.202 0.141 0.587 0.399 0.704 0.411 0.229 0.832 0.058 0.482 0.335 0.832 0.306 0.763 0.096 0.753 0.710 0.389 0.856 0.741 0.447 0.306 0.138 0.392 0.881 0.789 0.014 0.779 0.676 0.056 0.150 0.104 0.621 0.876 0.052 0.898 0.223 0.914 0.854 0.972 0.796 0.576 0.742 0.605 0.351 0.289 0.792 0.800 0.541 0.985 0.687 0.666 0.603 0.004 0.206 0.633 0.569 0.168 0.751 0.482 0.340 0.856 0.728 0.333 0.287 0.047 0.135 0.708 0.124 0.309 0.269 0.190 0.222 0.742 0.899 0.126 0.477 0.324 0.740 0.727 0.431 0.454 0.785 0.511 0.192 0.756 0.707 0.730 0.677 0.018 0.267 0.975 0.559 0.807 0.838 0.905 0.223 0.064 0.777 0.047 0.658 0.909 0.339 0.594 0.894 0.917 0.996 0.639 0.524 0.252 0.133 0.074 0.210 0.936 0.039 0.961 0.916 0.685 0.785 0.277 0.574 0.225 0.356 0.956 0.893 0.589 0.317 0.634 0.459 0.981 0.533 0.744 0.444 0.039 0.772 0.824 0.342 0.283 0.293 0.647 0.525 0.749 0.832 0.238 0.347 0.509 0.601 0.525 0.116 0.967 0.126 0.787 0.383 0.200 0.453 0.610 0.064 0.461 0.900 0.740 0.466 0.415 0.319 0.829 0.584 0.011 0.975 0.487 0.571 0.370 0.874 0.911 0.681 0.251 0.048 0.983 0.675 0.082 0.288 0.715 0.627 0.722 0.875 0.916 0.231 0.789 0.719 0.712 0.613 0.284 0.889 0.565 0.797 0.531 0.788 0.411 0.618 0.421 0.608 0.044 0.575 0.521 0.939 0.498 0.814 0.357 0.599 0.999 0.944 0.929 0.633 0.466 0.242 0.338 0.772 0.615 0.268 0.887 0.008 0.150 0.944 0.469 0.783 0.291 0.401 0.836 0.074 0.531 0.216 0.803 0.621 0.545 0.979 0.655 0.119 0.333 0.705 0.143 0.776 0.923 0.030 0.791 0.771 0.080 0.771 0.548 0.673 0.585 0.279 0.328 0.939 0.620 0.686 0.733 0.095 0.581 0.910 0.386 0.942 0.317 0.057 1.000 0.413 0.481 0.385 0.265 0.658 0.795 0.043 0.616 0.724 0.184 0.249 0.542 0.184 0.710 0.978 0.028 0.674 0.258 0.063 0.736 0.827 0.783 0.209 0.972 0.109 0.250 0.672 0.500 0.824 0.400 0.591 0.173 0.772 0.351 0.065 0.583 0.316 0.128 0.490 0.690 0.283 0.603 0.550 0.888 0.111 0.884 0.035 0.208 0.751 0.332 0.248 0.469 0.589 0.496 0.718 0.715 0.818 0.831 0.404 0.215 0.327 0.429 0.014 0.939 0.175 0.921 0.919 0.500 0.844 0.251 0.028 0.221 0.162 0.266 0.914 0.242 0.382 0.174 0.593 0.487 0.832 0.813 0.353 0.284 0.898 0.852 0.284 0.896 0.748 0.271 0.282 0.511 0.111 0.304 0.701 0.481 0.523 0.019 0.766 0.725 0.646 0.453 0.158 0.751 0.787 0.830 0.632 0.952 0.106 0.351 0.043 0.788 0.395 0.568 0.768 0.811 0.184 0.446 0.819 0.656 0.766 0.387 0.587 0.192 0.374 0.082 0.953 0.666 0.589 0.869 0.102 0.530 0.589 0.418 0.849 0.526 0.512 0.583 0.627 0.261 0.101 0.858 0.048 0.994 0.969 0.570 0.874 0.759 0.812 0.644 0.377 0.383 0.909 0.394 0.899 0.967 0.329 0.303 0.700 0.545 0.538 0.640 0.150 0.965 0.453 0.324 0.562 0.997 0.514 0.538 0.523 0.965 0.179 0.600 0.203 0.435 0.200 0.187 0.036 0.761 0.868 0.274 0.948 0.340 0.516 0.270 0.568 0.576 0.702 0.122 0.477 0.430 0.450 0.556 0.814 0.877 0.110 0.889 0.010 0.765 0.024 0.842 0.202 0.105 0.940 0.424 0.531 0.232 0.346 0.780 0.186 0.068 0.809 0.397 0.842 0.694 0.384 0.429 0.055 0.631 0.847 0.528 0.736 0.353 0.869 0.795 0.214 0.563 0.112 0.813 0.752 0.344 0.633 0.594 0.346 0.598 0.378 0.456 0.547 0.973 0.239 0.619 0.068 0.850 0.260 0.194 0.729 0.694 0.653 0.117 0.465 0.687 0.625 0.253 0.417 0.229 0.202 0.313 0.132 0.707 0.874 0.788 0.845 0.409 0.542 0.923 0.097 0.596 0.846 0.809 0.991 0.558 0.599 0.896 0.894 0.781 0.388 0.044 0.068 0.656 0.284 0.095 0.515 0.086 0.208 0.149 0.256 0.451 0.369 0.330 0.785 0.696 0.468 0.657 0.138 0.596 0.308 0.163 0.582 0.941 0.793 0.982 0.242 0.713 0.904 0.232 0.055 0.855 0.511 0.815 0.136 0.749 0.938 0.951 0.027 0.995 0.698 0.913 0.856 0.988 0.713 0.425 0.595 0.725 0.723 0.275 0.177 0.202 0.037 0.242 0.559 0.880 0.159 0.041 0.285 0.001 0.864 0.495 0.299 0.352 0.445 0.099 0.081 0.244 0.504 0.117 0.961 0.442 0.568 0.186 0.864 0.949 0.542 0.499 0.885 0.784 0.695 0.482 0.092 0.268 0.774 0.728 0.857 0.798 0.121 0.686 0.934 0.410 0.349 0.717 0.996 0.354 0.930 0.382 0.946 0.971 0.378 0.114 0.714 0.046 0.362 0.785 0.280 0.764 0.317 0.097 0.184 0.158 0.425 0.896 0.948 0.884 0.517 0.791 0.331 0.405 0.614 0.524 0.016 0.348 0.175 0.152 0.798 0.586 0.961 0.555 0.331 0.479 0.170 0.649 0.683 0.426 0.558 0.010 0.468 0.800 0.804 0.620 0.480 0.265 0.687 0.965 0.591 0.894 0.822 0.630 0.749 0.571 0.392 0.011 0.653 0.143 0.170 0.508 0.359 0.190 0.956 0.728 0.858 0.938 0.589 0.834 0.804 0.147 0.752 0.868 0.303 0.402 0.084 0.727 0.171 0.385 0.589 0.787 0.615 0.404 0.715 0.238 0.264 0.581 0.438 0.259 0.416 0.687 0.218 0.335 0.135 0.619 0.728 0.363 0.845 0.911 0.306 0.414 0.203 0.577 0.424 0.891 0.298 0.718 0.730 0.707 0.517 0.602 0.199 0.018 0.590 0.366 0.112 0.451 0.540 0.129 0.513 0.158 0.688 0.585 0.181 0.147 0.977 0.292 0.238 0.262 0.682 0.905 0.702 0.396 0.584 0.874 0.203 0.550 0.661 0.096 0.063 0.986 0.866 0.872 0.542 0.832 0.843 0.957 0.967 0.180 0.906 0.025 0.732 0.040 0.728 0.965 0.529 0.800 0.650 0.652 0.649 0.847 0.835 0.024 0.203 0.471 0.587 0.986 0.732 0.431 0.372 0.422 0.285 0.876 0.849 0.955 0.129 0.926 0.149 0.310 0.929 0.424 0.200 0.372 0.260 0.777 0.517 0.447 0.632 0.337 0.717 0.340 0.529 0.579 0.705 0.134 0.498 0.908 0.702 0.083 0.861 0.308 0.203 0.319 0.024 0.605 0.671 0.405 0.338 0.127 0.626 0.118 0.477 0.870 0.006 0.039 0.216 0.572 0.005 0.084 0.028 0.868 0.206 0.777 0.842 0.074 0.995 0.806 0.921 0.802 0.747 0.110 0.429 0.710 0.997 0.689 0.705 0.462 0.353 0.460 0.256 0.066 0.247 0.336 0.960 0.797 0.858 0.356 0.474 0.989 0.101 0.429 0.227 0.162 0.969 0.753 0.619 0.258 0.200 0.356 0.756 0.539 0.686 0.090 0.603 0.911 0.698 0.770 0.090 0.477 0.534 0.749 0.417 0.780 0.829 0.277 0.669 0.993 0.731 0.650 0.909 0.981 0.638 0.088 0.126 0.751 0.230 0.216 0.434 0.309 0.648 0.324 0.894 0.895 0.497 0.595 0.734 0.859 0.750 0.715 0.866 0.508 0.181 0.259 0.206 0.605 0.805 0.332 0.668 0.294 0.224 0.119 0.684 0.133 0.688 0.133 0.359 0.350 0.732 0.447 0.164 0.139 0.180 0.310 0.513 0.376 0.844 0.423 0.543 0.914 0.705 0.077 0.001 0.481 0.397 0.440 0.034 0.591 0.580 0.343 0.077 0.729 0.913 0.902 0.441 0.039 0.973 0.764 0.210 0.604 0.112 0.882 0.061 0.017 0.890 0.957 0.238 0.082 0.122 0.633 0.765 0.965 0.558 0.639 0.732 0.395 0.250 0.310 0.705 0.539 0.272 0.560 0.275 0.693 0.363 0.898 0.265 0.360 0.383 0.541 0.063 1.000 0.851 0.925 0.862 0.571 0.516 0.860 0.214 0.860 0.845 0.315 0.763 0.695 0.581 0.908 0.896 0.439 0.505 0.986 0.717 0.823 0.154 0.778 0.373 0.847 0.433 0.468 0.780 0.983 0.448 0.634 0.917 0.639 0.218 0.182 0.575 0.238 0.096 0.003 0.300 0.572 0.093 0.557 0.354 0.372 0.006 0.546 0.888 0.150 0.606 0.963 0.254 0.447 0.286 0.075 0.026 0.644 0.231 0.905 0.103 0.817 0.458 0.491 0.019 0.326 0.940 0.035 0.047 0.586 0.448 0.621 0.271 0.430 0.899 0.027 0.179 0.029 0.280 0.421 0.207 0.576 0.524 0.143 0.784 0.503 0.930 0.784 0.955 0.934 0.144 0.377 0.305 0.933 0.620 0.229 0.201 0.665 0.085 0.401 0.122 0.457 0.827 0.083 0.294 0.664 0.572 0.291 0.848 0.012 0.820 0.405 0.968 0.009 0.771 0.253 0.166 0.838 0.144 0.886 0.877 0.845 0.799 0.061 0.890 0.512 0.735 0.416 0.490 0.551 0.732 0.963 0.653 0.447 0.461 0.959 0.964 0.787 0.585 0.331 0.904 0.297 0.376 0.259 0.700 0.337 0.747 0.340 0.567 0.280 0.848 0.412 0.388 0.649 0.180 0.475 0.124 0.420 0.274 0.448 0.193 0.659 0.793 0.924 0.599 0.997 0.132 0.647 0.590 0.667 0.720 0.007 0.498 0.582 0.951 0.542 0.927 0.783 0.808 0.416 0.280 0.206 0.000 0.925 0.719 0.206 0.905 0.653 0.147 0.054 0.241 0.218 0.081 0.486 0.611 0.465 0.451 0.558 0.130 0.161 0.296 0.122 0.284 0.168 0.301 0.950 0.720 0.960 0.286 0.083 0.431 0.185 0.299 0.542 0.968 0.811 0.755 0.180 0.745 0.704 0.875 0.496 0.438 0.402 0.784 0.657 0.281 0.126 0.015 0.300 0.885 0.118 0.773 0.889 0.137 0.789 0.428 0.653 0.142 0.278 0.236 0.332 0.581 0.777 0.474 0.019 0.074 0.877 0.714 0.718 0.147 0.641 0.969 0.561 0.071 0.964 0.977 0.202 0.513 0.370 0.347 0.637 0.265 0.991 0.097 0.672 0.156 0.842 0.510 0.054 0.052 0.847 0.150 0.461 0.874 0.358 0.381 0.286 0.160 0.890 0.139 0.688 0.037 0.598 0.951 0.873 0.546 0.989 0.451 0.021 0.926 0.715 0.839 0.044 0.857 0.295 0.509 0.353 0.183 0.852 0.582 0.162 0.435 0.707 0.511 0.413 0.648 0.103 0.277 0.328 0.689 0.165 0.910 0.815 0.401 0.074 0.065 0.498 0.569 0.650 0.487 0.981 0.983 0.575 0.553 0.585 0.237 0.312 0.745 0.215 0.459 0.062 0.643 0.260 0.193 0.382 0.189 0.086 0.887 0.027 0.759 0.836 0.175 0.310 0.704 0.063 0.768 0.647 0.573 0.993 0.461 0.974 0.665 0.312 0.310 0.623 0.157 0.847 0.563 0.812 0.531 0.670 0.256 0.039 0.933 0.088 0.666 0.302 0.383 0.872 0.610 0.001 0.312 0.492 0.122 0.545 0.253 0.449 0.106 0.498 0.138 0.113 0.543 0.632 0.837 0.704 0.271 0.042 0.409 0.674 0.435 0.655 0.573 0.476 0.834 0.832 0.809 0.513 0.892 0.770 0.416 0.296 0.670 0.285 0.293 0.154 0.130 0.939 0.537 0.332 0.836 0.318 0.161 0.200 0.312 0.065 0.529 0.997 0.049 0.262 0.687 0.951 0.298 0.353 0.701 0.084 0.625 0.059 0.290 0.049 0.644 0.845 0.298 0.933 0.874 0.830 0.990 0.427 0.971 0.869 0.832 0.655 0.624 0.404 0.789 0.041 0.862 0.165 0.091 0.445 0.726 0.554 0.974 0.307 0.710 0.895 0.724 0.750 0.887 0.182 0.175 0.553 0.668 0.285 0.528 0.546 0.045 0.648 0.430 0.938 0.317 0.385 0.724 0.209 0.165 0.030 0.817 0.246 0.241 0.513 0.538 0.595 0.935 0.782 0.466 0.664 0.544 0.735 0.890 0.308 0.254 0.519 0.920 0.764 0.676 0.801 0.321 0.725 0.907 0.558 0.013 0.653 0.613 0.575 0.059 0.511 0.989 0.701 0.011 0.058 0.677 0.313 0.587 0.307 0.613 0.597 0.132 0.041 0.604 0.460 0.540 0.719 0.651 0.047 0.924 0.520 0.654 0.216 0.186 0.749 0.496 0.148 0.184 0.675 0.304 0.041 0.041 0.482 0.054 0.957 0.748 0.762 0.311 0.720 0.194 0.536 0.330 0.351 0.828 0.938 0.440 0.185 0.467 0.735 0.911 0.899 0.044 0.642 0.639 0.813 0.247 0.767 0.418 0.471 0.804 0.555 0.950 0.730 0.371 0.600 0.053 0.627 0.199 0.050 0.970 0.741 0.880 0.339 0.630 0.940 0.894 0.143 0.113 0.961 0.567 0.830 0.126 0.004 0.043 0.772 0.612 0.566 0.703 0.456 0.116 0.806 0.428 0.663 0.567 0.354 0.629 0.558 0.111 0.824 0.151 0.515 0.964 0.873 0.154 0.167 0.799 0.325 0.893 0.033 0.428 0.070 0.925 0.450 0.604 0.780 0.671 0.379 0.699 0.080 0.644 0.925 0.236 0.106 0.014 0.507 0.441 0.956 0.360 0.593 0.340 0.245 0.941 0.098 0.448 0.326 0.481 0.093 0.422 0.511 0.279 0.812 0.412 0.288 0.197 0.704 0.549 0.024 0.013 0.709 0.871 0.880 0.576 0.369 0.046 0.801 0.447 0.017 0.535 0.357 0.440 0.688 0.486 0.420 0.662 0.561 0.968 0.646 0.483 0.075 0.214 0.534 0.893 0.427 0.156 0.513 0.331 0.617 0.960 0.050 0.024 0.981 0.812 0.748 0.871 0.651 0.413 0.080 0.397 0.120 0.382 0.791 0.613 0.141 0.782 0.133 0.811 0.158 0.613 0.683 0.133 0.240 0.738 0.141 0.366 0.735 0.427 0.672 0.903 0.991 0.451 0.173 0.011 0.774 0.452 0.522 0.721 0.889 0.145 0.955 0.079 0.388 0.089 0.005 0.609 0.041 0.843 0.937 0.423 0.538 0.679 0.783 0.071 0.137 0.184 0.845 0.178 0.726 0.620 0.545 0.573 0.589 0.943 0.175 0.742 0.212 0.751 0.788 0.926 0.199 0.193 0.169 0.432 0.221 0.199 0.796 0.258 0.561 0.187 0.061 0.920 0.807 0.072 0.128 0.934 0.271 0.523 0.289 0.297 0.549 0.870 0.402 0.606 0.883 0.827 0.997 0.974 0.706 0.950 0.577 0.377 0.122 0.251 0.956 0.068 0.108 0.710 0.109 0.795 0.777 0.767 0.543 0.696 0.625 0.206 0.055 0.332 0.211 0.131 0.894 0.219 0.876 0.837 0.275 0.788 0.628 0.941 0.509 0.401 0.929 0.916 0.094 0.500 0.346 0.368 0.381 0.006 0.048 0.629 0.248 0.419 0.101 0.448 0.350 0.175 0.572 0.824 0.282 0.087 0.280 0.430 0.615 0.210 0.738 0.630 0.705 0.446 0.617 0.717 0.531 0.041 0.820 0.655 0.464 0.015 0.331 0.765 0.187 0.565 0.179 0.590 0.294 0.533 0.795 0.842 0.518 0.112 0.013 0.239 0.058 0.561 0.646 0.892 0.615 0.541 0.533 0.421 0.501 0.495 0.242 0.129 0.321 0.902 0.988 0.038 0.868 0.977 0.769 0.289 0.555 0.506 0.179 0.246 0.848 0.857 0.777 0.975 0.553 0.263 0.707 0.620 0.943 0.513 0.469 0.225 0.068 0.807 0.630 0.874 0.895 0.582 0.223 0.370 0.576 0.746 0.863 0.040 0.028 0.679 0.331 0.873 0.772 0.201 0.108 0.502 0.907 0.331 0.815 0.002 0.237 0.606 0.376 0.859 0.390 0.126 0.388 0.219 0.717 0.329 0.621 0.646 0.370 0.199 0.924 0.728 0.930 0.082 0.156 0.408 0.592 0.543 0.224 0.204 0.643 0.665 0.492 0.174 0.705 0.887 0.662 0.565 0.958 0.409 0.013 0.200 0.608 0.560 0.697 0.029 0.263 0.904 0.337 0.256 0.565 0.069 0.757 0.647 0.446 0.965 0.148 0.289 0.886 0.119 0.963 0.247 0.253 0.774 0.668 0.834 0.917 0.031 0.173 0.785 0.440 0.784 0.784 0.820 0.514 0.996 0.728 0.218 0.120 0.936 0.392 0.485 0.751 0.076 0.695 0.066 0.117 0.144 0.783 0.567 0.465 0.172 0.893 0.455 0.375 0.636 0.116 0.955 0.018 0.180 0.498 0.089 0.864 0.694 0.848 0.857 0.805 0.860 0.320 0.690 0.272 0.471 0.941 0.510 0.858 0.268 0.808 0.783 0.668 0.748 0.114 0.933 0.658 0.974 0.846 0.086 0.133 0.243 0.723 0.979 0.264 0.980 0.526 0.817 0.136 0.809 0.228 0.559 0.574 0.816 0.499 0.528 0.605 0.837 0.448 0.228 0.834 0.725 0.742 0.900 0.387 0.996 0.032 0.318 0.987 0.450 0.131 0.795 0.706 0.443 0.692 0.923 0.122 0.109 0.772 0.095 0.185 0.529 0.992 0.547 0.933 0.870 0.051 0.434 0.910 0.479 0.675 0.824 0.108 0.396 0.555 0.012 0.949 0.319 0.698 0.269 0.530 0.054 0.074 0.375 0.500 0.974 0.926 0.856 0.205 0.693 0.124 0.797 0.802 0.822 0.601 0.252 0.281 0.373 0.467 0.994 0.430 0.048 0.432 0.011 0.925 0.166 0.927 0.665 0.885 0.448 0.509 0.852 0.482 0.283 0.801 0.605 0.681 0.994 0.826 0.751 0.936 0.941 0.853 0.400 0.510 0.452 0.186 0.768 0.887 0.078 0.398 0.723 0.993 0.478 0.684 0.496 0.554 0.319 0.972 0.628 0.205 0.495 0.926 0.782 0.568 0.768 0.353 0.390 0.001 0.035 0.749 0.409 0.587 0.034 0.657 0.098 0.696 0.820 0.330 0.011 0.966 0.036 0.436 0.163 0.454 0.004 0.248 0.838 0.419 0.196 0.319 0.332 0.483 0.152 0.120 0.450 0.834 0.508 0.725 0.487 0.314 0.421 0.089 0.741 0.704 0.019 0.874 0.433 0.287 0.884 0.091 0.367 0.250 0.292 0.916 0.751 0.674 0.131 0.279 0.444 0.415 0.734 0.469 0.634 0.701 0.892 0.651 0.245 0.570 0.057 0.412 0.929 0.825 0.882 0.681 0.102 0.200 0.222 0.032 0.245 0.120 0.053 0.881 0.428 0.804 0.321 0.299 0.552 0.230 0.977 0.870 0.871 0.377 0.294 0.531 0.909 0.239 0.634 0.825 0.549 0.699 0.668 0.659 0.459 0.016 0.868 0.265 0.238 0.447 0.812 0.639 0.728 0.412 0.093 0.413 0.900 0.650 0.694 0.814 0.123 0.775 0.505 0.290 0.688 0.560 0.929 0.578 0.663 0.644 0.913 0.556 0.806 0.324 0.036 0.401 0.379 0.940 0.228 0.161 0.669 0.863 0.397 0.666 0.484 0.136 0.994 0.301 0.196 0.206 0.889 0.443 0.973 0.477 0.274 0.513 0.669 0.465 0.297 0.214 0.546 0.123 0.907 0.858 0.616 0.492 0.256 0.010 0.106 0.726 0.706 0.079 0.892 0.496 0.238 0.022 0.841 0.986 0.589 0.024 0.176 0.194 0.061 0.551 0.179 0.923 0.807 0.069 0.502 0.805 0.336 0.730 0.824 0.661 0.280 0.653 0.544 0.247 0.995 0.048 0.507 0.909 1.000 0.222 0.175 0.276 0.333 0.753 0.192 0.021 0.745 0.764 0.365 0.817 0.126 0.598 0.253 0.002 0.104 0.555 0.065 0.727 0.924 0.751 0.713 0.265 0.999 0.075 0.549 0.672 0.029 0.739 0.774 0.785 0.081 0.995 0.353 0.579 0.779 0.583 0.100 0.203 0.320 0.155 0.774 0.318 0.182 0.352 0.599 0.426 0.601 0.903 0.725 0.701 0.217 0.834 0.794 0.868 0.057 0.006 0.989 0.963 0.945 0.013 0.586 0.909 0.382 0.282 0.187 0.231 0.237 0.066 0.406 0.317 0.409 0.228 0.174 0.706 0.972 0.465 0.675 0.712 0.103 0.799 0.884 0.189 0.546 0.186 0.033 0.321 0.850 0.937 0.412 0.909 0.032 0.486 0.437 0.937 0.422 0.652 0.243 0.121 0.214 0.645 0.246 0.463 0.039 0.308 0.008 0.425 0.987 0.126 0.734 0.836 0.134 0.801 0.613 0.870 0.761 0.335 0.670 0.086 0.108 0.299 0.726 0.427 0.391 0.610 0.213 0.322 0.466 0.281 0.861 0.919 0.821 0.390 0.092 0.908 0.963 0.797 0.446 0.378 0.727 0.016 0.652 0.770 0.536 0.547 0.055 0.252 0.984 0.094 0.767 0.869 0.732 0.020 0.127 0.476 0.616 0.888 0.481 0.018 0.231 0.620 0.846 0.192 0.502 0.648 0.778 0.400 0.043 0.844 0.098 0.197 0.490 0.659 0.619 0.189 0.940 0.856 0.798 0.888 0.052 0.300 0.767 0.066 0.464 0.405 0.499 0.580 0.708 0.782 0.790 0.372 0.955 0.201 0.081 0.240 0.740 0.779 0.425 0.328 0.999 0.233 0.729 0.744 0.047 0.448 0.771 0.803 0.181 0.877 0.856 0.165 0.096 0.213 0.795 0.143 0.964 0.425 0.685 0.714 0.983 0.989 0.088 0.948 0.071 0.951 0.462 0.770 0.307 0.040 0.057 0.200 0.696 0.557 0.313 0.092 0.594 0.204 0.783 0.166 0.663 0.091 0.277 0.259 0.294 0.943 0.360 0.240 0.246 0.187 0.430 0.563 0.394 0.876 0.898 0.997 0.938 0.804 0.854 0.383 0.714 0.456 0.127 0.031 0.038 0.443 0.734 0.739 0.325 0.313 0.962 0.523 0.758 0.661 0.655 0.901 0.307 0.446 0.506 0.424 0.266 0.532 0.330 0.704 0.489 0.346 0.597 0.583 0.162 0.795 0.597 0.651 0.479 0.069 0.968 0.764 0.919 0.802 0.360 0.062 0.832 0.299 0.389 0.676 0.698 0.664 0.545 0.437 0.134 0.145 0.249 0.208 0.803 0.800 0.853 0.522 0.226 0.935 0.494 0.521 0.868 0.219 0.602 0.949 0.184 0.928 0.487 0.406 0.412 0.833 0.892 0.667 0.065 0.544 0.941 0.585 0.523 0.578 0.734 0.921 0.182 0.864 0.274 0.748 0.822 0.410 0.791 0.976 0.234 0.316 0.816 0.480 0.633 0.437 0.284 0.664 0.588 0.155 0.985 0.647 0.389 0.084 0.470 0.662 0.613 0.878 0.877 0.821 0.050 0.917 0.744 0.143 0.907 0.033 0.001 0.371 0.091 0.542 0.536 0.067 0.053 0.009 0.094 0.710 0.118 0.920 0.258 0.063 0.787 0.463 0.899 0.575 0.592 0.806 0.276 0.618 0.045 0.646 0.047 0.554 0.422 0.219 0.649 0.192 0.397 0.224 0.193 0.561 0.877 0.985 0.496 0.936 0.569 0.989 0.778 0.169 0.352 0.502 0.160 0.330 0.787 0.492 0.877 0.695 0.627 0.558 0.655 0.272 0.079 0.601 0.654 0.725 0.896 0.251 0.967 0.792 0.962 0.964 0.052 0.590 0.580 0.263 0.472 0.381 0.207 0.254 0.408 0.631 0.824 0.711 0.274 0.909 0.774 0.602 0.099 0.246 0.845 0.800 0.976 0.100 0.910 0.032 0.856 0.438 0.366 0.624 0.422 0.803 0.317 0.048 0.808 0.513 0.067 0.151 0.514 0.194 0.316 0.691 0.958 0.026 0.101 0.992 0.084 0.990 0.796 0.061 0.633 0.887 0.491 0.633 0.223 0.777 0.438 0.878 0.649 0.791 0.500 0.920 0.571 0.595 0.899 0.881 0.340 0.529 0.308 0.134 0.386 0.889 0.457 0.667 0.576 0.102 0.117 0.729 0.036 0.615 0.496 0.973 0.093 0.840 0.028 0.753 0.157 0.897 0.658 0.331 0.711 0.266 0.993 0.455 0.290 0.722 0.044 0.468 0.466 0.475 0.429 0.319 0.963 0.601 0.436 0.907 0.345 0.104 0.149 0.279 0.746 0.991 0.961 0.220 0.021 0.766 0.510 0.078 0.205 0.705 0.016 0.869 0.158 0.854 0.074 0.661 0.202 0.330 0.387 0.067 0.972 0.787 0.586 0.873 0.907 0.679 0.127 0.784 0.026 0.787 0.527 0.752 0.613 0.504 0.008 0.183 0.821 0.300 0.188 0.511 0.257 0.238 0.426 0.854 0.101 0.403 0.499 0.714 0.546 0.810 0.334 0.002 0.234 0.297 0.832 0.102 0.744 0.673 0.281 0.682 0.843 0.517 0.856 0.808 0.377 0.173 0.021 0.672 0.901 0.467 0.108 0.403 0.127 0.773 0.036 0.918 0.105 0.481 0.284 0.130 0.684 0.295 0.609 0.598 0.324 0.456 0.239 0.650 0.719 0.866 0.027 0.259 0.340 0.219 0.758 0.158 0.514 0.904 0.930 0.525 0.195 0.292 0.086 0.069 0.336 0.153 0.077 0.875 0.987 0.600 0.090 1.000 0.421 0.681 0.584 0.698 0.061 0.489 0.213 0.139 0.340 0.331 0.889 0.583 0.040 0.343 0.972 0.348 0.922 0.461 0.093 0.713 0.606 0.755 0.952 0.430 0.098 0.931 0.120 0.375 0.680 0.759 0.453 0.507 0.294 0.666 0.851 0.391 0.804 0.248 0.525 0.996 0.065 0.574 0.717 0.351 0.434 0.646 0.335 0.892 0.943 0.631 0.104 0.075 0.321 0.708 0.046 0.261 0.634 0.197 0.340 0.028 0.521 0.721 0.834 0.646 0.366 0.589 0.939 0.134 0.576 0.962 0.965 0.356 0.900 0.788 0.719 0.992 0.062 0.087 0.194 0.314 0.197 0.825 0.004 0.049 0.714 0.890 0.013 0.682 0.626 0.586 0.126 0.365 0.285 0.344 0.942 0.748 0.949 0.498 0.644 0.551 0.264 0.090 0.917 0.170 0.915 0.807 0.690 0.803 0.531 0.014 0.679 0.350 0.221 0.269 0.681 0.337 0.590 0.630 0.630 0.911 0.654 0.688 0.173 0.473 0.242 0.494 0.764 0.334 0.533 0.704 0.826 0.708 0.749 0.793 0.112 0.981 0.046 0.408 0.580 0.408 0.522 0.926 0.194 0.216 0.903 0.551 0.940 0.976 0.388 0.584 0.874 0.741 0.809 0.211 0.638 0.690 0.739 0.074 0.184 0.001 0.422 0.008 0.264 0.242 0.554 0.604 0.527 0.780 0.948 0.029 0.832 0.424 0.978 0.364 0.838 0.330 0.111 0.548 0.157 0.547 0.525 0.843 0.823 0.641 0.160 0.255 0.640 0.388 0.777 0.827 0.718 0.983 0.072 0.044 0.797 0.617 0.344 0.929 0.973 0.644 0.471 0.101 0.985 0.705 0.437 0.508 0.344 0.818 0.760 0.466 0.043 0.651 0.734 0.696 0.044 0.500 0.392 0.250 0.675 0.856 0.128 0.311 0.037 0.132 0.260 0.357 0.348 0.216 0.598 0.540 0.048 0.932 0.455 0.374 0.329 0.885 0.928 0.610 0.789 0.788 0.797 0.200 0.623 0.571 0.888 0.512 0.911 0.629 0.930 0.435 0.945 0.426 0.651 0.913 0.252 0.888 0.422 0.670 0.065 0.927 0.249 0.346 0.271 0.017 0.811 0.688 0.972 0.386 0.108 0.062 0.864 0.208 0.792 0.386 0.904 0.328 0.425 0.656 0.033 0.849 0.812 0.429 0.025 0.940 0.596 0.335 0.198 0.327 0.074 0.785 0.226 0.981 0.658 0.709 0.414 0.385 0.541 0.872 0.623 0.010 0.775 0.053 0.241 0.615 0.594 0.527 0.953 0.937 0.366 0.833 0.515 0.736 0.908 0.373 0.586 0.851 0.330 0.381 0.495 0.070 0.222 0.780 0.672 0.107 0.057 0.209 0.171 0.731 0.139 0.308 0.667 0.528 0.763 0.598 0.869 0.087 0.283 0.527 0.197 0.103 0.841 0.241 0.522 0.602 0.642 0.688 0.680 0.590 0.975 0.245 0.997 0.894 0.800 0.976 0.776 0.268 0.587 0.519 0.943 0.953 0.089 0.930 0.282 0.693 0.273 0.051 0.141 0.700 0.544 0.968 0.787 0.744 0.616 0.709 0.333 0.021 0.120 0.324 0.585 0.019 0.454 0.411 0.418 0.535 0.383 0.071 0.540 0.433 0.898 0.403 0.119 0.023 0.761 0.292 0.902 0.652 0.214 0.376 0.389 0.711 0.834 0.724 0.743 0.573 0.965 0.378 0.124 0.023 0.731 0.366 0.578 0.180 0.011 0.847 0.138 0.558 0.929 0.374 0.688 0.580 0.818 0.786 0.595 0.827 0.687 0.247 0.140 0.025 0.616 0.331 0.057 0.783 0.970 0.139 0.083 0.176 0.055 0.280 0.074 0.961 0.544 0.488 0.964 0.363 0.809 0.091 0.185 0.109 0.548 0.284 0.689 0.175 0.148 0.210 0.648 0.912 0.320 0.597 0.238 0.736 0.834 0.905 0.894 0.447 0.517 0.050 0.262 0.981 0.078 0.569 0.309 0.341 0.631 0.968 0.297 0.640 0.796 0.496 0.466 0.548 0.759 0.974 0.596 0.131 0.599 0.681 0.112 0.652 0.286 0.327 0.625 0.028 0.503 0.303 0.815 0.125 0.106 0.487 0.748 0.627 0.460 0.377 0.616 0.699 0.109 0.360 0.731 0.891 0.395 0.810 0.063 0.023 0.205 0.870 0.510 0.879 0.946 0.317 0.960 0.484 0.927 0.195 0.038 0.371 0.411 0.024 0.659 0.763 0.217 0.458 0.228 0.697 0.319 0.107 0.020 0.859 0.589 0.141 0.126 0.052 0.175 0.184 0.058 0.802 0.214 0.818 0.256 0.677 0.966 0.793 0.128 0.754 0.584 0.738 0.498 0.330 0.843 0.824 0.940 0.609 0.854 0.290 0.125 0.308 0.819 0.779 0.889 0.217 0.503 0.817 0.055 0.727 0.874 0.773 0.011 0.260 0.189 0.557 0.524 0.924 0.890 0.514 0.995 0.725 0.027 0.210 0.889 0.568 0.845 0.742 0.287 0.126 0.585 0.854 0.175 0.051 0.483 0.716 0.595 0.657 0.214 0.010 0.005 0.628 0.141 0.426 0.043 0.270 0.903 0.026 0.443 0.966 0.803 0.007 0.996 0.894 0.718 0.658 0.714 0.664 0.923 0.783 0.449 0.782 0.203 0.008 0.765 0.840 0.885 0.201 0.791 0.617 0.233 0.659 0.506 0.809 0.993 0.223 0.999 0.190 0.109 0.097 0.063 0.981 0.952 0.520 0.503 0.873 0.989 0.246 0.480 0.487 0.926 0.669 0.012 0.189 0.349 0.570 0.884 0.136 0.588 0.661 0.033 0.772 0.854 0.842 0.679 0.464 0.272 0.401 0.873 0.035 0.845 0.749 0.236 0.931 0.613 0.749 0.178 0.083 0.969 0.796 0.348 0.050 0.773 0.358 0.519 0.202 0.105 0.622 0.480 0.716 0.921 0.292 0.069 0.133 0.456 0.738 0.651 0.136 0.360 0.995 0.308 0.750 0.527 0.349 0.149 0.255 0.924 0.937 0.244 0.982 0.612 0.143 0.651 0.934 0.392 0.990 0.365 0.148 0.892 0.304 0.345 0.144 0.276 0.004 0.871 0.616 0.377 0.833 0.332 0.394 0.240 0.220 0.092 0.410 0.266 0.160 0.244 0.185 0.417 0.256 0.494 0.018 0.219 0.436 0.080 0.589 0.388 0.732 0.184 0.826 0.800 0.158 0.486 0.637 0.849 0.500 0.376 0.844 0.387 0.670 0.524 0.671 0.252 0.999 0.143 0.430 0.811 0.081 0.770 0.029 0.238 0.238 0.665 0.728 0.553 0.644 0.429 0.955 0.625 0.954 1.000 0.959 0.854 0.951 0.392 0.279 0.166 0.008 0.846 0.202 0.754 0.508 0.541 0.828 0.907 0.614 0.132 0.320 0.436 0.198 0.734 0.276 0.140 0.316 0.014 0.205 0.753 0.495 0.259 0.154 0.075 0.648 0.889 0.575 0.930 0.376 0.055 0.765 0.013 0.112 0.324 0.619 0.789 0.521 0.319 0.361 0.190 0.423 0.585 0.562 0.021 0.764 0.895 0.512 0.839 0.680 0.150 0.420 0.966 0.502 0.626 0.762 0.848 0.764 0.205 0.032 0.790 0.308 0.960 0.511 0.131 0.877 0.007 0.990 0.079 0.967 0.871 0.339 0.719 0.009 0.643 0.533 0.344 0.567 0.449 0.378 0.860 0.014 0.676 0.530 0.628 0.206 0.446 0.009 0.016 0.168 0.496 0.364 0.672 0.654 0.479 0.918 0.726 0.114 0.530 0.217 0.514 0.732 0.888 0.329 0.679 0.118 0.873 0.872 0.136 0.415 0.414 0.483 0.710 0.186 0.591 0.853 0.777 0.442 0.013 0.630 0.771 0.777 0.021 0.115 0.149 0.553 0.054 0.249 0.098 0.245 0.502 0.681 0.108 0.194 0.272 0.448 0.909 0.657 0.484 0.073 0.741 0.258 0.519 0.439 0.279 0.598 0.908 0.857 0.311 0.148 0.808 0.583 0.038 0.129 0.019 0.998 0.116 0.141 0.913 0.271 0.481 0.456 0.075 0.129 0.585 0.910 0.644 0.824 0.916 0.841 0.326 0.863 0.984 0.416 0.424 0.669 0.428 0.235 0.081 0.095 0.055 0.045 0.609 0.741 0.374 0.204 0.004 0.366 0.618 0.626 0.546 0.597 0.729 0.052 0.864 0.551 0.890 0.271 0.499 0.009 0.608 0.357 0.397 0.485 0.971 0.143 0.813 0.488 0.969 0.504 0.819 0.510 0.861 0.569 0.694 0.405 0.293 0.330 0.600 0.736 0.088 0.071 0.102 0.052 0.192 0.812 0.136 0.681 0.479 0.386 0.123 0.074 0.406 0.058 0.494 0.361 0.968 0.938 0.830 0.248 0.617 0.809 0.664 0.461 0.019 0.383 0.961 0.224 0.755 0.128 0.160 0.452 0.621 0.528 0.456 0.740 0.259 0.810 0.443 0.332 0.855 0.973 0.251 0.899 0.439 0.827 0.318 0.787 0.731 0.466 0.108 0.047 0.915 0.362 0.117 0.942 0.980 0.746 0.025 0.794 0.844 0.656 0.334 0.081 0.403 0.092 0.514 0.163 0.418 0.976 0.778 0.726 0.430 0.876 0.413 0.772 0.035 0.948 0.742 0.198 0.417 0.727 0.397 0.213 0.795 0.164 0.121 0.890 0.935 0.219 0.618 0.935 0.067 0.548 0.074 0.133 0.532 0.564 0.401 0.422 0.043 0.122 0.013 0.998 0.417 0.880 0.298 0.959 0.432 0.090 0.004 0.524 0.996 0.203 0.732 0.577 0.909 0.963 0.118 0.768 0.459 0.383 0.275 0.333 0.774 0.084 0.317 0.631 0.834 0.672 0.617 0.558 0.630 0.864 0.072 0.509 0.505 0.502 0.238 0.651 0.752 0.548 0.392 0.469 0.193 0.137 0.109 0.678 0.212 0.183 0.362 0.061 0.260 0.139 0.335 0.818 0.918 0.186 0.401 0.083 0.509 0.072 0.606 0.756 0.985 0.487 0.127 0.646 0.155 0.933 0.970 0.348 0.869 0.128 0.849 0.296 0.240 0.135 0.088 0.156 0.433 0.441 0.482 0.307 0.509 0.769 0.187 0.477 0.455 0.654 0.183 0.521 0.582 0.682 0.767 0.791 0.560 0.392 0.772 0.590 0.895 0.510 0.824 0.967 0.142 0.218 0.604 0.684 0.365 0.421 0.154 0.055 0.548 0.589 0.745 0.436 0.083 0.355 0.211 0.927 0.636 0.934 0.964 0.043 0.587 0.307 0.582 0.402 0.750 0.699 0.613 0.354 0.584 0.031 0.778 0.040 0.339 0.738 0.212 0.807 0.168 0.932 0.773 0.556 0.947 0.867 0.304 0.831 0.036 0.903 0.789 0.544 0.001 0.346 0.948 0.668 0.925 0.915 0.656 0.110 0.877 0.080 0.274 0.361 0.667 0.650 0.536 0.120 0.969 0.037 0.309 0.705 0.314 0.655 0.420 0.190 0.141 0.006 0.699 0.117 0.614 0.414 0.963 0.423 0.987 0.641 0.250 0.799 0.967 0.167 0.801 0.970 0.795 0.740 0.081 0.579 0.797 0.193 0.310 0.534 0.825 0.945 0.546 0.683 0.901 0.978 0.399 0.014 0.442 0.174 0.425 0.234 0.170 0.701 0.382 0.740 0.827 0.905 0.835 0.291 0.209 0.402 0.694 0.745 0.712 0.099 0.007 0.534 0.886 0.610 0.385 0.790 0.758 0.960 0.131 0.586 0.291 0.606 0.919 0.486 0.751 0.426 0.171 0.423 0.405 0.645 0.389 0.553 0.776 0.501 0.716 0.155 0.323 0.197 0.926 0.742 0.721 0.874 0.178 0.281 0.741 0.042 0.539 0.673 0.141 0.265 0.494 0.399 0.884 0.698 0.425 0.824 0.792 0.053 0.256 0.013 0.452 0.683 0.421 0.583 0.195 0.635 0.550 0.909 0.633 0.699 0.417 0.185 0.343 0.919 0.215 0.426 0.954 0.475 0.751 0.909 0.550 0.319 0.341 0.783 0.765 0.478 0.326 0.056 0.310 0.521 0.914 0.011 0.467 0.215 0.822 0.002 0.960 0.142 0.631 0.798 0.585 0.762 0.855 0.033 0.451 0.428 0.688 0.884 0.354 0.666 0.520 0.015 0.627 0.421 0.432 0.513 0.568 0.842 0.048 0.139 0.491 0.437 0.118 0.136 0.564 0.383 0.654 0.455 0.235 0.462 0.285 0.000 0.869 0.874 0.329 0.480 0.521 0.849 0.520 0.480 0.014 0.621 0.687 0.602 0.647 0.773 0.054 0.897 0.950 0.877 0.923 0.643 0.440 0.267 0.753 0.474 0.434 0.852 0.105 0.397 0.905 0.916 0.482 0.163 0.827 0.949 0.231 0.047 0.678 0.717 0.540 0.976 0.749 0.212 0.455 0.769 0.051 0.121 0.922 0.988 0.675 0.888 0.442 0.296 0.327 0.234 0.287 0.120 0.648 0.883 0.882 0.733 0.893 0.028 0.460 0.770 0.881 0.127 0.185 0.238 0.893 0.892 0.953 0.314 0.339 0.923 0.523 0.168 0.316 0.646 0.874 0.949 0.637 0.705 0.885 0.523 0.533 0.415 0.180 0.045 0.161 0.247 0.351 0.688 0.052 0.954 0.557 0.450 0.569 0.362 0.865 0.999 0.477 0.319 0.048 0.148 0.501 0.394 0.077 0.428 0.440 0.920 0.200 0.012 0.989 0.273 0.208 0.888 0.626 0.055 0.556 0.495 0.698 0.584 0.311 0.121 0.006 0.231 0.081 0.608 0.312 0.753 0.976 0.991 0.988 0.203 0.054 0.461 0.717 0.274 0.608 0.893 0.426 0.798 0.926 0.297 0.330 0.771 0.136 0.031 0.316 0.859 0.714 0.899 0.433 0.919 0.675 0.969 0.218 0.834 0.557 0.283 0.515 0.490 0.168 0.953 0.643 0.743 0.736 0.556 0.862 0.494 0.068 0.501 0.546 0.630 0.618 0.374 0.792 0.196 0.408 0.385 0.229 0.978 0.013 0.163 0.019 0.950 0.482 0.539 0.869 0.247 0.404 0.593 0.200 0.250 0.184 0.183 0.790 0.279 0.286 0.693 0.704 0.915 0.238 0.108 0.646 0.408 0.578 0.597 0.603 0.250 0.059 0.891 0.622 0.189 0.494 0.256 0.568 0.291 0.955 0.597 0.710 0.723 0.919 0.419 0.062 0.794 0.440 0.457 0.783 0.151 0.274 0.918 0.767 0.381 0.260 0.363 0.590 0.838 0.549 0.888 0.210 0.524 0.258 0.521 0.829 0.656 0.449 0.782 0.661 0.244 0.923 0.036 0.782 0.108 0.948 0.508 0.503 0.863 0.879 0.434 0.754 0.424 0.009 0.392 0.173 0.568 0.322 0.108 0.331 0.405 0.091 0.299 0.123 0.260 0.193 0.075 0.342 0.406 0.339 0.928 0.182 0.911 0.629 0.328 0.474 0.252 0.024 0.460 0.995 0.158 0.929 0.195 0.366 0.384 0.640 0.081 0.736 0.222 0.860 0.391 0.732 0.769 0.274 0.290 0.005 0.148 0.802 0.741 0.439 0.367 0.587 0.335 0.273 0.222 0.525 0.284 0.247 0.450 0.849 0.751 0.940 0.224 0.575 0.652 0.560 0.945 0.013 0.176 0.204 0.803 0.170 0.646 0.541 0.166 0.259 0.849 0.402 0.235 0.284 0.595 0.950 0.635 0.610 0.255 0.814 0.650 0.159 0.341 0.323 0.063 0.420 0.008 0.897 0.344 0.224 0.988 0.274 0.471 0.825 0.749 0.235 0.258 0.956 0.549 0.204 0.129 0.696 0.581 0.889 0.931 0.775 0.334 0.322 0.498 0.935 0.118 0.479 0.251 0.394 0.871 0.707 0.897 0.194 0.582 0.850 0.420 0.128 0.728 0.068 0.092 0.575 0.219 0.305 0.420 0.976 0.824 0.595 0.726 0.921 0.641 0.482 0.263 0.948 0.360 0.219 0.306 0.949 0.494 0.447 0.590 0.109 0.216 0.045 0.526 0.196 0.105 0.082 0.639 0.723 0.823 0.794 0.873 0.489 0.050 0.471 0.417 0.579 0.966 0.671 0.356 0.771 0.069 0.299 0.262 0.648 0.484 0.149 0.580 0.994 0.807 0.285 0.124 0.751 0.217 0.559 0.494 0.902 0.838 0.328 0.783 0.516 0.323 0.581 0.039 0.142 0.127 0.210 0.094 0.657 0.170 0.639 0.732 0.030 0.195 0.778 0.071 0.498 0.900 0.967 0.744 0.994 0.452 0.716 0.992 0.204 0.799 0.625 0.704 0.610 0.774 0.681 0.244 0.386 0.091 0.300 0.871 0.215 0.656 0.058 0.522 0.705 0.422 0.578 0.968 0.051 0.293 0.935 0.593 0.069 0.758 0.622 0.302 0.098 0.375 0.870 0.050 0.885 0.102 0.070 0.621 0.654 0.451 0.065 0.556 0.480 0.372 0.452 0.588 0.901 0.546 0.924 0.216 0.489 0.505 0.855 0.669 0.811 0.340 0.409 0.325 0.409 0.340 0.951 0.356 0.359 0.525 0.033 0.368 0.406 0.070 0.833 0.600 0.058 0.998 0.672 0.019 0.157 0.637 0.388 0.334 0.467 0.162 0.968 0.796 0.555 0.847 0.310 0.710 0.809 0.079 0.518 0.843 0.486 0.728 0.963 0.729 0.877 0.610 0.583 0.852 0.469 0.998 0.173 0.791 0.807 0.177 0.051 0.315 0.835 0.350 0.933 0.751 0.101 0.739 0.768 0.340 0.846 0.150 0.792 0.767 0.887 0.638 0.980 0.652 0.334 0.284 0.163 0.833 0.473 0.341 0.038 0.244 0.721 0.905 0.553 0.165 0.260 0.702 0.147 0.379 0.358 0.351 0.330 0.508 0.683 0.975 0.908 0.642 0.360 0.555 0.611 0.577 0.496 0.456 0.687 0.516 0.349 0.559 0.532 0.916 0.654 0.555 0.238 0.804 0.831 0.659 0.473 0.854 0.495 0.422 0.072 0.809 0.400 0.775 0.020 0.950 0.260 0.483 0.291 0.136 0.544 0.763 0.249 0.914 0.670 0.006 0.016 0.950 0.417 0.909 0.917 0.045 0.912 0.105 0.255 0.640 0.298 0.193 0.528 0.093 0.951 0.416 0.471 0.832 0.805 0.948 0.650 0.988 0.627 0.631 0.413 0.882 0.574 0.540 0.654 0.835 0.496 0.554 0.765 0.340 0.863 0.843 0.633 0.968 0.758 0.932 0.206 0.482 0.506 0.001 0.809 0.716 0.811 0.337 0.243 0.756 0.690 0.215 0.103 0.910 0.642 0.266 0.303 0.900 0.964 0.973 0.122 0.414 0.353 0.867 0.853 0.750 0.728 0.436 0.839 0.375 0.267 0.038 0.391 0.244 0.412 0.451 0.619 0.438 0.724 0.380 0.880 0.315 0.182 0.368 0.030 0.424 0.991 0.776 0.655 0.529 0.344 0.058 0.671 0.170 0.608 0.485 0.502 0.298 0.725 0.037 0.526 0.613 0.270 0.337 0.903 0.796 0.213 0.562 0.183 0.893 0.231 0.429 0.993 0.568 0.481 0.810 0.388 0.706 0.001 0.557 0.464 0.769 0.411 0.297 0.212 0.186 0.546 0.824 0.337 0.004 0.043 0.643 0.896 0.456 0.114 0.354 0.057 0.504 0.882 0.978 0.587 0.078 0.265 0.838 0.824 0.546 0.426 0.955 0.899 0.106 0.663 0.992 0.677 0.086 0.475 0.040 0.937 0.476 0.778 0.504 0.637 0.062 0.579 0.006 0.046 0.857 0.050 0.223 0.714 0.809 0.633 0.004 0.925 0.588 0.131 0.940 0.342 0.508 0.764 0.557 0.612 0.649 0.857 0.077 0.348 0.242 0.358 0.200 0.140 0.045 0.818 0.444 0.920 0.191 0.559 0.624 0.680 0.022 0.062 0.200 0.958 0.532 0.775 0.520 0.711 0.977 0.546 0.673 0.726 0.032 0.880 0.109 0.548 0.874 0.712 0.717 0.415 0.100 0.044 0.935 0.551 0.358 0.140 0.526 0.748 0.272 0.694 0.349 0.414 0.136 0.765 0.695 0.734 0.359 0.574 0.370 0.620 0.927 0.863 0.061 0.945 0.684 0.927 0.252 0.781 0.971 0.596 0.569 0.785 0.626 0.989 0.369 0.872 0.935 0.667 0.730 0.822 0.612 0.314 0.833 0.823 0.449 0.585 0.949 0.855 0.521 0.671 0.688 0.209 0.432 0.340 0.630 0.060 0.116 0.517 0.524 0.761 0.415 0.355 0.938 0.592 0.362 0.946 0.917 0.077 0.755 0.113 0.094 0.607 0.982 0.507 0.060 0.148 0.349 0.246 0.963 0.341 0.036 0.302 0.669 0.672 0.418 0.513 0.271 0.462 0.588 0.897 0.644 0.878 0.249 0.660 0.703 0.701 0.422 0.665 0.322 0.268 0.098 0.201 0.905 0.755 0.109 0.173 0.762 0.244 0.656 0.039 0.133 0.824 0.499 0.790 0.798 0.998 0.412 0.839 0.668 0.849 0.147 0.457 0.760 0.848 0.820 0.294 0.754 0.527 0.471 0.918 0.395 0.306 0.284 0.094 0.063 0.829 0.047 0.478 0.457 0.712 0.489 0.141 0.927 0.339 0.225 0.590 0.501 0.286 0.433 0.618 0.356 0.765 0.131 0.690 0.828 0.516 0.755 0.149 0.691 0.300 0.830 0.320 0.223 0.547 0.769 0.333 0.456 0.267 0.431 0.171 0.138 0.242 0.907 0.008 0.337 0.298 0.729 0.998 0.725 0.032 0.846 0.801 0.471 0.821 0.782 0.537 0.789 0.999 0.910 0.625 0.942 0.910 0.770 0.498 0.590 0.974 0.460 0.439 0.555 0.908 0.508 0.935 0.341 0.545 0.621 0.944 0.008 0.402 0.498 0.211 0.397 0.743 0.492 0.444 0.677 0.423 0.769 0.683 0.495 0.686 0.437 0.805 0.167 0.328 0.560 0.554 0.957 0.730 0.709 0.974 0.348 0.318 0.408 0.529 0.707 0.676 0.938 0.238 0.485 0.549 0.061 0.367 0.583 0.302 0.296 0.096 0.461 0.895 0.822 0.312 0.648 0.016 0.624 0.671 0.337 0.897 0.022 0.551 0.963 0.756 0.020 0.302 0.885 0.398 0.854 0.852 0.662 0.744 0.768 0.652 0.428 0.712 0.896 0.756 0.065 0.929 0.271 0.531 0.401 0.860 0.881 0.688 0.348 0.151 0.657 0.395 0.905 0.689 0.866 0.721 0.618 0.683 0.582 0.020 0.678 0.208 0.882 0.211 0.369 0.735 0.325 0.458 0.773 0.252 0.873 0.059 0.804 0.388 0.112 0.222 0.768 0.286 0.234 0.210 0.277 0.607 0.422 0.689 0.428 0.068 0.328 0.613 0.291 0.634 0.019 0.098 0.391 0.881 0.098 0.006 0.551 0.019 0.389 0.367 0.673 0.949 0.450 0.148 0.567 0.569 0.019 0.866 0.279 0.338 0.222 0.550 0.458 0.752 0.140 0.450 0.908 0.139 0.224 0.545 0.456 0.654 0.142 0.409 0.049 0.715 0.137 0.739 0.637 0.565 0.771 0.162 0.845 0.873 0.007 0.966 0.311 0.561 0.559 0.389 0.645 0.922 0.516 0.806 0.694 0.170 0.291 0.661 0.988 0.171 0.937 0.594 0.409 0.645 0.267 0.579 0.824 0.044 0.561 0.536 0.069 0.397 0.140 0.997 0.275 0.847 0.613 0.045 0.842 0.273 0.089 0.227 0.986 0.649 0.474 0.803 0.491 0.098 0.463 0.229 0.326 0.795 0.165 0.740 0.985 0.043 0.106 0.588 0.750 0.738 0.444 0.049 0.667 0.912 0.088 0.523 0.067 0.115 0.713 0.617 0.111 0.961 0.143 0.178 0.638 0.933 0.267 0.905 0.193 0.195 0.452 0.790 0.403 0.800 0.713 0.368 0.523 0.406 0.654 0.747 0.919 0.276 0.110 0.005 0.456 0.307 0.662 0.110 0.523 0.265 0.541 0.972 0.158 0.764 0.184 0.955 0.413 0.630 0.301 0.246 0.187 0.145 0.253 0.918 0.183 0.143 0.405 0.827 0.426 0.514 0.938 0.918 0.337 0.093 0.175 0.766 0.351 0.084 0.008 0.981 0.160 0.932 0.236 0.499 0.378 0.072 0.274 0.033 0.580 0.847 0.818 0.798 0.374 0.681 0.831 0.971 0.522 0.536 0.191 0.502 0.024 0.787 0.526 0.208 0.059 0.763 0.958 0.417 0.389 0.092 0.003 0.510 0.469 0.045 0.652 0.739 0.778 0.771 0.622 0.904 0.115 0.586 0.878 0.442 0.869 0.412 0.677 0.181 0.478 0.945 0.081 0.986 0.420 0.928 0.835 0.856 0.892 0.677 0.224 0.882 0.480 0.186 0.394 0.510 0.266 0.373 0.559 0.578 0.766 0.370 0.603 0.163 0.191 0.165 0.509 0.722 0.836 0.608 0.676 0.052 0.669 0.506 0.429 0.874 0.479 0.804 0.683 0.870 0.928 0.567 0.949 0.031 0.289 0.605 0.990 0.220 0.893 0.700 0.255 0.827 0.181 0.100 0.522 0.812 0.936 0.679 0.257 0.855 0.345 0.940 0.390 0.920 0.202 0.568 0.779 0.070 0.674 0.316 0.288 0.907 0.427 0.108 0.691 0.842 0.966 0.897 0.006 0.049 0.457 0.418 0.965 0.770 0.945 0.822 0.599 0.136 0.261 0.536 0.730 0.478 0.109 0.464 0.792 0.361 0.882 0.022 0.577 0.696 0.379 0.744 0.200 0.430 0.531 0.589 0.842 0.954 0.249 0.711 0.350 0.833 0.626 0.260 0.991 0.976 0.353 0.601 0.670 0.138 0.344 0.564 0.809 0.692 0.040 0.595 0.750 0.647 0.460 0.674 0.607 0.497 0.120 0.743 0.374 0.319 0.942 0.483 0.695 0.988 0.386 0.804 0.341 0.060 0.890 0.626 0.152 0.166 0.430 0.141 0.739 0.954 0.509 0.132 0.473 0.899 0.388 0.453 0.740 0.876 0.798 0.977 0.433 0.979 0.029 0.874 0.037 0.623 0.417 0.777 0.043 0.111 0.834 0.265 0.526 0.730 0.658 0.559 0.797 0.922 0.591 0.797 0.459 0.929 0.308 0.014 0.408 0.896 0.564 0.367 0.386 0.568 0.079 0.152 0.626 0.757 0.278 0.374 0.584 0.971 0.929 0.825 0.948 0.963 0.676 0.202 0.461 0.111 0.889 0.685 0.812 0.137 0.639 0.265 0.986 0.909 0.877 0.170 0.099 0.597 0.984 0.155 0.249 0.213 0.330 0.803 0.037 0.862 0.555 0.507 0.135 0.760 0.260 0.743 0.231 0.743 0.046 0.077 0.741 0.550 0.755 0.940 0.503 0.975 0.177 0.275 0.230 0.215 0.757 0.799 0.815 0.524 0.242 0.973 0.429 0.691 0.852 0.396 0.697 0.143 0.159 0.269 0.163 0.431 0.977 0.978 0.652 0.404 0.562 0.392 0.859 0.690 0.686 0.413 0.950 0.314 0.337 0.832 0.187 0.464 0.740 0.543 0.249 0.540 0.459 0.291 0.535 0.415 0.598 0.998 0.575 0.732 0.702 0.886 0.904 0.984 0.384 0.035 0.698 0.087 0.366 0.473 0.110 0.850 0.010 0.261 0.067 0.841 0.629 0.041 0.853 0.984 1.000 0.938 0.180 0.559 0.294 0.400 0.705 0.051 0.753 0.233 0.259 0.444 0.274 0.540 0.466 0.960 0.023 0.769 0.197 0.425 0.413 0.481 0.795 0.711 0.131 0.984 0.645 0.516 0.260 0.715 0.598 0.391 0.106 0.016 0.877 0.685 0.597 0.544 0.357 0.503 0.142 0.368 0.508 0.331 0.984 0.017 0.135 0.321 0.913 0.591 0.857 0.754 0.721 0.909 0.807 0.662 0.830 0.101 0.431 0.281 0.307 0.545 0.984 0.887 0.622 0.596 0.192 0.528 0.066 0.967 0.824 0.416 0.414 0.966 0.146 0.477 0.035 0.973 0.003 0.116 0.106 0.526 0.979 0.705 0.598 0.240 0.295 0.079 0.151 0.428 0.887 0.936 0.351 0.869 0.816 0.299 0.952 0.551 0.880 0.975 0.351 0.729 0.645 0.505 0.865 0.600 0.983 0.493 0.284 0.758 0.861 0.576 0.179 0.182 0.668 0.576 0.494 0.898 0.884 0.827 0.272 0.417 0.870 0.274 0.522 0.941 0.387 0.769 0.972 0.962 0.065 0.896 0.336 0.897 0.755 0.103 0.736 0.193 0.121 0.280 0.633 0.119 0.740 0.171 0.738 0.661 0.681 0.495 0.228 0.304 0.965 0.729 0.564 0.987 0.791 0.557 0.867 0.161 0.741 0.207 0.244 0.811 0.835 0.784 0.259 0.730 0.103 0.607 0.608 0.678 0.606 0.684 0.595 0.716 0.808 0.903 0.816 0.567 0.733 0.758 0.532 0.157 0.740 0.214 0.648 0.791 0.362 0.285 0.482 0.158 0.399 0.889 0.012 0.257 0.175 0.512 0.131 0.219 0.061 0.732 0.438 0.276 0.881 0.365 0.543 0.587 0.436 0.103 0.432 0.074 0.542 0.238 0.118 0.537 0.182 0.893 0.524 0.725 0.598 0.168 0.985 0.706 0.868 0.534 0.777 0.497 0.814 0.040 0.108 0.944 0.088 0.716 0.181 0.475 0.775 0.568 0.576 0.695 0.609 0.867 0.571 0.745 0.346 0.387 0.076 0.600 0.016 0.386 0.513 0.909 0.209 0.809 0.846 0.093 0.957 0.480 0.142 0.052 0.098 0.636 0.625 0.973 0.735 0.771 0.539 0.729 0.990 0.211 0.408 0.267 0.183 0.783 0.332 0.877 0.261 0.848 0.045 0.347 0.673 0.291 0.593 0.823 0.775 0.432 0.146 0.319 0.443 0.552 0.755 0.937 0.725 0.408 0.980 0.040 0.309 0.921 0.865 0.614 0.467 0.975 0.791 0.571 0.404 0.860 0.517 0.885 0.673 0.344 0.572 0.964 0.863 0.885 0.626 0.229 0.760 0.419 0.009 0.540 0.779 0.563 0.003 0.456 0.744 0.868 0.315 0.707 0.105 0.632 0.309 0.315 0.837 0.946 0.569 0.850 0.291 0.177 0.591 0.498 0.758 0.495 0.391 0.384 0.996 0.988 0.970 0.525 0.492 0.854 0.057 0.414 0.820 0.057 0.355 0.863 0.712 0.171 0.190 0.283 0.825 0.781 0.955 0.640 0.573 0.846 0.214 0.372 0.869 0.703 0.220 0.573 0.195 0.981 0.922 0.392 0.638 0.016 0.552 0.370 0.295 0.209 0.427 0.558 0.770 0.337 0.880 0.249 0.988 0.488 0.846 0.769 0.346 0.267 0.741 0.321 0.965 0.153 0.116 0.679 0.909 0.029 0.984 0.928 0.078 0.657 0.071 0.199 0.446 0.689 0.294 0.985 0.580 0.272 0.989 0.778 0.439 0.866 0.455 0.660 0.729 0.822 0.557 0.225 0.514 0.663 0.515 0.820 0.206 0.107 0.303 0.118 0.711 0.608 0.215 0.866 0.967 0.355 0.604 0.494 0.281 0.550 0.934 0.685 0.031 0.054 0.840 0.883 0.873 0.320 0.039 0.071 0.934 0.504 0.915 0.268 0.796 0.657 0.584 0.727 0.725 0.890 0.791 0.778 0.905 0.545 0.313 0.512 0.049 0.211 0.003 0.974 0.602 0.396 0.666 0.762 0.190 0.184 0.813 0.222 0.835 0.099 0.505 0.494 0.574 0.068 0.410 0.120 0.085 0.517 0.966 0.703 0.158 0.550 0.913 0.695 0.085 0.833 0.294 0.486 0.672 0.377 0.869 0.147 0.042 0.919 0.437 0.976 0.428 0.325 0.583 0.815 0.156 0.401 0.377 0.779 0.879 0.168 0.927 0.601 0.991 0.162 0.589 0.638 0.162 0.433 0.491 0.518 0.012 0.898 0.808 0.831 0.751 0.617 0.638 0.186 0.189 0.000 0.830 0.987 0.634 0.092 0.762 0.307 0.650 0.104 0.276 0.062 0.352 0.625 0.239 0.284 0.394 0.519 0.032 0.121 0.625 0.523 0.919 0.354 0.193 0.850 0.150 0.026 0.960 0.005 0.713 0.726 0.555 0.532 0.515 0.512 0.084 0.417 0.739 0.855 0.034 0.070 0.692 0.917 0.377 0.034 0.639 0.082 0.323 0.043 0.368 0.367 0.180 0.132 0.066 0.009 0.755 0.400 0.695 0.848 0.297 0.032 0.778 0.463 0.175 0.591 0.859 0.889 0.758 0.515 0.229 0.541 0.099 0.495 0.584 0.875 0.325 0.181 0.324 0.649 0.683 0.577 0.255 0.820 0.291 0.044 0.116 0.570 0.353 0.763 0.991 0.473 0.941 0.691 0.686 0.648 0.626 0.117 0.527 0.249 0.411 0.418 0.523 0.207 0.838 0.203 0.698 0.162 0.447 0.728 0.597 0.952 0.328 0.604 0.746 0.428 0.940 0.354 0.784 0.318 0.598 0.809 0.621 0.673 0.989 0.146 0.618 0.990 0.502 0.426 0.361 0.045 0.147 0.534 0.820 0.696 0.416 0.338 0.742 0.285 0.855 0.682 0.084 0.703 0.916 0.601 0.733 0.999 0.868 0.012 0.828 0.860 0.717 0.155 0.898 0.488 0.834 0.948 0.051 0.742 0.637 0.765 0.537 0.446 0.401 0.722 0.917 0.692 0.392 0.047 0.185 0.214 0.409 0.569 0.466 0.312 0.523 0.914 0.324 0.301 0.266 0.228 0.958 0.002 0.581 0.397 0.718 0.730 0.366 0.112 0.570 0.133 0.776 0.315 0.471 0.777 0.099 0.035 0.500 0.979 0.566 0.777 0.206 0.575 0.701 0.317 0.630 0.912 0.394 0.801 0.175 0.854 0.573 0.981 0.419 0.830 0.132 0.589 0.683 0.776 0.055 0.069 0.361 0.383 0.521 0.857 0.790 0.683 0.149 0.865 0.459 0.952 0.644 0.798 0.168 0.857 0.403 0.335 0.853 0.482 0.552 0.312 0.069 0.074 0.787 0.730 0.215 0.639 0.367 0.051 0.123 0.006 0.891 0.538 0.983 0.742 0.383 0.093 0.309 0.743 0.388 0.538 0.685 0.975 0.681 0.274 0.094 0.939 0.988 0.857 0.602 0.986 0.643 0.556 0.816 0.170 0.697 0.257 0.098 0.108 0.704 0.846 0.802 0.565 0.747 0.801 0.955 0.889 0.467 0.443 0.126 0.882 0.326 0.051 0.198 0.667 0.237 0.020 0.915 0.440 0.042 0.757 0.059 0.238 0.192 0.805 0.867 0.429 0.572 0.556 0.715 0.234 0.134 0.907 0.864 0.433 0.598 0.776 0.112 0.395 0.614 0.210 0.074 0.988 0.134 0.960 0.391 0.894 0.902 0.202 0.729 0.232 0.016 0.890 0.102 0.265 0.555 0.008 0.838 0.798 0.807 0.111 0.435 0.024 0.522 0.336 0.941 0.112 0.076 0.540 0.633 0.238 0.998 0.581 0.046 0.440 0.324 0.557 0.793 0.612 0.703 0.158 0.559 0.717 0.519 0.333 0.026 0.230 0.260 0.031 0.430 0.269 0.638 0.651 0.388 0.222 0.817 0.921 0.805 0.041 0.437 0.818 0.331 0.981 0.206 0.653 0.109 0.472 0.094 0.984 0.218 0.365 0.866 0.437 0.870 0.081 0.033 0.667 0.808 0.199 0.739 0.967 0.645 0.188 0.444 0.699 0.054 0.236 0.845 0.311 0.599 0.791 0.416 0.577 0.465 0.528 0.127 0.910 0.937 0.017 0.855 0.385 0.103 0.210 0.189 0.481 0.617 0.811 0.840 0.323 0.349 0.032 0.224 0.167 0.048 0.160 0.851 0.251 0.981 0.596 0.139 0.053 0.122 0.182 0.995 0.566 0.622 0.653 0.748 0.146 0.234 0.480 0.711 0.893 0.308 0.309 0.039 0.101 0.136 0.328 0.454 0.630 0.178 0.188 0.242 0.221 0.062 0.740 0.154 0.366 0.682 0.769 0.082 0.238 0.493 0.194 0.581 0.489 0.199 0.981 0.259 0.100 0.973 0.200 0.672 0.782 0.532 0.467 0.478 0.053 0.300 0.144 0.874 0.094 0.479 0.533 0.386 0.248 0.813 0.584 0.322 0.050 0.220 0.568 0.887 0.200 0.596 0.358 0.118 0.853 0.024 0.215 0.309 0.776 0.498 0.551 0.437 0.711 0.239 0.488 0.636 0.619 0.303 0.552 0.419 0.377 0.019 0.626 0.302 0.438 0.002 0.263 0.507 0.615 0.343 0.214 0.698 0.130 0.314 0.610 0.251 0.012 0.968 0.548 0.108 0.419 0.629 0.879 0.289 0.883 0.645 0.014 0.109 0.897 0.729 0.382 0.068 0.287 0.980 0.916 0.572 0.970 0.370 0.868 0.005 0.283 0.154 0.451 0.349 0.460 0.267 0.582 0.705 0.655 0.749 0.535 0.814 0.415 0.595 0.521 0.177 0.968 0.262 0.350 0.609 0.927 0.271 0.569 0.270 0.301 0.114 0.246 0.834 0.638 0.978 0.103 0.913 0.617 0.344 0.057 0.119 0.519 0.533 0.725 0.594 0.769 0.695 0.885 0.377 0.529 0.702 0.302 0.762 0.829 0.193 0.352 0.018 0.627 0.948 0.265 0.018 0.647 0.028 0.044 0.168 0.417 0.724 0.765 0.657 0.988 0.003 0.310 0.191 0.772 0.961 0.164 0.808 0.172 0.864 0.760 0.483 0.590 0.589 0.630 0.795 0.397 0.985 0.469 0.961 0.691 0.348 0.826 0.238 0.875 0.072 0.906 0.072 0.798 0.813 0.938 0.847 0.257 0.410 0.675 0.252 0.915 0.697 0.005 0.827 0.529 0.010 0.207 0.288 0.301 0.734 0.216 0.163 0.957 0.474 0.602 0.251 0.434 0.836 0.880 0.838 0.831 0.257 0.530 0.046 0.265 0.647 0.962 0.451 0.244 0.471 0.183 0.712 0.121 0.889 0.947 0.063 0.923 0.740 0.516 0.082 0.397 0.677 0.036 0.168 0.260 0.392 0.295 0.214 0.344 0.131 0.068 0.525 0.104 0.497 0.032 0.739 0.987 0.294 0.657 0.131 0.850 0.732 0.605 0.465 0.564 0.644 0.328 0.610 0.044 0.890 0.554 0.450 0.395 0.582 0.627 0.667 0.862 0.129 0.055 0.831 0.316 0.726 0.105 0.485 0.975 0.552 0.915 0.847 0.917 0.229 0.674 0.171 0.264 0.655 0.547 0.827 0.155 0.702 0.428 0.149 0.072 0.381 0.050 0.926 0.776 0.847 0.191 0.874 0.005 0.062 0.848 0.162 0.741 0.633 0.815 0.697 0.709 0.617 0.948 0.831 0.538 0.601 0.053 0.046 0.375 0.531 0.754 0.910 0.607 0.935 0.979 0.479 0.214 0.749 0.526 0.918 0.307 0.736 0.551 0.621 0.900 0.263 0.620 0.109 0.917 0.644 0.295 0.828 0.647 0.250 0.545 0.488 0.927 0.837 0.989 0.715 0.398 0.895 0.452 0.570 0.664 0.552 0.721 0.213 0.529 0.696 0.559 0.918 0.459 0.540 0.551 0.162 0.988 0.297 0.165 0.943 0.752 0.095 0.737 0.127 0.617 0.364 0.939 0.898 0.226 0.299 0.471 0.572 0.263 0.978 0.849 0.700 0.332 0.404 0.282 0.269 0.366 0.205 0.575 0.165 0.725 0.341 0.159 0.724 0.689 0.844 0.656 0.179 0.996 0.597 0.689 0.621 0.794 0.782 0.025 0.613 0.282 0.034 0.438 0.016 0.688 0.629 0.090 0.923 0.495 0.482 0.434 0.450 0.847 0.369 0.210 0.219 0.916 0.685 0.481 0.774 0.897 0.197 0.752 0.195 0.220 0.505 0.141 0.392 0.722 0.160 0.351 0.798 0.557 0.607 0.157 0.930 0.874 0.759 0.735 0.388 0.772 0.551 0.214 0.586 0.056 0.694 0.409 0.566 0.818 0.795 0.761 0.165 0.545 0.527 0.783 0.968 0.855 0.441 0.835 0.268 0.513 0.659 0.977 0.293 0.155 0.147 0.076 0.090 0.650 0.333 0.667 0.506 0.943 0.634 0.187 0.683 0.525 0.705 0.432 0.336 0.068 0.279 0.925 0.508 0.630 0.056 0.370 0.959 0.494 0.668 0.970 0.455 0.540 0.166 0.527 0.188 0.837 0.844 0.744 0.906 0.885 0.107 0.906 0.033 0.436 0.473 0.829 0.795 0.369 0.326 0.273 0.076 0.217 0.374 0.869 0.420 0.673 0.339 0.276 0.969 0.437 0.795 0.583 0.610 0.977 0.626 0.436 0.279 0.785 0.797 0.561 0.599 0.148 0.416 0.425 0.494 0.947 0.784 0.290 0.717 0.173 0.541 0.719 0.219 0.155 0.202 0.142 0.431 0.503 0.800 0.155 0.210 0.435 0.894 0.413 0.750 0.225 0.316 0.830 0.122 0.060 0.502 0.217 0.696 0.357 0.749 0.770 0.900 0.777 0.256 0.215 0.615 0.955 0.913 0.783 0.299 0.439 0.475 0.952 0.531 0.277 0.504 0.951 0.049 0.407 0.764 0.539 0.400 0.504 0.293 0.961 0.191 0.526 0.651 0.167 0.591 0.131 0.992 0.593 0.305 0.751 0.206 0.885 0.093 0.343 0.129 0.812 0.502 0.837 0.959 0.947 0.293 0.021 0.147 0.708 0.733 0.961 0.572 0.240 0.951 0.936 0.313 0.192 0.156 0.878 0.793 0.281 0.576 0.519 0.695 0.988 0.007 0.645 0.727 0.266 0.011 0.894 0.761 0.188 0.448 0.770 0.552 0.986 0.625 0.293 0.937 0.892 0.699 0.521 0.218 0.992 0.366 0.907 0.250 0.699 0.111 0.112 0.699 0.307 0.254 0.338 0.843 0.700 0.799 0.371 0.572 0.321 0.704 0.856 0.842 0.120 0.208 0.515 0.355 0.866 0.066 0.929 0.512 0.796 0.350 0.962 0.852 0.680 0.198 0.498 0.779 0.568 0.346 0.381 0.066 0.218 0.232 0.877 0.238 0.889 0.896 0.984 0.553 0.164 0.060 0.419 0.599 0.514 0.796 0.593 0.691 0.092 0.963 0.445 0.935 0.666 0.368 0.555 0.040 0.412 0.680 0.920 0.194 0.976 0.766 0.373 0.813 0.158 0.653 0.413 0.779 0.469 0.383 0.554 0.840 0.800 0.762 0.762 0.812 0.881 0.159 0.887 0.181 0.825 0.679 0.169 0.459 0.772 0.378 0.590 0.521 0.251 0.602 0.230 0.842 0.656 0.173 0.338 0.499 0.378 0.774 0.682 0.016 0.919 0.223 0.677 0.595 0.233 0.004 0.452 0.174 0.587 0.182 0.221 0.646 0.085 0.036 0.230 0.396 0.268 0.890 0.162 0.796 0.885 0.021 0.612 0.346 0.586 0.633 0.662 0.561 0.852 0.793 0.269 0.133 0.125 0.552 0.835 0.067 0.685 0.314 0.805 0.880 0.465 0.854 0.906 0.034 0.828 0.115 0.703 0.225 0.716 0.597 0.689 0.582 0.159 0.376 0.869 0.857 0.653 0.914 0.476 0.183 0.460 0.026 0.161 0.131 0.834 0.529 0.853 0.233 0.196 0.419 0.785 0.171 0.097 0.836 0.772 0.018 0.579 0.771 0.345 0.401 0.276 0.023 0.788 0.822 0.436 0.790 0.247 0.490 0.319 0.531 0.675 0.939 0.110 0.646 0.705 0.075 0.467 0.434 0.172 0.730 0.907 0.316 0.764 0.232 0.033 0.692 0.502 0.671 0.653 0.283 0.548 0.834 0.821 0.793 0.154 0.084 0.407 0.269 0.784 0.304 0.502 0.725 0.167 0.626 0.940 0.286 0.063 0.725 0.768 0.868 0.580 0.989 0.368 0.108 0.670 0.894 0.181 0.454 0.926 0.619 0.682 0.534 0.630 0.942 0.077 0.298 0.615 0.534 0.661 0.343 0.418 0.478 0.175 0.295 0.622 0.955 0.592 0.073 0.271 0.784 0.480 0.282 0.114 0.721 0.627 0.999 0.828 0.883 0.438 0.065 0.143 0.927 0.404 0.015 0.110 0.738 0.422 0.829 0.426 0.263 0.322 0.418 0.811 0.184 0.590 0.991 0.325 0.996 0.942 0.183 0.552 0.785 0.763 0.662 0.115 0.891 0.414 0.287 0.275 0.226 0.529 0.183 0.042 0.384 0.941 0.100 0.498 0.068 0.737 0.968 0.926 0.979 0.643 0.250 0.694 0.766 0.097 0.917 0.943 0.713 0.748 0.685 0.943 0.970 0.396 0.230 0.143 0.089 0.481 0.040 0.439 0.363 0.717 0.504 0.797 0.007 0.398 0.857 0.839 0.543 0.447 0.944 0.486 0.896 0.364 0.930 0.852 0.792 0.357 0.692 0.783 0.515 0.704 0.212 0.146 0.613 0.881 0.941 0.957 0.452 0.596 0.898 0.026 0.845 0.173 0.698 0.528 0.437 0.131 0.778 0.062 0.188 0.737 0.322 0.820 0.699 0.436 0.177 0.609 0.876 0.984 0.193 0.276 0.768 0.452 0.296 0.782 0.307 0.423 0.789 0.019 0.305 0.483 0.582 0.128 0.153 0.003 0.338 0.940 0.208 0.470 0.502 0.613 0.808 0.163 0.997 0.583 0.425 0.889 0.450 0.420 0.476 0.262 0.422 0.467 0.757 0.160 0.128 0.299 0.193 0.286 0.975 0.770 0.608 0.956 0.847 0.934 0.014 0.265 0.166 0.344 0.438 0.938 0.799 0.701 0.297 0.813 0.709 0.401 0.512 0.417 0.195 0.810 0.388 0.274 0.797 0.510 0.827 0.725 0.535 0.905 0.933 0.376 0.853 0.569 0.281 0.424 0.298 0.746 0.884 0.194 0.257 0.258 0.151 0.060 0.334 0.699 0.019 0.090 0.382 0.823 1.000 0.111 0.202 0.974 0.239 0.121 0.165 0.569 0.894 0.242 0.239 0.619 0.911 0.031 0.991 0.050 0.165 0.506 0.489 0.316 0.475 0.826 0.926 0.594 0.774 0.047 0.243 0.665 0.944 0.509 0.784 0.415 0.690 0.615 0.488 0.511 0.807 0.209 0.929 0.568 0.403 0.063 0.274 0.536 0.650 0.445 0.253 0.302 0.020 0.839 0.865 0.973 0.863 0.177 0.260 0.258 0.014 0.790 0.436 0.738 0.136 0.532 0.918 0.695 0.879 0.673 0.692 0.784 0.719 0.641 0.374 0.213 0.327 0.427 0.023 0.271 0.752 0.240 0.922 0.995 0.083 0.021 0.029 0.143 0.428 0.865 0.305 0.065 0.606 0.272 0.766 0.542 0.137 0.582 0.624 0.146 0.938 0.667 0.733 0.236 0.258 0.310 0.462 0.346 0.015 0.154 0.524 0.288 0.067 0.214 0.947 0.946 0.491 0.313 0.582 0.151 0.725 0.235 0.037 0.427 0.722 0.716 0.348 0.058 1.000 0.240 0.006 0.715 0.983 0.161 0.319 0.025 0.842 0.036 0.199 0.289 0.030 0.910 0.010 0.989 0.156 0.141 0.099 0.445 0.783 0.666 0.642 0.193 0.131 0.638 0.667 0.975 0.984 0.100 0.246 0.782 0.372 0.045 0.252 0.749 0.444 0.797 0.068 0.923 0.785 0.560 0.923 0.767 0.021 0.294 0.526 0.191 0.171 0.150 0.459 0.082 0.831 0.253 0.298 0.077 0.751 0.809 0.482 0.246 0.987 0.842 0.525 0.226 0.586 0.451 0.100 0.659 0.603 0.842 0.368 0.593 0.852 0.758 0.414 0.017 0.734 0.043 0.468 0.594 0.351 0.328 0.094 0.487 0.202 0.708 0.475 0.155 0.399 0.309 0.073 0.473 0.340 0.792 0.536 
ofv: -27958020.000000
Best time: 11.814
Total time:11.814 
