

Instance: ../Instances/KP/00Uncorrelated/n00050/kp009.txt
RKO: SA | ILS | VNS | BRKGA | BRKGA-CS | PSO | GA | LNS | GRASP | IPR | 
Sol: 0.561 0.338 0.208 0.771 0.299 0.659 0.708 0.020 0.746 0.641 0.423 0.636 0.789 0.288 0.770 0.134 0.243 0.273 0.681 0.749 0.869 0.669 0.387 0.760 0.142 0.434 0.980 0.922 0.029 0.155 0.485 0.909 0.025 0.622 0.355 0.853 0.910 0.260 0.859 0.954 0.433 0.519 0.850 0.657 0.856 0.394 0.505 0.703 0.903 0.043 
ofv: -180243.000000
Best time: 3.830
Total time:5.480 


Instance: ../Instances/KP/00Uncorrelated/n00100/kp021.txt
RKO: SA | ILS | VNS | BRKGA | BRKGA-CS | PSO | GA | LNS | GRASP | IPR | 
Sol: 0.147 0.522 0.971 0.868 0.421 0.834 0.928 0.714 0.507 0.176 0.112 0.410 0.530 0.065 0.662 0.418 0.108 0.368 0.551 0.825 0.838 0.674 0.194 0.037 0.800 0.435 0.550 0.603 0.134 0.945 0.206 0.508 0.267 0.031 0.811 0.621 0.245 0.295 0.936 0.450 0.773 0.434 0.750 0.854 0.650 0.854 0.728 0.665 0.138 0.086 0.565 0.637 0.997 0.560 0.269 0.632 0.751 0.567 0.946 0.148 0.084 0.552 0.745 0.903 0.044 0.231 0.498 0.782 0.923 0.569 0.656 0.624 0.311 0.330 0.019 0.733 0.399 0.572 0.374 0.418 0.006 0.970 0.923 0.798 0.558 0.952 0.662 0.656 0.599 0.815 0.629 0.702 0.511 0.204 0.489 0.190 0.706 0.105 0.184 0.922 
ofv: -415762.000000
Best time: 4.136
Total time:5.454 


Instance: ../Instances/KP/00Uncorrelated/n00200/kp087.txt
RKO: SA | ILS | VNS | BRKGA | BRKGA-CS | PSO | GA | LNS | GRASP | IPR | 
Sol: 0.183 0.154 0.995 0.805 0.957 0.812 0.814 0.146 0.675 0.293 0.349 0.249 0.638 0.544 0.560 0.739 0.452 0.996 0.373 0.302 0.825 0.284 0.432 0.348 0.966 0.042 0.554 0.067 0.898 0.503 0.676 0.268 0.576 0.094 0.878 0.787 0.582 0.003 0.653 0.233 0.798 0.597 0.998 0.681 0.600 0.920 0.642 0.565 0.283 0.455 0.272 0.560 0.089 0.627 0.208 0.359 0.370 0.501 0.761 0.909 0.782 0.010 0.755 0.139 0.261 0.982 0.853 0.460 0.520 0.164 0.270 0.922 0.005 0.877 0.755 0.864 0.413 0.431 0.838 0.118 0.267 0.834 0.145 0.332 0.361 0.565 0.537 0.918 0.972 0.366 0.323 0.508 0.396 0.508 0.399 0.301 0.194 0.363 0.873 0.490 0.046 0.665 0.100 0.184 0.333 0.757 0.766 0.572 0.477 0.680 0.943 0.843 0.603 0.988 0.283 0.068 0.565 0.350 0.897 0.963 0.331 0.520 0.264 0.403 0.696 0.151 0.449 0.496 0.423 0.955 0.773 0.113 0.726 0.706 0.367 0.230 0.432 0.620 0.853 0.600 0.937 0.834 0.823 0.886 0.640 0.950 0.979 0.534 0.695 0.734 0.063 0.100 0.639 0.326 0.599 0.397 0.302 0.284 0.516 0.996 0.898 0.035 0.652 0.823 0.379 0.538 0.269 0.447 0.483 0.857 0.624 0.165 0.527 0.682 0.905 0.662 0.836 0.516 0.981 0.787 0.833 0.333 0.444 0.818 0.912 0.322 0.438 0.955 0.466 0.582 0.783 0.898 0.570 0.869 0.193 0.297 0.744 0.632 0.691 0.689 
ofv: -756418.000000
Best time: 5.405
Total time:5.815 


Instance: ../Instances/KP/00Uncorrelated/n00500/kp035.txt
RKO: SA | ILS | VNS | BRKGA | BRKGA-CS | PSO | GA | LNS | GRASP | IPR | 
Sol: 0.718 0.677 0.859 0.950 0.211 0.751 0.623 0.892 0.959 0.578 0.492 0.560 0.947 0.516 0.651 0.546 0.776 0.355 0.528 0.570 0.394 0.399 0.157 0.333 0.119 0.167 0.421 0.732 0.185 0.273 0.030 0.300 0.802 0.362 0.914 0.727 0.631 0.675 0.026 0.469 0.772 0.956 0.742 0.825 0.712 0.825 0.638 0.606 0.126 0.771 0.910 0.774 0.591 0.249 0.707 0.554 0.677 0.703 0.288 0.766 0.408 0.761 0.069 0.443 0.979 0.692 0.063 0.483 0.893 0.368 0.806 0.121 0.452 0.148 0.329 0.463 0.401 0.983 0.172 0.305 0.575 0.039 0.825 0.368 0.816 0.176 0.935 0.994 0.310 0.833 0.650 0.328 0.979 0.901 0.339 0.633 0.703 0.096 0.781 0.224 0.958 0.055 0.681 0.477 0.393 0.605 0.971 0.687 0.508 0.342 0.681 0.788 0.228 0.903 0.590 0.180 0.746 0.013 0.539 0.509 0.652 0.574 0.631 0.126 0.473 0.298 0.215 0.962 0.366 0.836 0.733 0.065 0.029 0.558 0.653 0.665 0.894 0.826 0.693 0.235 0.611 0.876 0.169 0.560 0.521 0.391 0.776 0.446 0.374 0.640 0.267 0.867 0.779 0.790 0.756 0.856 0.668 0.849 0.356 0.218 0.854 0.169 0.258 0.470 0.658 0.537 0.181 0.521 0.224 0.719 0.696 0.983 0.861 0.325 0.191 0.506 0.512 0.540 0.534 0.114 0.406 0.699 0.717 0.090 0.022 0.974 0.309 0.155 0.822 0.082 0.326 0.848 0.156 0.661 0.316 0.271 0.710 0.412 0.436 0.238 0.960 0.179 0.589 0.179 0.769 0.081 0.230 0.079 0.474 0.462 0.043 0.611 0.187 0.235 0.825 0.298 0.428 0.798 0.449 0.465 0.857 0.330 0.782 0.981 0.774 0.621 0.871 0.247 0.357 0.624 0.707 0.242 0.413 0.739 0.040 0.300 0.051 0.172 0.342 0.400 0.215 0.866 0.052 0.830 0.797 0.866 0.957 0.486 0.675 0.741 0.760 0.899 0.191 0.654 0.585 0.914 0.934 0.568 0.567 0.482 0.973 0.367 0.102 0.396 0.005 0.487 0.584 0.418 0.560 0.295 0.823 0.885 0.383 0.980 0.291 0.514 0.488 0.292 0.505 0.682 0.151 0.146 0.499 0.101 0.260 0.514 0.722 0.459 0.390 0.248 0.425 0.509 0.662 0.678 0.893 0.958 0.997 0.921 0.872 0.960 0.183 0.599 0.924 0.962 0.101 0.554 0.671 0.707 0.726 0.673 0.762 0.891 0.825 0.179 0.877 0.158 0.321 0.956 0.902 0.851 0.993 0.435 0.739 0.528 0.648 0.023 0.748 0.462 0.358 0.784 0.326 0.126 0.677 0.927 0.119 0.454 0.430 0.469 0.207 0.993 0.051 0.623 0.733 0.369 0.755 0.968 0.902 0.539 0.925 0.849 0.890 0.708 0.708 0.428 0.782 0.891 0.553 0.855 0.716 0.453 0.116 0.044 0.734 0.755 0.094 0.644 0.083 0.779 0.353 0.575 0.961 0.453 0.844 0.809 0.732 0.505 0.325 0.393 0.395 0.927 0.300 0.171 0.712 0.846 0.120 0.311 0.988 0.938 0.907 0.220 0.242 0.411 0.819 0.963 0.884 0.712 0.229 0.975 0.005 0.180 0.767 0.516 0.795 0.185 0.103 0.722 0.484 0.401 0.124 0.828 0.595 0.586 0.812 0.404 0.204 0.486 0.559 0.893 0.683 0.771 0.641 0.792 0.007 0.493 0.514 0.947 0.857 0.335 0.980 0.310 0.803 0.553 0.191 0.068 0.779 0.171 0.990 0.564 0.133 0.302 0.510 0.351 0.813 0.521 0.053 0.658 0.921 0.486 0.616 0.259 0.785 0.020 0.768 0.606 0.336 0.875 0.676 0.781 0.877 0.424 0.599 0.808 0.636 0.290 0.869 0.519 0.045 0.451 0.761 0.519 0.153 0.395 0.418 0.433 0.831 0.577 0.978 0.310 0.328 0.871 0.466 0.644 0.120 0.790 0.106 0.451 0.295 0.855 0.127 0.945 0.128 0.471 0.735 0.882 0.308 0.787 0.962 0.104 0.604 0.344 
ofv: -1880213.000000
Best time: 5.534
Total time:5.588 


Instance: ../Instances/KP/00Uncorrelated/n01000/kp005.txt
RKO: SA | ILS | VNS | BRKGA | BRKGA-CS | PSO | GA | LNS | GRASP | IPR | 
Sol: 0.850 0.853 0.626 0.802 0.938 0.751 0.223 0.698 0.896 0.736 0.692 0.447 0.184 0.351 0.202 0.411 0.011 0.124 0.010 0.885 0.564 0.405 0.748 0.378 0.763 0.133 0.403 0.761 0.338 0.053 0.526 0.841 0.553 0.987 0.232 0.789 0.236 0.543 0.557 0.767 0.631 0.403 0.112 0.184 0.004 0.165 0.352 0.589 0.290 0.731 0.981 0.404 0.740 0.238 0.290 0.678 0.532 0.223 0.738 0.449 0.640 0.647 0.467 0.929 0.488 0.606 0.013 0.382 0.258 0.709 0.167 0.974 0.559 0.627 0.982 0.061 0.507 0.662 0.133 0.879 0.634 0.806 0.453 0.625 0.265 0.133 0.205 0.643 0.744 0.688 0.306 0.011 0.458 0.439 0.015 0.366 0.895 0.593 0.448 0.388 0.636 0.617 0.760 0.280 0.185 0.970 0.059 0.157 0.033 0.610 0.352 0.330 0.801 0.272 0.979 0.738 0.321 0.712 0.114 0.557 0.168 0.762 0.275 0.119 0.706 0.517 0.558 0.759 0.525 0.933 0.969 0.088 0.313 0.318 0.439 0.946 0.870 0.635 0.206 0.475 0.021 0.478 0.622 0.618 0.396 0.892 0.547 0.593 0.568 0.940 0.057 0.813 0.182 0.484 0.698 0.688 0.538 0.520 0.919 0.528 0.321 0.518 0.501 0.517 0.423 0.762 0.657 0.519 0.936 0.583 0.892 0.582 0.133 0.674 0.788 0.509 0.910 0.522 0.131 0.668 0.175 0.759 0.699 0.756 0.511 0.762 0.573 0.455 0.503 0.877 0.931 0.966 0.927 0.694 0.557 0.591 0.279 0.272 0.792 0.664 0.024 0.966 0.783 0.445 0.923 0.145 0.129 0.358 0.359 0.447 0.136 0.101 0.907 0.024 0.964 0.576 0.335 0.866 0.033 0.276 0.138 0.132 0.492 0.828 0.509 0.292 0.813 0.072 0.610 0.344 0.937 0.704 0.961 0.267 0.861 0.571 0.307 0.068 0.697 0.892 0.559 0.867 0.601 0.490 0.590 0.100 0.189 0.386 0.940 0.204 0.976 0.798 0.247 0.099 0.232 0.323 0.952 0.143 0.882 0.683 0.472 0.061 0.722 0.518 0.314 0.716 0.792 0.909 0.196 0.583 0.371 0.744 0.912 0.144 0.979 0.722 0.038 0.052 0.015 0.818 0.729 0.108 0.292 0.398 0.581 0.591 0.574 0.383 0.726 0.483 0.750 0.119 0.966 0.564 0.437 0.487 0.423 0.351 0.225 0.366 0.839 0.321 0.352 0.125 0.101 0.643 0.855 0.748 0.132 0.907 0.927 0.954 0.888 0.847 0.786 0.720 0.857 0.499 0.771 0.075 0.281 0.719 0.381 0.748 0.788 0.265 0.253 0.961 0.553 0.272 0.950 0.203 0.603 0.200 0.376 0.891 0.707 0.236 0.115 0.685 0.620 0.502 0.295 0.781 0.853 0.833 0.812 0.206 0.673 0.016 0.930 0.984 0.839 0.171 0.139 0.879 0.049 0.734 0.117 0.053 0.555 0.272 0.222 0.477 0.292 0.026 0.109 0.917 0.911 0.007 0.859 0.195 0.541 0.337 0.729 0.062 0.036 0.693 0.109 0.614 0.770 0.739 0.217 0.556 0.128 0.769 0.093 0.923 0.420 0.226 0.398 0.268 0.666 0.444 0.787 0.635 0.290 0.687 0.233 0.016 0.269 0.062 0.636 0.801 0.415 0.505 0.067 0.955 0.251 0.409 0.738 0.669 0.075 0.145 0.714 0.550 0.745 0.087 0.612 0.987 0.328 0.163 0.582 0.761 0.532 0.210 0.597 0.571 0.822 0.522 0.857 0.729 0.631 0.418 0.789 0.122 0.053 0.454 0.157 0.373 0.866 0.670 0.749 0.447 0.127 0.909 0.656 0.142 0.224 0.060 0.284 0.295 0.063 0.386 0.780 0.466 0.930 0.198 0.176 0.355 0.495 0.590 0.131 0.699 0.374 0.799 0.586 0.842 0.635 0.581 0.027 0.670 0.499 0.654 0.739 0.195 0.112 0.252 0.229 0.204 0.385 0.896 0.021 0.298 0.018 0.149 0.830 0.528 0.098 0.380 0.735 0.809 0.763 1.000 0.879 0.212 0.335 0.864 0.263 0.393 0.327 0.883 0.376 0.388 0.213 0.346 0.833 0.207 0.634 0.461 0.062 0.395 0.351 0.058 0.248 0.465 0.638 0.481 0.115 0.668 0.387 0.336 0.120 0.890 0.105 0.880 0.468 0.848 0.593 0.769 0.583 0.317 0.032 0.749 0.714 0.448 0.518 0.727 0.967 0.943 0.200 0.695 0.609 0.257 0.008 0.067 0.316 0.578 0.861 0.464 0.274 0.497 0.398 0.235 0.392 0.319 0.035 0.467 0.619 0.480 0.056 0.479 0.247 0.263 0.214 0.038 0.594 0.744 0.501 0.892 0.945 0.416 0.735 0.627 0.914 0.719 0.779 0.612 0.474 0.862 0.130 0.194 0.439 0.320 0.476 0.962 0.486 0.047 0.800 0.652 0.231 0.413 0.193 0.015 0.699 0.672 0.234 0.020 0.472 0.139 0.297 0.382 0.241 0.719 0.662 0.115 0.874 0.274 0.964 0.299 0.550 0.646 0.097 0.168 0.688 0.980 0.500 0.350 0.553 0.965 0.328 0.955 0.351 0.265 0.621 0.911 0.058 0.862 0.210 0.015 0.625 0.527 0.430 0.188 0.165 0.303 0.999 0.206 0.789 0.441 0.381 0.138 0.957 0.671 0.700 0.968 0.092 0.214 0.652 0.560 0.321 0.333 0.321 0.516 0.847 0.122 0.953 0.289 0.547 0.702 0.668 0.784 0.148 0.151 0.938 0.593 0.452 0.133 0.310 0.158 0.444 0.079 0.529 0.887 0.217 0.734 0.829 0.598 0.915 0.702 0.818 0.961 0.494 0.286 0.841 0.595 0.454 0.180 0.280 0.667 0.851 0.534 0.784 0.344 0.717 0.161 0.611 0.070 0.593 0.995 0.665 0.691 0.706 0.970 0.875 0.167 0.438 0.857 0.854 0.302 0.501 0.970 0.186 0.324 0.125 0.326 0.512 0.554 0.527 0.889 0.067 0.296 0.509 0.060 0.705 0.260 0.762 0.338 0.350 0.021 0.708 0.610 0.069 0.528 0.712 0.256 0.369 0.897 0.532 0.578 0.723 0.148 0.970 0.074 0.534 0.721 0.168 0.772 0.758 0.396 0.217 0.329 0.920 0.040 0.273 0.348 0.919 0.904 0.660 0.869 0.062 0.077 0.732 0.935 0.219 0.789 0.768 0.643 0.463 0.703 0.704 0.126 0.332 0.424 0.165 0.188 0.237 0.647 0.064 0.531 0.585 0.798 0.501 0.562 0.856 0.614 0.870 0.856 0.483 0.144 0.376 0.493 0.392 0.978 0.845 0.526 0.452 0.329 0.521 0.818 0.089 0.902 0.300 0.956 0.050 0.744 0.603 0.335 0.856 0.603 0.016 0.288 0.218 0.784 0.658 0.762 0.164 0.040 0.949 0.523 0.985 0.314 0.347 0.305 0.561 0.841 0.117 0.657 0.186 0.921 0.109 0.460 0.171 0.055 0.842 0.882 0.109 0.675 0.369 0.308 0.733 0.365 0.655 0.357 0.317 0.352 0.447 0.371 0.942 0.078 0.241 0.662 0.169 0.073 0.352 0.115 0.815 0.806 0.503 0.116 0.255 0.948 0.202 0.918 0.536 0.593 0.604 0.285 0.316 0.954 0.461 0.723 0.625 0.530 0.715 0.549 0.590 0.668 0.056 0.550 0.129 0.621 0.805 0.118 0.996 0.111 0.954 0.160 0.955 0.486 0.080 0.853 0.184 0.198 0.636 0.848 0.366 0.078 0.718 0.730 0.540 0.463 0.020 0.609 0.924 0.449 0.143 0.926 0.038 0.729 0.779 0.868 0.045 0.334 0.927 0.848 0.489 0.224 0.683 0.070 0.215 0.806 0.417 0.864 0.137 0.956 0.331 0.542 0.927 0.395 0.969 0.620 0.390 0.776 0.048 0.858 0.812 0.532 0.317 0.287 0.468 0.511 0.033 0.057 0.078 0.919 0.852 0.844 0.983 0.210 0.857 0.531 0.865 0.671 0.596 0.327 0.551 0.380 0.882 0.531 0.258 0.246 0.992 0.425 0.644 0.574 0.363 0.407 0.519 0.947 0.033 0.160 0.145 0.200 0.023 0.379 0.890 0.262 0.426 0.824 0.833 0.472 0.746 0.889 0.280 0.636 0.288 0.225 0.584 0.915 0.709 0.199 0.212 0.218 0.622 0.489 0.063 0.411 0.513 0.437 
ofv: -3686115.000000
Best time: 10.503
Total time:10.865 


Instance: ../Instances/KP/00Uncorrelated/n02000/kp001.txt
RKO: SA | ILS | VNS | BRKGA | BRKGA-CS | PSO | GA | LNS | GRASP | IPR | 
Sol: 0.251 0.921 0.627 0.117 0.260 0.248 0.613 0.919 0.393 0.351 0.814 0.223 0.617 0.300 0.629 0.937 0.305 0.575 0.712 0.466 0.446 0.412 0.831 0.149 0.261 0.655 0.558 0.017 0.727 0.888 0.081 0.183 0.124 0.004 0.009 0.360 0.703 0.462 0.732 0.213 0.641 0.826 0.240 0.085 0.660 0.808 0.902 0.224 0.587 0.718 0.145 0.525 0.568 0.905 0.872 0.444 0.143 0.157 0.941 0.221 0.299 0.477 0.567 0.658 0.170 0.434 0.480 0.061 0.819 0.375 0.373 0.635 0.169 0.792 0.602 0.578 0.161 0.037 0.651 0.937 0.650 0.215 0.551 0.407 0.295 0.773 0.502 0.371 0.019 0.312 0.715 0.219 0.891 0.961 0.947 0.642 0.517 0.467 0.278 0.313 0.037 0.930 0.447 0.047 0.059 0.579 0.918 0.031 0.062 0.953 0.553 0.928 0.328 0.203 0.131 0.372 0.820 0.872 0.689 0.804 0.296 0.889 0.938 0.034 0.103 0.211 0.787 0.297 0.655 0.663 0.430 0.460 0.352 0.878 0.605 0.044 0.849 0.006 0.144 0.058 0.418 0.159 0.032 0.139 0.072 0.540 0.997 0.104 0.753 0.882 0.027 0.210 0.077 0.746 0.004 0.849 0.803 0.739 0.443 0.826 0.838 0.337 0.321 0.607 0.968 0.738 0.047 0.595 0.045 0.375 0.884 0.970 0.585 0.746 0.409 0.617 0.940 0.203 0.328 0.468 0.917 0.284 0.665 0.922 0.150 0.446 0.954 0.536 0.923 0.013 0.988 0.380 0.395 0.545 0.203 0.043 0.504 0.805 0.041 0.099 0.866 0.444 0.897 0.396 0.001 0.052 0.739 0.810 0.256 0.936 0.681 0.828 0.877 0.965 0.897 0.648 0.046 0.518 0.281 0.846 0.382 0.443 0.798 0.321 0.738 0.249 0.603 0.032 0.657 0.133 0.659 0.232 0.762 0.845 0.427 0.271 0.111 0.260 0.302 0.977 0.875 0.616 0.383 0.742 0.708 0.178 0.394 0.319 0.132 0.245 0.890 0.573 0.665 0.179 0.121 0.789 0.713 0.094 0.816 0.437 0.177 0.914 0.088 0.153 0.669 0.782 0.847 0.812 0.174 0.523 0.133 0.792 0.267 0.795 0.613 0.055 0.334 0.698 0.337 0.816 0.301 0.386 0.665 0.118 0.002 0.508 0.178 0.094 0.915 0.245 0.833 0.326 0.239 0.641 0.619 0.213 0.614 0.559 0.066 0.584 0.270 0.075 0.607 0.449 0.804 0.045 0.671 0.598 0.730 0.279 0.188 0.169 0.815 0.965 0.845 0.164 0.209 0.789 0.178 0.486 0.455 0.594 0.547 0.334 0.381 0.281 0.456 0.548 0.007 0.791 0.991 0.686 0.167 0.997 0.913 0.293 0.586 0.153 0.637 0.556 0.587 0.028 0.971 0.682 0.706 0.398 0.703 0.491 0.922 0.321 0.374 0.711 0.499 0.945 0.918 0.598 0.578 0.395 0.258 0.207 0.706 0.602 0.000 0.390 0.531 0.858 0.886 0.474 0.830 0.308 0.365 0.331 0.435 0.325 0.899 0.129 0.681 0.391 0.460 0.235 0.280 0.429 0.621 0.244 0.220 0.537 0.449 0.055 0.196 0.881 0.557 0.387 0.686 0.943 0.114 0.164 0.346 0.404 0.102 0.676 0.994 0.942 0.128 0.922 0.154 0.206 0.807 0.793 0.242 0.529 0.735 0.566 0.646 0.838 0.216 0.852 0.533 0.701 0.882 0.863 0.667 0.314 0.146 0.868 0.331 0.540 0.651 0.135 0.540 0.924 0.302 0.684 0.076 0.773 0.137 0.570 0.597 0.725 0.058 0.930 0.568 0.227 0.665 0.580 0.716 0.950 0.316 0.517 0.737 0.489 0.711 0.855 0.427 0.078 0.407 0.565 0.791 0.331 0.867 0.616 0.534 0.725 0.465 0.691 0.188 0.275 0.145 0.244 0.453 0.448 0.665 0.369 0.230 0.801 0.145 0.727 0.394 0.567 0.858 0.543 0.555 0.439 0.922 0.607 0.888 0.640 0.206 0.495 0.196 0.038 0.213 0.760 0.718 0.553 0.593 0.798 0.450 0.731 0.332 0.458 0.760 0.445 0.218 0.437 0.117 0.142 0.887 0.106 0.454 0.969 0.217 0.724 0.635 0.374 0.061 0.485 0.639 0.853 0.643 0.419 0.926 0.234 0.643 0.321 0.745 0.654 0.395 0.271 0.748 0.426 0.416 0.236 0.398 0.307 0.156 0.521 0.505 0.879 0.806 0.638 0.983 0.938 0.762 0.914 0.582 0.088 0.809 0.507 0.757 0.680 0.944 0.896 0.624 0.748 0.107 0.408 0.601 0.508 0.608 0.145 0.778 0.482 0.516 0.763 0.653 0.585 0.023 0.024 0.778 0.259 0.436 0.740 0.854 0.540 0.509 0.828 0.315 0.650 0.764 0.445 0.302 0.826 0.471 0.140 0.422 0.862 0.219 0.225 0.538 0.793 0.192 0.397 0.179 0.623 0.225 0.944 0.869 0.358 0.239 0.874 0.188 0.714 0.050 0.754 0.651 0.451 0.509 0.837 0.909 0.983 0.728 0.427 0.810 0.207 0.963 0.741 0.409 0.023 0.780 0.249 0.196 0.580 0.703 0.747 0.221 0.598 0.536 0.102 0.372 0.138 0.612 0.016 0.033 0.130 0.211 0.837 0.070 0.015 0.606 0.654 0.917 0.940 0.166 0.710 0.378 0.554 0.345 0.454 0.416 0.042 0.093 0.079 0.682 0.026 0.962 0.142 0.778 0.407 0.619 0.591 0.789 0.467 0.975 0.647 0.013 0.015 0.512 0.518 0.440 0.976 0.976 0.442 0.799 0.049 0.477 0.708 0.152 0.403 0.272 0.209 0.964 0.775 0.257 0.024 0.867 0.401 0.381 0.130 0.175 0.469 0.808 0.552 0.746 0.979 0.584 0.416 0.653 0.629 0.985 0.850 0.012 0.974 0.168 0.683 0.206 0.613 0.591 0.124 0.891 0.231 0.492 0.844 0.623 0.583 0.678 0.531 0.647 0.603 0.088 0.926 0.132 0.556 0.909 0.962 0.652 0.393 0.671 0.303 0.380 0.908 0.400 0.116 0.956 0.303 0.613 0.564 0.758 0.419 0.382 0.169 0.923 0.283 0.456 0.196 0.850 0.388 0.058 0.591 0.635 0.802 0.370 0.217 0.091 0.595 0.028 0.378 0.865 0.862 0.541 0.181 0.513 0.034 0.932 0.556 0.720 0.600 0.126 0.638 0.830 0.137 0.176 0.182 0.591 0.312 0.904 0.583 0.212 0.978 0.898 0.640 0.087 0.811 0.283 0.090 0.212 0.410 0.157 0.714 0.484 0.982 0.005 0.720 0.724 0.905 0.654 0.974 0.629 0.917 0.769 0.601 0.246 0.252 0.505 0.799 0.759 0.758 0.890 0.390 0.875 0.780 0.261 0.144 0.516 0.701 0.050 0.100 0.556 0.627 0.782 0.190 0.245 0.140 0.468 0.161 0.429 0.087 0.375 0.179 0.879 0.729 0.380 0.219 0.948 0.783 0.112 0.989 0.718 0.029 0.857 0.722 0.348 0.594 0.258 0.620 0.698 0.430 0.831 0.688 0.695 0.912 0.968 0.666 0.832 0.591 0.408 0.831 0.900 0.558 0.490 0.376 0.874 0.468 0.982 0.006 0.158 0.581 0.096 0.102 0.937 0.129 0.288 0.284 0.764 0.787 0.561 0.466 0.246 0.539 0.132 0.173 0.669 0.675 0.674 0.947 0.443 0.254 0.792 0.796 0.235 0.581 0.919 0.453 0.986 0.705 0.823 0.907 0.340 0.896 0.776 0.999 0.926 0.899 0.500 0.354 0.433 0.595 0.338 0.555 0.280 0.525 0.283 0.823 0.510 0.010 0.215 0.439 0.418 0.603 0.636 0.706 0.671 0.433 0.137 0.656 0.708 0.056 0.838 0.793 0.932 0.806 0.996 0.954 0.104 0.174 0.595 0.174 0.098 0.036 0.336 0.517 0.870 0.960 0.933 0.159 0.219 0.794 0.795 0.415 0.379 0.801 0.918 0.068 0.037 0.495 0.923 0.391 0.292 0.320 0.201 0.640 0.904 0.630 0.945 0.430 0.662 0.779 0.277 0.402 0.707 0.002 0.666 0.236 0.190 0.679 0.399 0.028 0.013 0.904 0.806 0.496 0.060 0.895 0.174 0.045 0.659 0.455 0.809 0.430 0.538 0.683 0.529 0.883 0.357 0.744 0.089 0.626 0.839 0.532 0.283 0.824 0.421 0.294 0.419 0.164 0.362 0.809 0.823 0.618 0.281 0.942 0.241 0.718 0.182 0.801 0.110 0.769 0.047 0.580 0.088 0.519 0.784 0.889 0.882 0.417 0.658 0.627 0.885 0.201 0.032 0.972 0.152 0.489 0.141 0.025 0.355 0.201 0.907 0.306 0.833 0.205 0.598 0.703 0.590 0.332 0.246 0.291 0.329 0.465 0.343 0.442 0.738 0.861 0.185 0.022 0.285 0.457 0.431 0.230 0.324 0.859 0.210 0.393 0.028 0.586 0.401 0.159 0.360 0.234 0.155 0.429 0.869 0.793 0.867 0.427 0.991 0.244 0.811 0.041 0.908 0.386 0.664 0.754 0.781 0.760 0.912 0.385 0.800 0.926 0.715 0.730 0.156 0.263 0.550 0.599 0.184 0.244 0.651 0.063 0.314 0.082 0.067 0.208 0.090 0.645 0.477 0.154 0.400 0.424 0.603 0.196 0.386 0.992 0.838 0.909 0.289 0.147 0.975 0.277 0.669 0.177 0.669 0.550 0.598 0.849 0.101 0.514 0.385 0.627 0.395 0.898 0.215 0.569 0.039 0.786 0.433 0.661 0.128 0.898 0.816 0.714 0.431 0.511 0.835 0.304 0.741 0.119 0.769 0.837 0.133 0.888 0.240 0.359 0.402 0.709 0.340 0.192 0.459 0.068 0.143 0.161 0.248 0.709 0.831 0.816 0.791 0.881 0.415 0.284 0.041 0.243 0.049 0.384 0.693 0.874 0.130 0.794 0.305 0.947 0.957 0.620 0.006 0.172 0.704 0.068 0.781 0.494 0.289 0.862 0.391 0.483 0.725 0.964 0.401 0.629 0.013 0.040 0.719 0.597 0.399 0.673 0.243 0.558 0.395 0.641 0.021 0.107 0.721 0.697 0.052 0.344 0.047 0.304 0.605 0.776 0.462 0.247 0.243 0.500 0.650 0.965 0.337 0.214 0.406 0.471 0.053 0.651 0.548 0.823 0.929 0.396 0.765 0.617 0.846 0.860 0.421 0.109 0.764 0.893 0.790 0.726 0.635 0.821 0.839 0.528 0.500 0.708 0.211 0.481 0.945 0.738 0.691 0.486 0.490 0.999 0.494 0.342 0.820 0.953 0.958 0.772 0.606 0.339 0.339 0.593 0.047 0.858 0.082 0.037 0.894 0.275 0.954 0.406 0.252 0.711 0.095 0.221 0.375 0.982 0.620 0.717 0.401 0.523 0.281 0.455 0.324 0.569 0.340 0.436 0.036 0.553 0.700 0.648 0.888 0.686 0.989 0.631 0.787 0.111 0.086 0.434 0.407 0.295 0.575 0.231 0.130 0.172 0.497 0.798 0.578 0.135 0.064 0.564 0.955 0.874 0.451 0.016 0.805 0.298 0.792 0.445 0.983 0.892 0.543 0.144 0.463 0.280 0.002 0.158 0.346 0.400 0.712 0.850 0.758 0.856 0.333 0.839 0.291 0.756 0.114 0.672 0.465 0.361 0.256 0.926 0.239 0.725 0.636 0.032 0.317 0.833 0.361 0.574 0.802 0.852 0.189 0.626 0.725 0.242 0.190 0.014 0.279 0.647 0.761 0.740 0.564 0.689 0.070 0.818 0.638 0.472 0.392 0.438 0.406 0.423 0.085 0.537 0.141 0.788 0.643 0.541 0.039 0.580 0.978 0.568 0.044 0.013 0.158 0.944 0.099 0.191 0.930 0.051 0.001 0.559 0.251 0.902 0.524 0.280 0.902 0.289 0.539 0.781 0.595 0.290 0.205 0.355 0.963 0.324 0.367 0.688 0.502 0.613 0.106 0.613 0.162 0.552 0.473 0.482 0.611 0.141 0.400 0.251 0.855 0.565 0.220 0.904 0.959 0.917 0.209 0.010 0.858 0.479 0.584 0.870 0.602 0.341 0.305 0.958 0.447 0.380 0.607 0.572 0.136 0.736 0.563 0.701 0.179 0.743 0.597 0.942 0.399 0.359 0.216 0.692 0.737 0.052 0.195 0.043 0.572 0.743 0.771 0.998 0.687 0.533 0.814 0.234 0.025 0.811 0.025 0.595 0.126 0.389 0.250 0.784 0.963 0.839 0.586 0.573 0.084 0.163 0.938 0.526 0.345 0.965 0.156 0.329 0.315 0.004 0.226 0.648 0.620 0.825 0.497 0.758 0.113 0.159 0.168 0.187 0.828 0.144 0.676 0.580 0.831 0.375 0.412 0.584 0.944 0.346 0.522 0.817 0.403 0.332 0.746 0.582 0.975 0.463 0.210 0.866 0.701 0.045 0.664 0.349 0.304 0.185 0.646 0.867 0.238 0.306 0.269 0.960 0.319 0.640 0.622 0.368 0.509 0.058 0.594 0.348 0.456 0.928 0.479 0.551 0.177 0.631 0.038 0.565 0.212 0.209 0.246 0.945 0.056 0.892 0.498 0.235 0.903 0.500 0.592 0.264 0.013 0.180 0.067 0.079 0.501 0.918 0.728 0.988 0.961 0.162 0.393 0.101 0.992 0.798 0.661 0.515 0.720 0.275 0.494 0.993 0.948 0.008 0.674 0.003 0.115 0.979 0.952 0.828 0.090 0.866 0.064 0.261 0.401 0.786 0.433 0.041 0.959 0.390 0.424 0.711 0.868 0.649 0.987 0.106 0.249 0.510 0.037 0.855 0.021 0.565 0.032 0.455 0.315 0.376 0.330 0.016 0.924 0.371 0.098 0.310 0.939 0.800 0.859 0.996 0.913 0.609 0.063 0.561 0.788 0.313 0.618 0.354 0.329 0.086 0.341 0.435 0.560 0.427 0.564 0.078 0.159 0.685 0.322 0.079 0.994 0.489 0.160 0.422 0.415 0.507 0.575 0.502 0.485 0.757 0.472 0.464 0.963 0.056 0.063 0.711 0.681 0.112 0.322 0.493 0.270 0.313 0.465 0.222 0.280 0.423 0.403 0.351 0.480 0.714 0.683 0.569 0.774 0.389 0.499 0.186 0.058 0.248 0.565 0.308 0.770 0.930 0.188 0.407 0.876 0.919 0.798 0.342 0.428 0.747 0.094 0.478 0.163 0.370 0.120 0.085 0.179 0.271 0.220 0.691 0.742 0.336 0.256 0.326 0.228 0.974 0.292 0.180 0.908 0.558 0.229 0.304 0.578 0.055 0.677 0.994 0.371 0.907 0.302 0.227 0.102 0.481 0.874 0.452 0.691 0.810 0.473 0.229 0.518 0.124 0.590 0.840 0.153 0.147 0.262 0.013 0.019 0.497 0.211 0.098 0.106 0.370 0.920 0.876 0.698 0.529 0.176 0.122 0.975 0.817 0.797 0.615 0.833 0.223 0.041 0.810 0.857 0.051 0.719 0.865 0.551 0.859 0.134 0.658 0.038 0.001 0.320 0.176 0.036 0.126 0.611 0.831 0.262 0.931 0.997 0.358 0.054 0.827 0.161 0.691 0.122 0.854 0.436 0.565 0.810 0.572 0.897 0.617 0.793 0.049 0.496 0.327 0.564 0.953 0.745 0.247 0.902 0.339 0.914 0.818 0.803 0.565 0.848 0.101 0.388 0.512 0.355 0.121 0.571 0.733 0.044 0.082 0.806 0.169 0.074 0.321 0.047 0.600 0.976 0.240 0.422 0.296 0.127 0.751 0.328 0.024 0.104 0.178 0.946 0.441 0.749 0.117 0.844 0.577 0.449 0.967 0.346 0.211 0.876 0.490 0.100 0.939 0.370 0.476 0.382 0.443 0.097 0.240 0.732 0.510 0.899 0.033 0.965 0.065 0.649 0.133 0.509 0.991 0.799 0.398 0.912 0.155 0.345 0.250 0.449 0.966 0.052 0.165 0.410 0.541 0.400 0.803 0.017 0.552 0.815 0.676 0.105 0.295 0.274 0.734 0.543 0.078 0.035 0.935 0.462 0.883 0.364 0.145 0.218 0.878 0.087 0.665 0.012 0.401 0.516 0.210 0.991 0.352 0.726 0.337 0.624 0.616 0.459 0.098 0.166 0.343 0.197 0.960 0.288 0.241 0.524 0.807 0.135 0.512 0.316 0.676 0.358 0.303 0.629 0.988 0.920 0.726 0.692 0.464 0.202 0.643 0.648 0.978 0.261 0.814 0.010 0.725 0.677 0.829 0.993 0.893 0.224 0.124 0.973 0.249 0.433 0.297 0.710 0.189 0.373 0.813 0.648 0.399 0.309 0.525 0.976 0.611 0.850 0.179 0.741 0.671 0.388 0.347 0.921 0.027 0.321 0.628 0.294 0.359 0.003 0.359 0.499 0.978 0.475 0.343 0.786 0.123 0.652 0.184 0.130 0.342 0.949 0.353 0.319 0.599 0.984 0.789 0.283 0.634 0.895 0.652 0.402 0.710 0.004 0.026 0.920 0.353 0.265 0.802 0.050 0.088 0.581 0.014 
ofv: -7072564.000000
Best time: 20.511
Total time:20.965 


Instance: ../Instances/KP/00Uncorrelated/n05000/kp072.txt
RKO: SA | ILS | VNS | BRKGA | BRKGA-CS | PSO | GA | LNS | GRASP | IPR | 
Sol: 0.276 0.672 0.707 0.933 0.335 0.321 0.742 0.801 0.179 0.683 0.889 0.541 0.002 0.615 0.895 0.039 0.747 0.328 0.992 0.470 0.403 0.303 0.256 0.995 0.056 0.065 0.759 0.032 0.291 0.287 0.748 0.515 0.659 0.528 0.097 0.718 0.433 0.373 0.012 0.225 0.629 0.435 0.223 0.139 0.282 0.477 0.658 0.645 0.656 0.538 0.922 0.482 0.752 0.176 0.522 0.889 0.259 0.179 0.054 0.603 0.752 0.405 0.454 0.380 0.890 0.038 0.132 0.508 0.169 0.958 0.725 0.345 0.389 0.131 0.260 0.685 0.245 0.593 0.305 0.403 0.912 0.383 0.512 0.222 0.313 0.041 0.517 0.733 0.864 0.619 0.463 0.747 0.148 0.454 0.673 0.243 0.209 0.055 0.607 0.108 0.863 0.298 0.276 0.369 0.062 0.311 0.338 0.551 0.203 0.402 0.477 0.527 0.162 0.212 0.155 0.153 0.415 0.535 0.640 0.563 0.134 0.342 0.123 0.967 0.319 0.489 0.183 0.694 0.488 0.927 0.186 0.398 0.725 0.215 0.718 0.113 0.408 0.737 0.932 0.615 0.584 0.900 0.755 0.340 1.000 0.993 0.313 0.582 0.333 0.528 0.942 0.239 0.865 0.787 0.770 0.507 0.684 0.951 0.209 0.982 0.211 0.045 0.030 0.637 0.337 0.669 0.734 0.720 0.974 0.281 0.654 0.063 0.904 0.605 0.513 0.923 0.073 0.430 0.761 0.523 0.729 0.963 0.985 0.721 0.651 0.122 0.433 0.602 0.497 0.939 0.051 0.475 0.794 0.870 0.383 0.575 0.841 0.690 0.800 0.492 0.710 0.835 0.812 0.010 0.061 0.383 0.790 0.912 0.314 0.117 0.418 0.843 0.259 0.407 0.436 0.925 0.725 0.300 0.719 0.840 0.664 0.136 0.150 0.598 0.154 0.681 0.838 0.558 0.870 0.803 0.432 0.689 0.727 0.709 0.712 0.118 0.282 0.363 0.557 0.681 0.127 0.010 0.742 0.771 0.669 0.245 0.616 0.059 0.813 0.463 0.040 0.224 0.147 0.648 0.574 0.383 0.540 0.278 0.392 0.915 0.728 0.292 0.713 0.765 0.164 0.662 0.081 0.011 0.039 0.548 0.951 0.446 0.244 0.111 0.405 0.383 0.242 0.761 0.698 0.306 0.175 0.491 0.067 0.249 0.815 0.090 0.960 0.316 0.810 0.856 0.158 0.009 0.834 0.871 0.946 0.140 0.146 0.116 0.642 0.496 0.986 0.892 0.411 0.165 0.999 0.142 0.970 0.136 0.860 0.133 0.873 0.552 0.108 0.806 0.543 0.514 0.741 0.046 0.598 0.348 0.184 0.463 0.814 0.778 0.027 0.814 0.545 0.368 0.267 0.861 0.773 0.347 0.089 0.570 0.488 0.663 0.289 0.418 0.893 0.260 0.967 0.742 0.799 0.646 0.713 0.155 0.911 0.930 0.846 0.298 0.785 0.473 0.248 0.774 0.936 0.149 0.529 0.528 0.769 0.286 0.892 0.574 0.596 0.506 0.113 0.083 0.792 0.289 0.524 0.802 0.938 0.478 0.779 0.375 0.241 0.866 0.947 0.581 0.734 0.232 0.584 0.750 0.099 0.971 0.265 0.051 0.584 0.988 0.391 0.858 0.599 0.142 0.068 0.675 0.252 0.496 0.803 0.789 0.049 0.901 0.532 0.034 0.307 0.906 0.301 0.640 0.780 0.618 0.333 0.323 0.109 0.300 0.988 0.970 0.027 0.791 0.071 0.591 0.313 0.707 0.822 0.833 0.074 0.796 0.670 0.390 0.703 0.156 0.606 0.298 0.452 0.747 0.495 0.634 0.471 0.343 0.726 0.356 0.328 0.779 0.058 0.141 0.480 0.879 0.053 0.922 0.141 0.426 0.378 0.963 0.168 0.577 0.890 0.954 0.862 0.773 0.835 0.413 0.329 0.556 0.405 0.321 0.599 0.813 0.234 0.852 0.762 0.428 0.289 0.066 0.481 0.421 0.783 0.480 0.099 0.773 0.730 0.468 0.188 0.085 0.407 0.912 0.178 0.358 0.353 0.505 0.010 0.530 0.271 0.500 0.152 0.568 0.731 0.876 0.776 0.658 0.229 0.698 0.061 0.807 0.409 0.253 0.594 0.704 0.978 0.819 0.460 0.484 0.350 0.674 0.464 0.565 0.398 0.386 0.044 0.718 0.646 0.844 0.346 0.143 0.233 0.204 0.497 0.019 0.162 0.697 0.680 0.076 0.624 0.793 0.731 0.011 0.309 0.333 0.590 0.473 0.365 0.304 0.992 0.313 0.762 0.107 0.068 0.925 0.294 0.970 0.915 0.021 0.423 0.460 0.811 0.311 0.311 0.155 0.684 0.679 0.432 0.705 0.116 0.057 0.933 0.116 0.827 0.021 0.002 0.665 0.499 0.572 0.577 0.302 0.344 0.108 0.329 0.863 0.380 0.755 0.806 0.497 0.340 0.437 0.472 0.971 0.340 0.049 0.278 0.865 0.422 0.894 0.307 0.727 0.237 0.897 0.560 0.697 0.564 0.037 0.056 0.260 0.847 0.689 0.461 0.634 0.984 0.162 0.315 0.369 0.896 0.355 0.573 0.471 0.110 0.673 0.951 0.246 0.790 0.839 0.366 0.096 0.421 0.435 0.897 0.190 0.684 0.413 0.992 0.795 0.899 0.589 0.214 0.444 0.681 0.557 0.626 0.223 0.787 0.612 0.582 0.343 0.871 0.768 0.828 0.341 0.120 0.203 0.902 0.706 0.599 0.123 0.849 0.413 0.876 0.100 0.591 0.721 0.206 0.024 0.937 0.098 0.267 0.532 0.752 0.649 0.581 0.370 0.087 0.955 0.442 0.412 0.982 0.525 0.645 0.158 0.364 0.233 0.738 0.389 0.029 0.701 0.323 0.136 0.905 0.602 0.090 0.278 0.357 0.560 0.210 0.542 0.907 0.698 0.742 0.554 0.363 0.496 0.566 0.119 0.326 0.519 0.181 0.876 0.372 0.408 0.596 0.724 0.247 0.975 0.205 0.274 0.239 0.957 0.792 0.772 0.784 0.118 0.924 0.671 0.441 0.182 0.044 0.572 0.198 0.731 0.624 0.470 0.887 0.202 0.050 0.159 0.675 0.583 0.218 0.078 0.582 0.995 0.305 0.958 0.072 0.655 0.953 0.365 0.479 0.412 0.832 0.599 0.144 0.167 0.271 0.232 0.842 0.279 0.640 0.217 0.649 0.599 0.465 0.356 0.470 0.109 0.719 0.734 0.754 0.796 0.419 0.910 0.162 0.374 0.174 0.001 0.278 0.953 0.578 0.335 0.854 0.160 0.964 0.693 0.961 0.992 0.019 0.607 0.943 0.913 0.554 0.632 0.394 0.478 0.101 0.879 0.267 0.415 0.084 0.821 0.879 0.367 0.939 0.940 0.290 0.591 0.946 0.354 0.715 0.663 0.834 0.117 0.512 0.127 0.954 0.522 0.234 0.173 0.373 0.945 0.020 0.216 0.622 0.942 0.623 0.350 0.012 0.665 0.660 0.192 0.874 0.970 0.507 0.928 0.513 0.755 0.929 0.375 0.885 0.766 0.192 0.349 0.693 0.704 0.078 0.345 0.222 0.418 0.812 0.493 0.046 0.400 0.038 0.807 0.312 0.890 0.707 0.492 0.143 0.830 0.167 0.756 0.114 0.050 0.897 0.964 0.728 0.179 0.522 0.994 0.082 0.000 0.892 0.797 0.522 0.853 0.826 0.642 0.787 0.248 0.852 0.803 0.452 0.933 0.473 0.045 0.719 0.768 0.074 0.227 0.956 0.605 0.672 0.821 0.687 0.146 0.393 0.114 0.899 0.939 0.753 0.728 0.428 0.333 0.057 0.931 0.030 0.819 0.574 0.861 0.912 0.998 0.827 0.563 0.579 0.477 0.263 0.756 0.130 0.557 0.541 0.487 0.131 0.661 0.022 0.215 0.842 0.565 0.034 0.097 0.511 0.453 0.644 0.512 0.699 0.192 0.888 0.931 0.971 0.242 0.831 0.296 0.015 0.008 0.455 0.243 0.017 0.861 0.078 0.414 0.240 0.345 0.876 0.047 0.302 0.940 0.227 0.629 0.897 0.628 0.015 0.035 0.562 0.541 0.357 0.886 0.873 0.452 0.819 0.629 0.711 0.790 0.321 0.136 0.899 0.176 0.892 0.307 0.745 0.564 0.639 0.668 0.951 0.193 0.401 0.809 0.682 0.114 0.470 0.188 0.120 0.118 0.811 0.472 0.241 0.578 0.963 0.570 0.001 0.416 0.138 0.070 0.577 0.670 0.357 0.980 0.908 0.849 0.897 0.735 0.999 0.622 0.563 0.968 0.507 0.272 0.371 0.497 0.337 0.847 0.613 0.870 0.161 0.779 0.892 0.586 0.836 0.137 0.656 0.329 0.482 0.835 0.400 0.867 0.343 0.412 0.394 0.070 0.222 0.456 0.854 0.663 0.098 0.461 0.351 0.995 0.940 0.881 0.680 0.184 0.911 0.603 0.904 0.732 0.200 0.350 0.059 0.132 0.070 0.890 0.043 0.080 0.608 0.005 0.003 0.187 0.166 0.294 0.211 0.696 0.260 0.796 0.680 0.744 0.024 0.574 0.499 0.434 0.801 0.860 0.131 0.411 0.309 0.391 0.411 0.470 0.217 0.607 0.327 0.929 0.848 0.894 0.111 0.354 0.650 0.324 0.747 0.336 0.560 0.134 0.083 0.463 0.318 0.621 0.477 0.444 0.464 0.533 0.086 0.311 0.430 0.058 0.506 0.684 0.496 1.000 0.066 0.293 0.671 0.067 0.758 0.610 0.919 0.536 0.775 0.130 0.024 0.242 0.166 0.199 0.965 0.190 0.031 0.809 0.359 0.491 0.903 0.102 0.920 0.509 0.089 0.161 0.674 0.544 0.198 0.232 0.290 0.382 0.432 0.707 0.218 0.889 0.072 0.930 0.443 0.417 0.632 0.997 0.423 0.342 0.103 0.072 0.858 0.974 0.168 0.490 0.082 0.476 0.926 0.610 0.932 0.036 0.922 0.557 0.897 0.415 0.812 0.484 0.041 0.480 0.735 0.982 0.415 0.927 0.733 0.115 0.157 0.878 0.206 0.247 0.578 0.645 0.153 0.499 0.229 0.710 0.214 0.746 0.887 0.291 0.961 0.040 0.667 0.832 0.388 0.665 0.561 0.541 0.769 0.880 0.719 0.735 0.191 0.302 0.080 0.842 0.920 0.443 0.397 0.557 0.637 0.493 0.093 0.365 0.532 0.119 0.378 0.580 0.056 0.410 0.531 0.308 0.176 0.785 0.357 0.483 0.999 0.953 0.327 0.802 0.803 0.245 0.546 0.281 0.209 0.621 0.234 0.015 0.468 0.487 0.839 0.000 0.306 0.513 0.317 0.551 0.120 0.494 0.058 0.123 0.895 0.486 0.099 0.525 0.147 0.899 0.685 0.135 0.436 0.666 0.266 0.359 0.087 0.160 0.218 0.302 0.229 0.888 0.749 0.824 0.006 0.416 0.432 0.233 0.850 0.551 0.069 0.645 0.242 0.596 0.966 0.592 0.493 0.067 0.111 0.534 0.607 0.268 0.505 0.523 0.650 0.092 0.986 0.525 0.219 0.575 0.885 0.624 0.489 0.647 0.978 0.837 0.149 0.596 0.008 0.831 0.985 0.416 0.023 0.310 0.678 0.088 0.082 0.524 0.164 0.935 0.439 0.985 0.466 0.613 0.306 0.897 0.452 0.109 0.752 0.818 0.498 0.943 0.301 0.764 0.474 0.794 0.200 0.483 0.047 0.050 0.829 0.284 0.437 0.533 0.193 0.522 0.923 0.873 0.950 0.124 0.111 0.813 0.109 0.881 0.101 0.153 0.644 0.974 0.289 0.621 0.045 0.608 0.655 0.233 0.441 0.056 0.992 0.107 0.734 0.726 0.126 0.496 0.654 0.943 0.507 0.991 0.413 0.782 0.810 0.750 0.592 0.282 0.507 0.241 0.267 0.676 0.755 0.687 0.267 0.872 0.421 0.756 0.889 0.449 0.712 0.764 0.827 0.268 0.408 0.551 0.700 0.395 0.007 0.181 0.835 0.157 0.263 0.903 0.987 0.270 0.792 0.358 0.404 0.181 0.973 0.714 0.255 0.011 0.954 0.326 0.867 0.205 0.373 0.163 0.141 0.476 0.842 0.079 0.987 0.690 0.853 0.880 0.085 0.344 0.280 0.578 0.510 0.097 0.139 0.700 0.411 0.364 0.026 0.251 0.118 0.074 0.123 0.562 0.265 0.950 0.960 0.551 0.350 0.150 0.182 0.264 0.318 0.010 0.465 0.364 0.237 0.840 0.833 0.131 0.325 0.490 0.756 0.053 0.658 0.962 0.816 0.970 0.239 0.232 0.733 0.524 0.677 0.168 0.985 0.960 0.246 0.020 0.843 0.346 0.843 0.703 0.614 0.407 0.744 0.005 0.904 0.965 0.284 0.643 0.823 0.531 0.182 0.054 0.746 0.659 0.553 0.230 0.588 0.153 0.344 0.642 0.538 0.905 0.929 0.889 0.886 0.436 0.582 0.847 0.973 0.182 0.690 0.707 0.595 0.102 0.655 0.083 0.332 0.323 0.498 0.511 0.319 0.433 0.753 0.506 0.209 0.608 0.404 0.743 0.238 0.562 0.977 0.580 0.238 0.910 0.719 0.942 0.790 0.003 0.558 0.697 0.427 0.473 0.357 0.732 0.976 0.745 0.181 0.455 0.417 0.715 0.323 0.592 0.129 0.904 0.654 0.738 0.013 0.076 0.678 0.332 0.681 0.456 0.037 0.240 0.018 0.916 0.678 0.950 0.875 0.058 0.619 0.863 0.429 0.512 0.077 0.514 0.378 0.794 0.182 0.950 0.151 0.165 0.768 0.792 0.731 0.999 0.455 0.742 0.805 0.490 0.628 0.797 0.488 0.411 0.517 0.867 0.790 0.803 0.569 0.484 0.774 0.200 0.311 0.686 0.870 0.603 0.757 0.473 0.980 0.584 0.613 0.466 0.635 0.607 0.695 0.279 0.716 0.106 0.418 0.438 0.235 0.468 0.031 0.488 0.696 0.970 0.099 0.425 0.365 0.331 0.916 0.333 0.877 0.061 0.510 0.762 0.052 0.396 0.858 0.819 0.174 0.667 0.482 0.549 0.584 0.948 0.894 0.096 0.196 0.345 0.041 0.750 0.249 0.845 0.234 0.309 0.957 0.824 0.527 0.452 0.418 0.691 0.200 0.882 0.988 0.135 0.694 0.648 0.873 0.072 0.627 0.455 0.847 0.446 0.553 0.254 0.608 0.156 0.646 0.387 0.963 0.629 0.679 0.965 0.583 0.884 0.414 0.355 0.024 0.359 0.604 0.363 0.411 0.743 0.308 0.494 0.080 0.492 0.829 0.409 0.183 0.450 0.401 0.965 0.967 0.434 0.053 0.215 0.884 0.984 0.282 0.557 0.683 0.892 0.881 0.922 0.363 0.991 0.255 0.108 0.156 0.639 0.048 0.629 0.273 0.832 0.058 0.929 0.292 0.741 0.779 0.899 0.682 0.309 0.585 0.057 0.481 0.892 0.476 0.330 0.728 0.656 0.070 0.767 0.494 0.164 0.901 0.288 0.695 0.691 0.512 0.044 0.734 0.179 0.513 0.457 0.467 0.048 0.605 0.551 0.796 0.346 0.262 0.804 0.782 0.522 0.149 0.102 0.471 0.676 0.587 0.684 0.478 0.320 0.522 0.986 0.008 0.280 0.497 0.684 0.174 0.366 0.762 0.549 0.307 0.424 0.055 0.978 0.596 0.077 0.189 0.519 0.702 0.033 0.723 0.853 0.187 0.471 0.025 0.002 0.788 0.011 0.348 0.321 0.514 0.122 0.210 0.739 0.876 0.406 0.473 0.924 0.378 0.428 0.462 0.265 0.165 0.588 0.284 0.280 0.141 0.311 0.248 0.505 0.861 0.231 0.593 0.525 0.345 0.363 0.897 0.812 0.553 0.502 0.890 0.742 0.787 0.280 0.613 0.713 0.778 0.955 0.246 0.179 0.426 0.188 0.775 0.310 0.710 0.294 0.523 0.338 0.954 0.377 0.196 0.825 0.193 0.495 0.264 0.879 0.954 0.487 0.838 0.400 0.795 0.132 0.817 0.761 0.075 0.887 0.685 0.736 0.057 0.030 0.425 0.064 0.895 0.658 0.452 0.786 0.792 0.011 0.748 0.102 0.361 0.419 0.722 0.021 0.871 0.323 0.137 0.022 0.532 0.993 0.010 0.056 0.857 0.884 0.348 0.881 0.458 0.863 0.310 0.718 0.460 0.819 0.641 0.088 0.054 0.673 0.370 0.539 0.178 0.390 0.627 0.739 0.722 0.813 0.397 0.572 0.495 0.784 0.863 0.066 0.032 0.904 0.029 0.519 0.725 0.217 0.762 0.172 0.465 0.191 0.331 0.593 0.547 0.700 0.777 0.230 0.680 0.956 0.166 0.244 0.801 0.680 0.949 0.927 0.613 0.770 0.736 0.763 0.185 0.151 0.374 0.319 0.271 0.282 0.528 0.386 0.045 0.885 0.799 0.621 0.748 0.569 0.197 0.469 0.195 0.280 0.298 0.773 0.636 0.290 0.669 0.315 0.037 0.747 0.277 0.713 0.327 0.931 0.909 0.746 0.727 0.601 0.217 0.300 0.664 0.860 0.866 0.722 0.905 0.140 0.439 0.799 0.622 0.275 0.118 0.711 0.682 0.004 0.936 0.222 0.011 0.731 0.349 0.015 0.766 0.665 0.324 0.701 0.282 0.207 0.371 0.752 0.223 0.751 0.098 0.221 0.014 0.497 0.257 0.094 0.126 0.447 0.879 0.822 0.630 0.305 0.287 0.940 0.665 0.577 0.989 0.079 0.131 0.728 0.564 0.095 0.202 0.269 0.385 0.009 0.628 0.048 0.123 0.664 0.807 0.820 0.960 0.872 0.140 0.255 0.198 0.438 0.795 0.288 0.680 0.095 0.640 0.753 0.471 0.898 0.118 0.841 0.486 0.049 0.091 0.525 0.840 0.505 0.221 0.996 0.907 0.077 0.572 0.722 0.421 0.551 0.400 0.679 0.107 0.130 0.514 0.165 0.360 0.227 0.779 0.707 0.790 0.823 0.916 0.146 0.111 0.710 0.155 0.774 0.252 0.079 0.578 0.788 0.961 0.199 0.907 0.663 0.528 0.844 0.773 0.310 0.170 0.629 0.254 0.977 0.296 0.674 0.739 0.884 0.868 0.243 0.776 0.421 0.147 0.545 0.569 0.304 0.198 0.779 0.189 0.131 0.435 0.161 0.200 0.886 0.544 0.855 0.825 0.899 0.624 0.467 0.620 0.554 0.646 0.073 0.318 0.774 0.911 0.337 0.881 0.249 0.657 0.200 0.201 0.438 0.613 0.369 0.353 0.877 0.103 0.164 0.984 0.740 0.667 0.149 0.946 0.861 0.633 0.887 0.089 0.853 0.465 0.367 0.574 0.608 0.215 0.836 0.759 0.814 0.505 0.579 0.017 0.707 0.017 0.490 0.499 0.539 0.097 0.103 0.778 0.476 0.129 0.206 0.716 0.324 0.711 0.015 0.336 0.864 0.481 0.541 0.317 0.073 0.930 0.142 0.680 0.050 0.962 0.745 0.421 0.664 0.937 0.750 0.410 0.132 0.791 0.483 0.432 0.190 0.269 0.889 0.458 0.621 0.948 0.352 0.129 0.004 0.587 0.613 0.595 0.567 0.633 0.291 0.174 0.989 0.306 0.002 0.296 0.733 0.565 0.831 0.981 0.587 0.915 0.827 0.335 0.939 0.423 0.332 0.678 0.165 0.836 0.458 0.008 0.083 0.166 0.490 0.009 0.985 0.338 0.294 0.409 0.303 0.908 0.162 0.102 0.343 0.356 0.566 0.939 0.399 0.600 0.357 0.877 0.778 0.642 0.026 0.823 0.837 0.892 0.511 0.098 0.961 0.256 0.151 0.757 0.946 0.795 0.795 0.141 0.496 0.631 0.590 0.700 0.589 0.814 0.741 0.914 0.042 0.161 0.755 0.989 0.364 0.199 0.312 0.464 0.897 0.120 0.249 0.354 0.184 0.834 0.501 0.766 0.175 0.452 0.234 0.336 0.612 0.279 0.088 0.505 0.730 0.008 0.277 0.482 0.695 0.623 0.133 0.393 0.504 0.244 0.467 0.942 0.958 0.008 0.527 0.481 0.230 0.033 0.072 0.292 0.949 0.745 0.723 0.349 0.965 0.257 0.658 0.772 0.064 0.881 0.215 0.091 0.694 0.458 0.845 0.867 0.074 0.924 0.721 0.529 0.422 0.630 0.630 0.502 0.994 0.987 0.144 0.422 0.286 0.277 0.089 0.938 0.703 0.651 0.395 0.716 0.073 0.864 0.827 0.897 0.056 0.786 0.720 0.996 0.255 0.860 0.729 0.619 0.996 0.559 0.621 0.499 0.743 0.765 0.299 0.907 0.761 0.181 0.470 0.928 0.306 0.804 0.580 0.856 0.014 0.946 0.988 0.377 0.697 0.450 0.245 0.876 0.661 0.172 0.528 0.742 0.743 0.332 0.492 0.871 0.594 0.795 0.786 0.111 0.170 0.914 0.100 0.153 0.058 0.975 0.394 0.962 0.281 0.569 0.046 0.296 0.514 0.262 0.875 0.437 0.289 0.090 0.177 0.836 0.912 0.262 0.193 0.432 0.122 0.616 0.978 0.067 0.310 0.997 0.838 0.722 0.508 0.129 0.315 0.187 0.901 0.600 0.841 0.877 0.755 0.239 0.377 0.643 0.965 0.089 0.009 0.821 0.085 0.025 0.589 0.938 0.848 0.260 0.087 0.054 0.309 0.416 0.822 0.089 0.031 0.888 0.695 0.050 0.861 0.168 0.511 0.817 0.594 0.792 0.278 0.741 0.824 0.815 0.553 0.246 0.790 0.878 0.923 0.497 0.928 0.646 0.798 0.799 0.047 0.372 0.712 0.901 0.020 0.723 0.967 0.845 0.009 0.127 0.574 0.925 0.045 0.679 0.462 0.994 0.246 0.666 0.797 0.431 0.467 0.363 0.287 0.588 0.438 0.746 0.215 0.850 0.172 0.720 0.190 0.677 0.239 0.318 0.822 0.612 0.557 0.747 0.378 0.932 0.630 0.516 0.559 0.831 0.149 0.132 0.913 0.804 0.772 0.737 0.849 0.146 0.194 0.502 0.412 0.417 0.611 0.344 0.226 0.921 0.730 0.984 0.266 0.672 0.122 0.241 0.449 0.861 0.675 0.136 0.321 0.946 0.841 0.596 0.294 0.642 0.117 0.135 0.989 0.472 0.274 0.606 0.982 0.793 0.090 0.460 0.516 0.940 0.811 0.396 0.967 0.147 0.603 0.272 0.053 0.691 0.892 0.163 0.349 0.234 0.065 0.650 0.901 0.505 0.591 0.111 0.831 0.134 0.572 0.227 0.270 0.832 0.543 0.038 0.980 0.243 0.767 0.699 0.742 0.220 0.309 0.622 0.581 0.126 0.258 0.293 0.437 0.536 0.203 0.056 0.610 0.402 0.733 0.292 0.398 0.128 0.283 0.169 0.085 0.402 0.554 0.240 0.848 0.049 0.533 0.677 0.581 0.865 0.148 0.614 0.640 0.581 0.058 0.926 0.832 0.959 0.992 0.681 0.486 0.801 0.160 0.073 0.362 0.685 0.168 0.928 0.693 0.899 0.552 0.053 1.000 0.822 0.558 0.907 0.489 0.534 0.181 0.373 0.598 0.346 0.719 0.755 0.405 0.070 0.571 0.470 0.170 0.145 0.614 0.389 0.564 0.154 0.377 0.673 0.413 0.444 0.332 0.857 0.417 0.151 0.186 0.168 0.404 0.292 0.440 0.791 0.955 0.318 0.984 0.414 0.804 0.133 0.944 0.958 0.844 0.075 0.804 0.265 0.630 0.767 0.418 0.909 0.058 0.424 0.934 0.391 0.123 0.471 0.011 0.194 0.980 0.672 0.737 0.165 0.693 0.230 0.307 0.680 0.090 0.342 0.793 0.663 0.709 0.653 0.731 0.190 0.141 0.475 0.362 0.217 0.983 0.430 0.922 0.380 0.952 0.423 0.140 0.761 0.709 0.643 0.635 0.983 0.522 0.681 0.258 0.240 0.693 0.718 0.545 0.178 0.149 0.252 0.548 0.483 0.329 0.136 0.205 0.539 0.311 0.612 0.828 0.923 0.069 0.603 0.579 0.332 0.740 0.227 0.363 0.749 0.407 0.066 0.026 0.926 0.287 0.373 0.471 0.342 0.584 0.839 0.981 0.440 0.853 0.819 0.511 0.282 0.892 0.478 0.970 0.812 0.984 0.739 0.588 0.010 0.857 0.614 0.739 0.634 0.033 0.707 0.522 0.750 0.655 0.937 0.286 0.334 0.711 0.102 0.438 0.500 0.184 0.261 0.922 0.810 0.199 0.558 0.124 0.320 0.456 0.903 0.230 0.030 0.157 0.516 0.158 0.445 0.255 0.773 0.262 0.413 0.513 0.710 0.392 0.849 0.142 0.965 0.301 0.667 0.782 0.928 0.928 0.182 0.778 0.950 0.740 0.368 0.285 0.453 0.929 0.331 0.534 0.002 0.794 0.674 0.320 0.138 0.756 0.188 0.480 0.928 0.342 0.571 0.600 0.200 0.799 0.544 0.925 0.159 0.436 0.960 0.556 0.399 0.278 0.250 0.660 0.857 0.567 0.640 0.393 0.290 0.623 0.881 0.682 0.056 0.025 0.434 0.837 0.813 0.285 0.192 0.436 0.141 0.946 0.128 0.295 0.276 0.708 0.385 0.113 0.504 0.521 0.673 0.230 0.536 0.954 0.252 0.706 0.922 0.726 0.388 0.703 0.624 0.813 0.699 0.478 0.991 0.707 0.590 0.177 0.838 0.504 0.070 0.861 0.783 0.037 0.346 0.595 0.594 0.863 0.610 0.045 0.523 0.679 0.919 0.985 0.882 0.414 0.188 0.639 0.305 0.191 0.561 0.016 0.234 0.091 0.541 0.556 0.075 0.529 0.295 0.675 0.865 0.203 0.564 0.283 0.812 0.616 0.346 0.475 0.874 0.487 0.530 0.166 0.614 0.546 0.496 0.712 0.216 0.271 0.127 0.138 0.120 0.636 0.528 0.568 0.051 0.287 0.099 0.219 0.756 0.822 0.055 0.204 0.762 0.439 0.804 0.862 0.717 0.364 0.607 0.636 0.707 0.761 0.537 0.203 0.524 0.474 0.484 0.733 0.709 0.132 0.548 0.671 0.636 0.915 0.713 0.641 0.062 0.721 0.713 0.028 0.426 0.633 0.200 0.419 0.603 0.767 0.515 0.639 0.506 0.545 0.423 0.764 0.356 0.138 0.502 0.364 0.321 0.602 0.613 0.136 0.079 0.849 0.821 0.862 0.429 0.015 0.852 0.985 0.763 0.296 0.838 0.446 0.167 0.264 0.736 0.554 0.573 0.849 0.398 0.913 0.276 0.101 0.521 0.010 0.200 0.307 0.130 0.196 0.041 0.856 0.937 0.425 0.584 0.772 0.271 0.195 0.599 0.089 0.376 0.703 0.271 0.770 0.785 0.270 0.249 0.264 0.383 0.244 0.781 0.028 0.307 0.269 0.822 0.142 0.350 0.979 0.197 0.618 0.944 0.221 0.430 0.270 0.239 0.768 0.880 0.538 0.843 0.600 0.446 0.085 0.718 0.380 0.130 0.205 0.341 0.388 0.398 0.921 0.469 0.286 0.815 0.591 0.903 0.423 0.102 0.253 0.282 0.488 0.556 0.530 0.081 0.279 0.893 0.162 0.835 0.183 0.498 0.759 0.020 0.973 0.445 0.663 0.177 0.720 0.565 0.215 0.629 0.121 0.723 0.655 0.753 0.639 0.542 0.767 0.368 0.184 0.047 0.538 0.919 0.265 0.229 0.616 0.739 0.790 0.686 0.927 0.270 0.254 0.690 0.608 0.583 0.254 0.563 0.626 0.010 0.725 0.955 0.625 0.801 0.034 0.302 0.720 0.298 0.504 0.562 0.821 0.461 0.085 0.993 0.639 0.100 0.999 0.819 0.951 0.639 0.101 0.125 0.778 0.286 0.612 0.614 0.262 0.021 0.964 0.651 0.941 0.615 0.083 0.049 0.577 0.037 0.761 0.840 0.070 0.409 0.159 0.841 0.839 0.677 0.064 0.648 0.238 0.179 0.813 0.528 0.954 0.610 0.304 0.396 0.876 0.208 0.652 0.426 0.587 0.599 0.906 0.204 0.645 0.787 0.708 0.679 0.271 0.358 0.195 0.752 0.443 0.495 0.281 0.441 0.926 0.157 0.874 0.152 0.157 0.861 0.895 0.567 0.793 0.329 0.098 0.270 0.594 0.679 0.869 0.745 0.487 0.893 0.299 0.442 0.849 0.321 0.430 0.005 0.944 0.552 0.560 0.368 0.203 0.669 0.197 0.354 0.488 0.760 0.388 0.870 0.209 0.117 0.456 0.810 0.111 0.848 0.389 0.018 0.068 0.525 0.218 0.146 0.067 0.393 0.073 0.592 0.942 0.579 0.514 0.933 0.705 0.948 0.230 0.198 0.014 0.181 0.586 0.389 0.528 0.112 0.664 0.267 0.682 0.511 0.381 0.089 0.631 0.174 0.272 0.136 0.227 0.396 0.621 0.837 0.391 0.865 0.113 0.301 0.998 0.496 0.525 0.198 0.966 0.203 0.530 0.620 0.019 0.741 0.363 0.227 0.045 0.265 0.983 0.298 0.990 0.011 0.963 0.487 0.247 0.813 0.944 0.821 0.862 0.814 0.749 0.140 0.975 0.279 0.177 0.581 0.188 0.040 0.451 0.979 0.181 0.275 0.125 0.550 0.472 0.925 0.251 0.551 0.568 0.074 0.135 0.204 0.674 0.537 0.733 0.593 0.563 0.346 0.534 0.883 0.756 0.816 0.356 0.745 0.850 0.781 0.281 0.906 0.343 0.589 0.123 0.648 0.236 0.067 0.921 0.244 0.574 0.235 0.781 0.160 0.457 0.166 0.011 0.040 0.642 0.046 0.293 0.073 0.752 0.497 0.649 0.644 0.562 0.614 0.494 0.342 0.636 0.481 0.411 0.143 0.847 0.257 0.932 0.607 0.897 0.302 0.780 0.782 0.242 0.173 0.832 0.629 0.911 0.298 0.320 0.722 0.143 0.924 0.451 0.058 0.626 0.777 0.305 0.228 0.950 0.815 0.469 0.421 0.265 0.765 0.872 0.108 0.675 0.874 0.694 0.508 0.704 0.558 0.095 0.144 0.177 0.341 0.358 0.283 0.787 0.931 0.031 0.160 0.615 0.941 0.624 0.623 0.917 0.142 0.119 0.106 0.240 0.777 0.701 0.776 0.650 0.376 0.273 0.254 0.364 0.192 0.621 0.700 0.867 0.617 0.444 0.115 0.282 0.319 0.372 0.125 0.245 0.355 0.493 0.604 0.157 0.519 0.854 0.866 0.894 0.118 0.452 0.468 0.800 0.696 0.400 0.637 0.101 0.841 0.296 0.567 0.710 0.436 0.070 0.227 0.040 0.649 0.281 0.977 0.799 0.045 0.111 0.756 0.357 0.331 0.594 0.083 0.010 0.169 0.868 0.491 0.462 0.046 0.096 0.211 0.673 0.645 0.888 0.424 0.599 0.169 0.102 0.217 0.888 0.781 0.533 0.235 0.139 0.598 0.968 0.816 0.686 0.022 0.622 0.605 0.485 0.525 0.714 0.664 0.394 0.203 0.319 0.346 0.739 0.425 0.785 0.186 0.632 0.934 0.543 0.610 0.609 0.874 0.349 0.605 0.466 0.580 0.821 0.631 0.007 0.147 0.134 0.970 0.759 0.564 0.566 0.354 0.999 0.575 0.108 0.671 0.929 0.843 0.219 0.665 0.152 0.728 0.658 0.720 0.898 0.368 0.792 0.763 0.140 0.289 0.066 0.460 0.291 0.349 0.963 0.048 0.859 0.544 0.054 0.041 0.625 0.264 0.682 0.233 0.693 0.671 0.235 0.330 0.708 0.486 0.947 0.463 0.730 0.630 0.533 0.415 0.140 0.228 0.691 0.396 0.198 0.761 0.756 0.198 0.702 0.701 0.344 0.808 0.599 0.847 0.181 0.951 0.639 0.452 0.714 0.233 0.350 0.107 0.645 0.483 0.386 0.542 0.004 0.905 0.972 0.102 0.394 0.226 0.623 0.140 0.568 0.953 0.651 0.379 0.951 0.473 0.004 0.820 0.243 0.415 0.053 0.115 0.111 0.176 0.001 0.767 0.616 0.331 0.002 0.237 0.130 0.574 0.361 0.161 0.112 0.414 0.331 0.494 0.590 0.549 0.151 0.944 0.880 0.696 0.873 0.650 0.293 0.494 0.682 0.272 0.263 0.227 0.043 0.859 0.839 0.844 0.500 0.830 0.501 0.616 0.198 0.958 0.639 0.290 0.280 0.523 0.988 0.512 0.809 0.479 0.037 0.711 0.501 0.295 0.520 0.916 0.962 0.285 0.169 0.345 0.094 0.846 0.568 0.814 0.619 0.798 0.312 0.542 0.861 0.052 0.030 0.983 0.349 0.888 0.611 0.956 0.157 0.735 0.425 0.804 0.794 0.923 0.516 0.869 0.198 0.332 0.788 0.211 0.169 0.473 0.280 0.461 0.246 0.881 0.784 0.833 0.951 0.712 0.771 0.074 0.688 0.539 0.723 0.115 0.559 0.149 0.402 0.656 0.314 0.909 0.748 0.645 0.991 0.599 0.640 0.283 0.236 0.978 0.919 0.703 0.122 0.078 0.274 0.196 0.582 0.928 0.132 0.800 0.214 0.204 0.501 0.603 0.944 0.287 0.714 0.412 0.770 0.641 0.324 0.934 0.937 0.226 0.685 0.615 0.482 0.782 0.237 0.514 0.808 0.357 0.692 0.009 0.006 0.352 0.211 0.827 0.545 0.743 0.449 0.989 0.038 0.765 0.588 0.326 0.096 0.843 0.905 0.713 0.518 0.906 0.816 0.507 0.793 0.336 0.717 0.138 0.308 0.314 0.548 0.345 0.476 0.682 0.825 0.625 0.220 0.318 0.100 0.614 0.525 0.471 0.351 0.640 0.435 0.406 0.308 0.021 0.521 0.619 0.055 0.683 0.255 0.340 0.270 0.777 0.526 0.193 0.414 0.852 0.297 0.299 0.444 0.910 0.812 0.612 0.569 0.948 0.339 0.348 0.937 0.876 0.285 0.099 0.814 0.883 0.460 0.837 0.504 0.009 0.177 0.010 0.805 0.951 0.310 0.986 0.732 0.849 0.830 0.252 0.511 0.520 0.614 0.599 0.590 0.933 0.433 0.077 0.045 0.433 0.965 0.999 0.723 0.399 0.361 0.349 0.496 0.898 0.642 0.625 0.688 0.771 0.262 0.273 0.107 0.693 0.451 0.806 0.310 0.157 0.772 0.875 0.874 0.924 0.365 0.535 0.446 0.636 0.699 0.882 0.855 0.272 0.789 0.656 0.905 0.521 0.938 0.904 0.189 0.496 0.880 0.122 0.665 0.994 0.549 0.702 0.515 0.095 0.290 0.459 0.377 0.819 0.799 0.377 0.379 0.602 0.213 0.504 0.540 0.431 0.378 0.065 0.804 0.047 0.143 0.516 0.584 0.673 0.865 0.309 0.114 0.860 0.551 0.692 0.383 0.127 0.558 0.244 0.376 0.353 0.952 0.028 0.751 0.279 0.374 0.048 0.572 0.566 0.778 0.396 0.836 0.500 0.918 0.079 0.744 0.467 0.474 0.917 0.198 0.050 0.255 0.810 0.124 0.257 0.703 0.415 0.866 0.110 0.300 0.575 0.044 0.460 0.114 0.382 0.811 0.068 0.737 0.592 0.073 0.707 0.953 0.886 0.899 0.595 0.494 0.202 0.548 0.565 0.116 0.676 0.727 0.765 0.867 0.420 0.375 0.539 0.368 0.241 0.837 0.052 0.368 0.796 0.377 0.408 0.979 0.520 0.928 0.311 0.458 0.202 0.799 0.262 0.640 0.062 0.888 0.170 0.625 0.843 0.206 0.652 0.104 0.232 0.608 0.048 0.287 0.395 0.658 0.730 0.279 0.227 0.659 0.787 0.055 0.381 0.300 0.214 0.217 0.811 0.729 0.047 0.247 0.905 0.328 0.996 0.811 0.825 0.436 0.915 0.415 0.724 0.607 0.840 0.761 0.052 0.396 0.819 0.740 0.034 0.202 0.313 0.933 0.946 0.696 0.545 0.785 0.856 0.941 0.630 0.794 0.190 0.206 0.769 0.614 0.873 0.868 0.650 0.402 0.959 0.735 0.671 0.118 0.101 0.493 0.413 0.299 0.891 0.998 0.401 0.240 0.071 0.184 0.166 0.876 0.500 0.201 0.339 0.606 0.079 0.134 0.775 0.620 0.527 0.153 0.950 0.531 0.138 0.011 0.687 0.397 0.608 0.912 0.640 0.018 0.807 0.751 0.945 0.631 0.160 0.414 0.001 0.651 0.970 0.770 0.197 0.762 0.406 0.192 0.303 0.810 0.600 0.693 0.417 0.879 0.701 0.986 0.062 0.064 0.604 0.249 0.698 0.377 0.303 0.899 0.237 0.275 0.342 0.194 0.222 0.767 0.853 0.891 0.846 0.662 0.280 0.366 0.841 0.086 0.655 0.856 0.356 0.448 0.818 0.708 0.354 0.054 0.482 0.949 0.617 0.405 0.275 0.627 0.506 0.946 0.362 0.817 0.385 0.021 0.904 0.905 0.338 0.029 0.290 0.277 0.279 0.722 0.888 0.773 0.374 0.109 0.456 0.982 0.844 0.941 0.631 0.851 0.423 0.083 0.867 0.895 0.063 0.108 0.457 0.174 0.434 0.319 0.743 0.591 0.782 0.975 0.139 0.128 0.104 0.199 0.284 0.422 0.336 0.950 0.882 0.665 0.413 0.293 0.223 0.320 0.342 0.768 0.910 0.393 0.614 0.537 0.226 0.596 0.442 0.534 0.810 0.350 0.703 0.081 0.256 0.412 0.129 0.202 0.842 0.802 0.278 0.926 0.027 0.518 0.828 0.651 0.998 0.105 0.755 0.257 0.724 0.143 0.663 0.203 0.600 0.382 0.621 0.824 0.635 0.445 0.540 0.225 0.830 0.087 0.259 0.708 0.311 0.214 0.586 0.369 0.161 0.582 0.125 0.163 0.368 0.625 0.683 0.104 0.637 0.771 0.521 0.095 0.585 0.512 0.976 0.689 0.791 0.705 0.628 0.662 0.665 0.185 0.156 0.035 0.337 0.145 0.998 0.102 0.327 0.185 0.403 0.526 0.716 0.785 0.909 0.550 0.999 0.071 0.273 0.559 0.455 0.144 0.701 0.601 0.993 0.288 0.859 0.700 0.786 0.170 0.523 0.444 0.696 0.010 0.524 0.985 0.196 0.909 0.539 0.205 0.321 0.694 0.935 0.629 0.683 0.575 0.496 0.839 0.300 0.148 0.731 0.357 0.309 0.264 0.829 0.809 0.716 0.453 0.585 0.566 0.752 0.647 0.386 0.052 0.619 0.982 0.802 0.090 0.841 0.367 0.576 0.098 0.685 0.948 0.434 0.637 0.645 0.235 0.369 0.260 0.810 0.822 0.471 0.620 0.753 0.843 0.041 0.827 0.169 0.118 0.389 0.279 0.039 0.625 0.308 0.819 0.910 0.346 0.231 0.848 0.505 0.741 0.698 0.414 0.250 0.767 0.722 0.764 0.317 0.827 0.464 0.992 0.222 0.549 0.627 0.885 0.665 0.545 0.897 0.052 0.497 0.973 0.715 0.926 0.375 0.330 0.680 0.288 0.091 0.153 0.880 0.306 0.858 0.696 0.234 0.052 0.561 0.144 0.735 0.418 0.513 0.404 0.309 0.834 0.455 0.452 0.844 0.315 0.334 0.235 0.116 0.761 0.473 0.265 0.650 0.379 0.057 0.368 0.100 0.936 0.810 0.090 0.075 0.497 0.266 0.770 0.037 0.169 0.235 0.307 0.478 0.169 0.900 0.998 0.652 0.867 0.154 0.606 0.802 0.664 0.917 0.372 1.000 0.914 0.201 0.223 0.277 0.201 0.019 0.656 0.345 0.459 0.355 0.143 0.808 0.565 0.370 0.688 0.143 0.657 0.209 0.326 0.612 0.229 0.709 0.901 0.851 0.234 0.397 0.261 0.232 0.838 0.963 0.888 0.170 0.161 0.473 0.551 0.249 0.120 0.983 0.274 0.174 0.191 0.212 0.332 0.630 0.423 0.581 0.669 0.452 0.018 0.879 0.818 0.246 0.667 0.318 0.336 0.067 0.694 0.447 0.199 0.208 0.321 0.657 0.109 0.110 0.836 0.720 0.748 0.942 0.240 0.745 0.837 0.821 0.279 0.642 0.640 0.933 0.851 0.409 0.912 0.318 0.433 0.338 0.552 0.571 0.368 0.310 0.715 0.678 0.524 0.341 0.422 0.536 0.923 0.377 0.500 0.533 0.756 0.156 0.594 0.266 0.097 0.629 0.348 0.510 0.240 0.948 0.110 0.567 0.724 0.262 0.740 0.493 0.883 0.095 0.302 0.108 0.395 0.405 0.226 0.496 0.592 0.537 0.171 0.796 0.100 0.512 0.532 0.043 0.726 0.685 0.980 0.509 0.439 0.029 0.618 0.412 0.998 0.594 0.044 0.539 0.546 0.583 0.127 0.031 0.139 0.154 0.765 0.723 0.835 0.754 0.449 0.364 0.616 0.176 0.577 0.040 0.275 0.140 0.141 0.300 0.077 0.029 0.814 0.085 0.294 0.214 0.892 0.514 0.444 0.115 0.624 0.950 0.746 0.073 0.286 0.376 0.483 0.497 0.919 0.283 0.470 0.566 0.297 0.050 0.483 0.495 0.427 0.054 0.679 0.803 0.771 0.397 0.556 0.689 0.898 0.346 0.475 0.518 0.615 0.806 0.965 0.932 0.938 0.157 0.271 0.467 0.282 0.287 0.044 0.175 0.991 0.869 0.508 0.932 0.335 0.214 0.730 0.981 0.277 0.969 0.238 0.961 0.705 0.677 0.269 0.703 0.785 0.669 0.293 0.213 0.043 0.355 0.640 0.485 0.895 0.597 0.810 0.845 0.369 0.037 0.650 0.468 0.322 0.123 0.103 0.483 0.516 0.966 0.990 0.224 0.978 0.305 0.920 0.642 0.622 0.746 0.771 0.630 0.151 0.735 0.372 0.280 0.949 0.262 0.092 0.594 0.183 0.412 0.370 0.731 0.999 0.393 0.341 0.369 0.058 0.699 0.923 0.086 0.991 0.779 0.817 0.535 0.099 0.557 0.835 0.412 0.696 0.259 0.180 0.012 0.498 0.031 0.130 0.199 0.093 0.502 0.990 0.298 0.476 0.749 0.474 0.880 0.491 0.311 0.935 0.818 0.584 0.234 0.421 0.457 0.430 0.638 0.798 0.942 0.134 0.904 0.528 0.745 0.966 0.616 0.241 0.275 0.317 0.241 0.809 0.212 0.386 0.909 0.455 0.490 0.334 0.498 0.953 0.403 0.742 0.984 0.917 0.063 0.542 0.136 0.141 0.592 0.660 0.985 0.266 0.344 0.754 0.291 0.757 0.653 0.999 0.495 0.388 0.657 0.353 0.205 0.085 0.462 0.200 0.070 0.565 0.908 0.664 0.012 0.898 0.401 0.535 0.208 0.131 0.196 0.808 0.598 0.233 0.535 0.261 0.594 0.251 0.365 0.056 0.984 0.997 0.508 0.201 0.610 0.908 0.889 0.816 0.470 0.007 0.265 0.143 0.719 0.775 0.236 0.162 0.774 0.234 0.897 0.688 0.796 0.437 0.845 0.303 0.450 0.747 0.620 0.531 0.087 0.837 0.237 0.624 0.443 0.469 0.989 0.920 0.270 0.919 0.631 0.555 0.478 0.574 0.438 0.210 
ofv: -17265725.000000
Best time: 50.989
Total time:54.351 


Instance: ../Instances/KP/00Uncorrelated/n10000/kp015.txt
RKO: SA | ILS | VNS | BRKGA | BRKGA-CS | PSO | GA | LNS | GRASP | IPR | 
Sol: 0.226 0.695 0.611 0.267 0.764 0.902 0.637 0.660 0.760 0.913 0.497 0.918 0.582 0.780 0.077 0.647 0.968 0.978 0.546 0.754 0.365 0.993 0.246 0.063 0.285 0.301 0.486 0.579 0.221 0.918 0.957 0.020 0.525 0.928 0.740 0.641 0.733 0.191 0.470 0.761 0.877 0.863 0.229 0.426 0.866 0.477 0.242 0.965 0.356 0.675 0.983 0.159 0.698 0.274 0.548 0.196 0.461 0.425 0.701 0.193 0.525 0.423 0.817 0.483 0.781 0.489 0.589 0.413 0.805 0.020 0.206 0.596 0.930 0.229 0.307 0.455 0.645 0.360 0.874 0.916 0.902 0.053 0.475 0.825 0.210 0.338 0.844 0.130 0.897 0.153 0.500 0.102 0.368 0.705 0.126 0.273 0.080 0.508 0.668 0.293 0.529 0.948 0.280 0.985 0.480 0.608 0.864 0.144 0.136 0.297 0.050 0.905 0.169 0.877 0.654 0.420 0.200 0.777 0.777 0.487 0.041 0.714 0.610 0.550 0.419 0.676 0.683 0.100 0.644 0.223 0.116 0.370 0.528 0.269 0.974 0.569 0.333 0.568 0.488 0.427 0.429 0.860 0.744 0.434 0.902 0.631 0.874 0.270 0.357 0.030 0.625 0.353 0.804 0.991 0.342 0.624 0.624 0.150 0.748 0.879 0.665 0.194 0.029 0.464 0.993 0.573 0.296 0.925 0.373 0.835 0.435 0.626 0.433 0.742 0.863 0.577 0.980 0.668 0.196 0.491 0.101 0.249 0.079 0.120 0.764 0.614 0.274 0.398 0.731 0.989 0.913 0.268 0.431 0.336 0.524 0.723 0.060 0.582 0.368 0.324 0.337 0.662 0.154 0.600 0.037 0.175 0.386 0.749 0.152 0.820 0.179 0.865 0.146 0.470 0.544 0.089 0.868 0.825 0.200 0.787 0.406 0.361 0.827 0.788 0.231 0.350 0.963 0.502 0.668 0.393 0.667 0.995 0.092 0.637 0.018 0.290 0.824 0.873 0.661 0.115 0.528 0.021 0.276 0.266 0.007 0.862 0.849 0.979 0.787 0.369 0.177 0.297 0.816 0.577 0.114 0.527 0.231 0.597 0.748 0.998 0.256 0.310 0.891 0.180 0.566 0.180 0.052 0.845 0.434 0.880 0.937 0.071 1.000 0.950 0.135 0.854 0.625 0.066 0.065 0.501 0.695 0.500 0.472 0.791 0.903 0.566 0.180 0.660 0.735 0.693 0.558 0.746 0.991 0.731 0.523 0.148 0.702 0.304 0.707 0.164 0.512 0.930 0.821 0.835 0.773 0.144 0.578 0.681 0.663 0.784 0.231 0.308 0.109 0.251 0.319 0.098 0.110 0.058 0.733 0.810 0.746 0.621 0.433 0.210 0.488 0.110 0.463 0.082 0.819 0.972 0.728 0.029 0.608 0.415 0.694 0.682 0.863 0.826 0.956 0.953 0.184 0.123 0.599 0.793 0.706 0.717 0.994 0.906 0.547 0.259 0.789 0.364 0.867 0.575 0.322 0.942 0.713 0.950 0.363 0.940 0.219 0.630 0.185 0.925 0.978 0.432 0.967 0.864 0.295 0.781 0.639 0.955 0.715 0.108 0.417 0.790 0.791 0.211 0.034 0.214 0.322 0.320 0.079 0.140 0.569 0.434 0.149 0.632 0.682 0.592 0.544 0.818 0.037 0.456 0.245 0.066 0.511 0.378 0.848 0.715 0.380 0.930 0.648 0.461 0.623 0.162 0.881 0.264 0.358 0.930 0.717 0.689 0.397 0.883 0.134 0.705 0.388 0.157 0.448 0.978 0.171 0.256 0.064 0.350 0.397 0.711 0.349 0.579 0.414 0.778 0.902 0.917 0.472 0.761 0.737 0.208 0.559 0.493 0.703 0.299 0.783 0.845 0.561 0.293 0.827 0.350 0.226 0.228 0.435 0.315 0.427 0.953 0.886 0.332 0.225 0.001 0.447 0.659 0.917 0.383 0.827 0.050 0.668 0.265 0.346 0.623 0.512 0.230 0.767 0.133 0.201 0.980 0.603 0.661 0.018 0.147 0.250 0.286 0.935 0.128 0.321 0.796 0.960 0.148 0.329 0.812 0.529 0.550 0.532 0.852 0.983 0.034 0.624 0.590 0.489 0.439 0.388 0.900 0.741 0.428 0.982 0.464 0.021 0.427 0.975 0.576 0.956 0.806 0.611 0.018 0.878 0.619 0.017 0.130 0.358 0.136 0.265 0.357 0.204 0.656 0.329 0.251 0.340 0.493 0.152 0.568 0.111 0.522 0.252 0.292 0.996 0.424 0.219 0.784 0.043 0.760 0.172 0.180 0.053 0.765 0.194 0.671 0.492 0.975 0.384 0.689 0.084 0.057 0.408 0.591 0.289 0.537 0.053 0.129 0.049 0.021 0.110 0.219 0.527 0.529 0.418 0.143 0.572 0.421 0.205 0.656 0.355 0.312 0.934 0.447 0.079 0.183 0.453 0.467 0.919 0.091 0.197 0.083 0.700 0.137 0.956 0.645 0.938 0.340 0.387 0.732 0.083 0.503 0.501 0.265 0.429 0.037 0.592 0.651 0.225 0.421 0.880 0.437 0.940 0.099 0.664 0.764 0.576 0.405 0.622 0.134 0.312 0.369 0.971 0.778 0.477 0.829 0.555 0.491 0.333 0.887 0.480 0.457 0.641 0.975 0.438 0.971 0.007 0.634 0.365 0.190 0.134 0.437 0.398 0.634 0.211 0.428 0.800 0.251 0.127 0.809 0.756 0.920 0.138 0.211 0.919 0.033 0.324 0.860 0.755 0.216 0.926 0.406 0.744 0.328 0.291 0.196 0.995 0.936 0.249 0.867 0.723 0.974 0.781 0.166 0.863 0.124 0.069 0.172 0.920 0.837 0.864 0.153 0.243 0.592 0.954 0.509 0.229 0.968 0.129 0.304 0.252 0.717 0.928 0.457 0.581 0.653 0.396 0.490 0.176 0.880 0.258 0.744 0.246 0.667 0.513 0.345 0.460 0.005 0.885 0.036 0.519 0.645 0.362 0.684 0.087 0.165 0.374 0.171 0.707 0.078 0.011 0.906 0.534 0.743 0.874 0.354 0.062 0.861 0.403 0.460 0.977 0.883 0.259 0.668 0.573 0.994 0.252 0.140 0.129 0.067 0.387 0.626 0.044 0.080 0.488 0.685 0.247 0.708 0.430 0.666 0.473 0.387 0.499 0.378 0.500 0.172 0.982 0.532 0.136 0.408 0.320 0.118 0.035 0.462 0.813 0.521 0.805 0.502 0.111 0.228 0.497 0.437 0.483 0.655 0.728 0.145 0.338 0.648 0.660 0.864 0.629 0.155 0.585 0.141 0.368 0.619 0.601 0.778 0.836 0.934 0.399 0.456 0.142 0.512 0.146 0.902 0.184 0.696 0.106 0.295 0.942 0.473 0.892 0.652 0.033 0.368 0.048 0.751 0.114 0.407 0.672 0.042 0.244 0.536 0.640 0.908 0.695 0.838 0.310 0.525 0.951 0.187 0.506 0.887 0.179 0.902 0.893 0.242 0.820 0.110 0.733 0.595 0.660 0.149 0.208 0.933 0.860 0.626 0.081 0.221 0.932 0.007 0.951 0.336 0.640 0.431 0.911 0.543 0.297 0.057 0.720 0.745 0.811 0.892 0.957 0.136 0.854 0.957 0.140 0.005 0.133 0.284 0.359 0.555 0.221 0.316 0.533 0.821 0.059 0.009 0.483 0.346 0.239 0.439 0.647 0.167 0.079 0.492 0.626 0.011 0.355 0.252 0.047 0.249 0.129 0.071 0.982 0.741 0.262 0.760 0.806 0.386 0.238 0.725 0.838 0.735 0.971 0.882 0.392 0.218 0.553 0.466 0.785 0.386 0.002 0.555 0.687 0.240 0.858 0.279 0.487 0.918 0.586 0.820 0.846 0.242 0.729 0.162 0.905 0.347 0.726 0.638 0.538 0.669 0.353 0.492 0.303 0.036 0.860 0.489 0.369 0.346 0.803 0.697 0.002 0.819 0.374 0.120 0.973 0.197 0.357 0.816 0.914 0.352 0.556 0.244 0.162 0.100 0.412 0.395 0.139 0.703 0.311 0.407 0.653 0.498 0.476 0.732 0.823 0.173 0.860 0.939 0.088 0.575 0.223 0.097 0.427 0.154 0.137 0.192 0.069 0.727 0.598 0.322 0.312 0.784 0.550 0.637 0.971 0.679 0.890 0.605 0.946 0.817 0.689 0.671 0.561 0.314 0.873 0.935 0.907 0.739 0.787 0.780 0.644 0.536 0.855 0.887 0.226 0.143 0.797 0.901 0.215 0.626 0.725 0.125 0.999 0.313 0.476 0.580 0.953 0.295 0.113 0.249 0.040 0.351 0.543 0.898 0.504 0.165 0.723 0.689 0.531 0.670 0.946 0.725 0.571 0.361 0.585 0.719 0.985 0.339 0.689 0.953 0.877 0.199 0.520 0.296 0.075 0.572 0.552 0.673 0.058 0.031 0.889 0.268 0.325 0.219 0.202 0.442 0.216 0.852 0.822 0.310 0.023 0.112 0.543 0.661 0.342 0.203 0.791 0.681 0.679 0.215 0.310 0.856 0.129 0.793 0.131 0.943 0.434 0.181 0.008 0.722 0.269 0.163 0.456 0.116 0.638 0.723 0.559 0.166 0.832 0.890 0.834 0.159 0.450 0.631 0.166 0.311 0.430 0.590 0.312 0.013 0.163 0.461 0.595 0.813 0.537 0.998 0.031 0.651 0.891 0.823 0.312 0.502 0.242 0.162 0.408 0.494 0.821 0.246 0.436 0.395 0.535 0.220 0.295 0.941 0.918 0.769 0.588 0.707 0.544 0.874 0.835 0.754 0.654 0.163 0.797 0.363 0.887 0.968 0.544 0.699 0.328 0.187 0.508 0.270 0.715 0.965 0.418 0.605 0.925 0.063 0.927 0.891 0.839 0.477 0.690 0.457 0.170 0.259 0.865 0.184 0.352 0.008 0.001 0.436 0.695 0.452 0.919 0.363 0.902 0.204 0.426 0.881 0.955 0.613 0.736 0.950 0.927 0.241 0.586 0.483 0.753 0.257 0.269 0.463 0.452 0.178 0.298 0.866 0.587 0.385 0.257 0.746 0.053 0.039 0.025 0.842 0.082 0.383 0.122 0.855 0.611 0.790 0.301 0.087 0.968 0.795 0.438 0.196 0.706 0.227 0.588 0.953 0.765 0.876 0.027 0.128 0.150 0.742 0.827 0.490 0.301 0.368 0.499 0.828 0.979 0.051 0.681 0.598 0.989 0.977 0.526 0.477 0.998 0.581 0.474 0.451 0.275 0.478 0.417 0.326 0.355 0.788 0.602 0.409 0.779 0.087 0.607 0.038 0.147 0.823 0.294 0.203 0.725 0.664 0.827 0.757 0.338 0.875 0.248 0.651 0.373 0.434 0.763 0.766 0.792 0.108 0.339 0.281 0.193 0.798 0.262 0.660 0.227 0.635 0.521 0.289 0.163 0.546 0.281 0.802 0.320 0.376 0.344 0.600 0.788 0.058 0.486 0.956 0.852 0.762 0.859 0.843 0.616 0.333 0.381 0.464 0.979 0.429 0.929 0.899 0.063 0.442 0.967 0.388 0.197 0.221 0.548 0.780 0.571 0.830 0.272 0.608 0.867 0.973 0.717 0.448 0.508 0.785 0.778 0.660 0.043 0.833 0.288 0.700 0.908 0.960 0.206 0.966 0.315 0.146 0.210 0.368 0.792 0.502 0.959 0.312 0.285 0.495 0.647 0.589 0.792 0.327 0.576 0.834 0.138 0.001 0.663 0.396 0.680 0.007 0.782 0.166 0.058 0.543 0.889 0.924 0.287 0.820 0.372 0.769 0.109 0.903 0.996 0.290 0.196 0.041 0.805 0.216 0.952 0.243 0.757 0.922 0.464 0.925 0.865 0.716 0.243 0.345 0.819 0.786 0.005 0.730 0.130 0.440 0.638 0.788 0.524 0.203 0.011 0.750 0.776 0.908 0.647 0.743 0.663 0.213 0.342 0.957 0.166 0.653 0.248 0.303 0.559 0.736 0.199 0.915 0.536 0.934 0.925 0.464 0.905 0.478 0.745 0.385 0.592 0.614 0.678 0.442 0.775 0.461 0.735 0.302 0.426 0.485 0.471 0.826 0.388 0.732 0.939 0.207 0.160 0.482 0.203 0.010 0.768 0.292 0.153 0.849 0.516 0.147 0.428 0.423 0.948 0.422 0.679 0.820 0.247 0.707 0.284 0.003 0.235 0.933 0.028 0.755 0.081 0.221 0.691 0.412 0.473 0.777 0.788 0.070 0.725 0.054 0.196 0.059 0.115 0.734 0.258 0.146 0.840 0.973 0.232 0.376 0.617 0.923 0.020 0.803 0.627 0.102 0.952 0.594 0.489 0.257 0.881 0.689 0.949 0.644 0.667 0.293 0.364 0.940 0.365 0.489 0.287 0.118 0.927 0.941 0.221 0.259 0.737 0.707 0.652 0.064 0.074 0.786 0.196 0.330 0.038 0.747 0.885 0.889 0.873 0.920 0.636 0.402 0.544 0.784 0.738 0.980 0.609 0.929 0.175 0.472 0.987 0.247 0.650 0.596 0.768 0.875 0.450 0.671 0.826 0.808 0.934 0.068 0.563 0.069 0.496 0.403 0.418 0.270 0.822 0.570 0.684 0.074 0.750 0.967 0.545 0.022 0.054 0.908 0.180 0.960 0.696 0.135 0.093 0.528 0.905 0.796 0.325 0.131 0.023 0.996 0.381 0.345 0.650 0.787 0.404 0.020 0.493 0.886 0.832 0.273 0.969 0.240 0.993 0.860 0.499 0.804 0.018 0.450 0.167 0.992 0.795 0.767 0.710 0.757 0.584 0.356 0.780 0.683 0.916 0.033 0.283 0.250 0.748 0.487 0.495 0.623 0.645 0.573 0.224 0.321 0.451 0.164 0.256 0.796 0.610 0.450 0.558 0.533 0.657 0.771 0.793 0.533 0.327 0.650 0.709 0.390 0.338 0.420 0.700 0.218 0.446 0.968 0.988 0.610 0.278 0.677 0.839 0.642 0.931 0.271 0.643 0.336 0.106 0.508 0.529 0.686 0.630 0.412 0.086 0.876 0.376 0.952 0.100 0.596 0.954 0.939 0.646 0.345 0.115 0.373 0.708 0.334 0.054 0.570 1.000 0.515 0.426 0.677 0.137 0.868 0.376 0.410 0.426 0.381 0.670 0.986 0.968 0.330 0.830 0.874 0.784 0.907 0.323 0.403 0.591 0.318 0.899 0.577 0.714 0.665 0.891 0.546 0.365 0.048 0.845 0.305 0.378 0.487 0.217 0.496 0.579 0.090 0.525 0.271 0.682 0.809 0.010 0.249 0.659 0.225 0.917 0.427 0.574 0.521 0.107 0.547 0.415 0.387 0.250 0.847 0.554 0.087 0.772 0.373 0.113 0.200 0.172 0.584 0.322 0.389 0.454 0.671 0.302 0.441 0.841 0.126 0.816 0.328 0.783 0.246 0.095 0.820 0.846 0.345 0.736 0.928 0.992 0.689 0.705 0.358 0.611 0.736 0.169 0.707 0.824 0.744 0.591 0.523 0.729 0.150 0.360 0.112 0.910 0.485 0.894 0.395 0.947 0.247 0.350 0.948 0.329 0.979 0.090 0.353 0.175 0.935 0.612 0.155 0.960 0.471 0.144 0.986 0.885 0.444 0.052 0.297 0.132 0.931 0.354 0.896 0.903 0.782 0.572 0.767 0.731 0.511 0.404 0.205 0.354 0.704 0.768 0.130 0.567 0.188 0.874 0.278 0.958 0.468 0.230 0.450 0.537 0.884 0.995 0.678 0.641 0.141 0.453 0.931 0.109 0.261 0.887 0.107 0.511 0.881 0.561 0.112 0.969 0.876 0.893 0.127 0.273 0.192 0.279 0.646 0.398 0.546 0.723 0.664 0.146 0.889 0.710 0.152 0.976 0.355 0.391 0.349 0.469 0.746 0.345 0.067 0.092 0.138 0.898 0.198 0.386 0.807 0.361 0.258 0.987 0.017 0.759 0.751 0.320 0.339 0.928 0.682 0.464 0.622 0.154 0.762 0.611 0.183 0.160 0.462 0.511 0.861 0.315 0.289 0.583 0.579 0.152 0.146 0.654 0.555 0.260 0.246 0.169 0.475 0.394 0.159 0.495 0.929 0.218 0.594 0.378 0.183 0.153 0.207 0.693 0.926 0.668 0.034 0.012 0.414 0.369 0.602 0.855 0.708 0.344 0.777 0.092 0.169 0.640 0.512 0.370 0.685 0.379 0.146 0.408 0.094 0.105 0.708 0.621 0.422 0.782 0.953 0.185 0.632 0.893 0.469 0.958 0.188 0.133 0.706 0.256 0.163 0.415 0.129 0.207 0.137 0.345 0.506 0.445 0.690 0.333 0.643 0.710 0.823 0.810 0.080 0.144 0.482 0.863 0.261 0.749 0.656 0.494 0.015 0.571 0.211 0.071 0.625 0.155 0.432 0.240 0.288 0.149 0.363 0.296 0.234 0.330 0.646 0.808 0.683 0.726 0.995 0.477 0.113 0.525 0.333 0.902 0.615 0.360 0.769 0.422 0.764 0.669 0.231 0.013 0.443 0.269 0.801 0.065 0.185 0.032 0.264 0.492 0.687 0.100 0.897 0.741 0.474 0.233 0.680 0.904 0.759 0.971 0.653 0.963 0.702 0.764 0.739 0.994 0.346 0.060 0.646 0.569 0.442 0.261 0.649 0.247 0.342 0.325 0.779 0.117 0.402 0.625 0.979 0.905 0.649 0.451 0.071 0.112 0.601 0.058 0.278 0.357 0.185 0.844 0.991 0.854 0.965 0.379 0.151 0.917 0.116 0.300 0.025 0.885 0.859 0.254 0.669 0.134 0.758 0.746 0.354 0.862 0.167 0.568 0.787 0.467 0.047 0.969 0.295 0.782 0.079 0.016 0.908 0.837 0.560 0.228 0.356 0.085 0.899 0.819 0.633 0.039 0.645 0.267 0.376 0.387 0.911 0.266 0.728 0.745 0.992 0.475 0.819 0.742 0.637 0.782 0.827 0.160 0.372 0.022 0.618 0.241 0.576 0.740 0.189 0.197 0.544 0.438 0.532 0.742 0.399 0.932 0.805 0.996 0.077 0.532 0.049 0.154 0.117 0.086 0.828 0.944 0.052 0.328 0.394 0.728 0.072 0.373 0.336 0.318 0.629 0.522 0.666 0.333 0.035 0.743 0.589 0.497 0.629 0.149 0.100 0.827 0.015 0.194 0.994 0.638 0.488 0.386 0.706 0.378 0.913 0.418 0.147 0.740 0.336 0.129 0.694 0.912 0.129 0.068 0.685 0.149 0.349 0.741 0.529 0.533 0.425 0.130 0.213 0.234 0.541 0.435 0.943 0.061 0.358 0.250 0.526 0.420 0.782 0.703 0.918 0.371 0.104 0.162 0.313 0.180 0.035 0.015 0.159 0.723 0.673 0.366 0.363 0.298 0.869 0.796 0.485 0.309 0.041 0.573 0.022 0.453 0.103 0.443 0.291 0.987 0.370 0.645 0.390 0.766 0.105 0.409 0.523 0.009 0.284 0.418 0.317 0.693 0.501 0.058 0.565 0.621 0.570 0.929 0.903 0.309 0.821 0.142 0.025 0.478 0.896 0.687 0.647 0.360 0.779 0.786 0.466 0.686 0.760 0.648 0.122 0.120 0.209 0.929 0.385 0.172 0.025 0.379 0.919 0.116 0.849 0.815 0.999 0.533 0.972 0.104 0.995 0.432 0.582 0.919 0.773 0.222 0.439 0.688 0.697 0.018 0.155 0.772 0.317 0.828 0.111 0.849 0.100 0.764 0.857 0.548 0.152 0.832 0.515 0.864 0.704 0.287 0.418 0.680 0.879 0.660 0.429 0.249 0.016 0.507 0.304 0.143 0.065 0.866 0.722 0.121 0.779 0.209 0.190 0.654 0.263 0.113 0.072 0.449 0.376 0.656 0.801 0.375 0.216 0.092 0.227 0.557 0.591 0.200 0.098 0.679 0.613 0.970 0.410 0.119 0.569 0.653 0.461 0.334 0.128 0.887 0.139 0.197 0.364 0.908 0.286 0.499 0.297 0.380 0.389 0.450 0.221 0.025 0.638 0.238 0.771 0.705 0.576 0.269 0.033 0.060 0.826 0.934 0.651 0.400 0.453 0.881 0.751 0.896 0.297 0.035 0.889 0.345 0.689 0.718 0.802 0.255 0.456 0.776 0.538 0.947 0.752 0.861 0.142 0.548 0.675 0.561 0.427 0.536 0.088 0.796 0.351 0.479 0.876 0.342 0.761 0.670 0.259 0.680 0.956 0.150 0.357 0.385 0.175 0.631 0.651 0.324 0.243 0.012 0.940 0.310 0.094 0.699 0.801 0.252 0.287 0.237 0.067 0.978 0.038 0.884 0.706 0.559 0.763 0.302 0.572 0.761 0.409 0.233 0.729 0.361 0.287 0.259 0.007 0.016 0.241 0.411 0.208 0.585 0.248 0.012 0.349 0.914 0.182 0.270 0.532 0.030 0.656 0.861 0.066 0.275 0.717 0.522 0.107 0.327 0.294 0.246 0.236 0.810 0.783 0.871 0.836 0.809 0.064 0.144 0.218 0.201 0.166 0.510 0.404 0.096 0.384 0.446 0.873 0.759 0.723 0.808 0.655 0.786 0.754 0.936 0.911 0.295 0.664 0.693 0.988 0.072 0.927 0.578 0.636 0.588 0.679 0.858 0.908 0.069 0.135 0.016 0.031 0.725 0.559 0.001 0.537 0.598 0.664 0.165 0.862 0.181 0.985 0.881 0.615 0.829 0.507 0.914 0.717 0.877 0.030 0.047 0.428 0.629 0.877 0.859 0.635 0.828 0.406 0.973 0.611 0.471 0.564 0.704 0.615 0.630 0.671 0.750 0.945 0.462 0.434 0.400 0.988 0.267 0.601 0.102 0.044 0.433 0.101 0.565 0.417 0.752 0.834 0.260 0.126 0.727 0.206 0.634 0.837 0.243 0.293 0.862 0.636 0.486 0.652 0.769 0.889 0.693 0.455 0.226 0.084 0.500 0.527 0.632 0.621 0.311 0.814 0.395 0.388 0.606 0.196 0.597 0.492 0.674 0.951 0.067 0.070 0.168 0.285 0.063 0.556 0.541 0.076 0.094 0.108 0.485 0.347 0.757 0.284 0.198 0.866 0.161 0.938 0.806 0.721 0.975 0.299 0.529 0.928 0.098 0.224 0.721 0.807 0.606 0.674 0.398 0.040 0.055 0.137 0.202 0.823 0.730 0.788 0.321 0.357 0.145 0.441 0.859 0.255 0.112 0.192 0.409 0.363 0.419 0.982 0.198 0.166 0.596 0.019 0.088 0.079 0.215 0.308 0.075 0.519 0.601 0.809 0.499 0.073 0.407 0.611 0.205 0.969 0.328 0.424 0.804 0.620 0.585 0.542 0.427 0.180 0.996 0.481 0.456 0.158 0.157 0.709 0.094 0.461 0.124 0.452 0.511 0.433 0.703 0.227 0.830 0.403 0.678 0.880 0.642 0.451 0.786 0.797 0.104 0.149 0.233 0.108 0.785 0.096 0.295 0.119 0.322 0.346 0.923 0.613 0.099 0.976 0.118 0.004 0.102 0.540 0.341 0.211 0.696 0.961 0.150 0.141 0.966 0.960 0.895 0.563 0.533 0.502 0.896 0.925 0.717 0.917 0.092 0.252 0.428 0.903 0.379 0.268 0.151 0.614 0.463 0.033 0.903 0.575 0.013 0.874 0.237 0.834 0.371 0.267 0.666 0.663 0.632 0.839 0.522 0.551 0.960 0.831 0.566 0.335 0.284 0.238 0.680 0.634 0.139 0.405 0.544 0.823 0.014 0.334 0.025 0.086 0.364 0.300 0.118 0.483 0.159 0.007 0.311 0.326 0.303 0.592 0.183 0.461 0.671 0.188 0.461 0.321 0.277 0.481 0.056 0.414 0.040 0.270 0.706 0.414 0.594 0.647 0.035 0.563 0.125 0.731 0.210 0.318 0.658 0.687 0.047 0.717 0.906 0.482 0.877 0.554 0.818 0.182 0.467 0.769 0.063 0.899 0.288 0.446 0.052 0.562 0.144 0.909 0.021 0.317 0.917 0.571 0.203 0.803 0.539 0.351 0.674 0.556 0.098 0.098 0.992 0.896 0.918 0.664 0.997 0.371 0.730 0.482 0.796 0.785 0.516 0.572 0.125 0.156 0.598 0.489 0.761 0.761 0.061 0.664 0.599 0.104 0.286 0.754 0.107 0.122 0.071 0.187 0.064 0.915 0.128 0.379 0.439 0.256 0.790 0.085 0.200 0.396 0.273 0.454 0.536 0.035 0.380 0.786 0.587 0.516 0.448 0.300 0.986 0.477 0.008 0.176 0.931 0.811 0.634 0.172 0.852 0.694 0.346 0.862 0.913 0.034 0.625 0.626 0.442 0.391 0.634 0.279 0.355 0.620 0.171 0.651 0.111 0.034 0.044 0.581 0.876 0.082 0.512 0.036 0.764 0.496 0.678 0.077 0.402 0.333 0.778 0.998 0.415 0.107 0.392 0.672 0.267 0.777 0.621 0.006 0.797 0.197 0.849 0.229 0.813 0.554 0.559 0.112 0.044 0.244 0.824 0.095 0.526 0.492 0.654 0.558 0.304 0.915 0.716 0.852 0.633 0.682 0.851 0.853 0.175 0.168 0.058 0.434 0.917 0.235 0.514 0.485 0.529 0.793 0.774 0.005 0.754 0.090 0.381 0.153 0.420 0.248 0.652 0.409 0.619 0.547 0.642 0.836 0.529 0.587 0.946 0.156 0.526 0.252 0.649 0.021 0.761 0.146 0.959 0.388 0.678 0.687 0.341 0.555 0.115 0.394 0.467 0.465 0.811 0.239 0.990 0.929 0.879 0.415 0.763 0.202 0.462 0.619 0.788 0.960 0.920 0.029 0.636 0.380 0.241 0.432 0.800 0.662 0.952 0.058 0.165 0.288 0.154 0.250 0.751 0.926 0.420 0.334 0.288 0.205 0.361 0.029 0.125 0.714 0.601 0.968 0.999 0.264 0.221 0.111 0.635 0.811 0.601 0.311 0.666 0.915 0.254 0.328 0.089 0.405 0.975 0.220 0.036 0.716 0.690 0.893 0.447 0.942 0.190 0.071 0.081 0.472 0.323 0.637 0.106 0.112 0.373 0.938 0.360 0.730 0.776 0.456 0.742 0.177 0.239 0.320 0.444 0.192 0.542 0.029 0.798 0.858 0.775 0.598 0.618 0.910 0.150 0.624 0.049 0.718 0.220 0.087 0.535 0.518 0.360 0.935 0.964 0.275 0.755 0.474 0.258 0.994 0.682 0.296 0.279 0.161 0.546 0.247 0.804 0.723 0.804 0.161 0.339 0.062 0.936 0.181 0.070 0.987 0.191 0.577 0.245 0.730 0.055 0.264 0.369 0.068 0.624 0.207 0.790 0.734 0.179 0.393 0.960 0.090 0.276 0.057 0.285 0.601 0.220 0.779 0.222 0.089 0.351 0.206 0.552 0.913 0.549 0.547 0.878 0.696 0.565 0.500 0.053 0.661 0.405 0.791 0.543 0.825 0.081 0.212 0.343 0.899 0.091 0.377 0.265 0.624 0.499 0.416 0.354 0.185 0.243 0.980 0.861 0.152 0.353 0.985 0.735 0.565 0.461 0.382 0.570 0.177 0.578 0.936 0.318 0.744 0.312 0.926 0.811 0.365 0.461 0.679 0.971 0.762 0.346 0.252 0.009 0.197 0.989 0.880 0.645 0.885 0.430 0.041 0.608 0.152 0.087 0.427 0.150 0.077 0.777 0.848 0.427 0.512 0.373 0.027 0.027 0.088 0.937 0.159 0.330 0.626 0.312 0.398 0.034 0.360 0.183 0.770 0.039 0.899 0.976 0.387 0.296 0.095 0.975 0.618 0.042 0.311 0.218 0.514 0.153 0.333 0.924 0.506 0.602 0.360 0.406 0.926 0.560 0.553 0.184 0.597 0.415 0.701 0.425 0.579 0.294 0.651 0.103 0.229 0.334 0.977 0.438 0.914 0.430 0.994 0.035 0.929 0.084 0.541 0.748 0.025 0.893 0.866 0.650 0.828 0.986 0.133 0.476 0.171 0.590 0.853 0.474 0.866 0.290 0.456 0.882 0.238 0.939 0.094 0.704 0.454 0.213 0.828 0.397 0.477 0.188 0.752 0.979 0.777 0.691 0.946 0.300 0.136 0.900 0.655 0.148 0.918 0.874 0.502 0.888 0.293 0.379 0.737 0.221 0.286 0.867 0.390 0.403 0.930 0.684 0.723 0.201 0.985 0.845 0.225 0.850 0.417 0.158 0.922 0.345 0.542 0.271 0.862 0.812 0.067 0.310 0.677 0.262 0.768 0.393 0.457 0.296 0.312 0.678 0.378 0.664 0.165 0.255 0.466 0.673 0.199 0.799 0.856 0.747 0.279 0.141 0.728 0.481 0.978 0.259 0.371 0.922 0.010 0.279 0.265 0.659 0.916 0.411 0.559 0.971 0.023 0.700 0.171 0.098 0.721 0.023 0.365 0.077 0.866 0.366 0.165 0.998 0.415 0.859 0.587 0.738 0.570 0.035 0.774 0.317 0.275 0.035 0.616 0.141 0.790 0.460 0.836 0.434 0.886 0.214 0.301 0.272 0.946 0.376 0.878 0.559 0.524 0.386 0.622 0.738 0.672 0.761 0.749 0.862 0.427 0.343 0.825 0.119 0.305 0.727 0.857 0.075 0.197 0.114 0.669 0.078 0.318 0.434 0.745 0.497 0.736 0.594 0.972 0.964 0.307 0.047 0.612 0.533 0.419 0.683 0.488 0.790 0.268 0.057 0.270 0.168 0.836 0.475 0.996 0.823 0.140 0.073 0.944 0.895 0.587 0.971 0.861 0.862 0.764 0.678 0.181 0.990 0.355 0.907 0.158 0.839 0.747 0.977 0.997 0.317 0.841 0.166 0.915 0.884 0.191 0.082 0.372 0.819 0.883 0.837 0.121 0.319 0.706 0.969 0.097 0.576 0.181 0.598 0.602 0.710 0.130 0.056 0.753 0.204 0.501 0.350 0.163 0.106 0.429 0.875 0.144 0.961 0.181 0.394 0.919 0.258 0.170 0.303 0.633 0.927 0.733 0.884 0.321 0.897 0.428 0.773 0.337 0.761 0.046 0.057 0.328 0.013 0.494 0.045 0.957 0.420 0.740 0.052 0.032 0.184 0.214 0.829 0.262 0.200 0.867 0.299 0.696 0.567 0.439 0.915 0.418 0.790 0.875 0.956 0.301 0.404 0.510 0.215 0.079 0.380 0.447 0.572 0.464 0.270 0.696 0.766 0.608 0.955 0.628 0.321 0.166 0.157 0.537 0.957 0.787 0.082 0.848 0.506 0.603 0.651 0.383 0.783 0.030 0.615 0.487 0.144 0.433 0.370 0.313 0.958 0.862 0.755 0.628 0.762 0.037 0.876 0.948 0.377 0.595 0.783 0.573 0.939 0.468 0.419 0.995 0.318 0.239 0.649 0.907 0.427 0.371 0.509 0.829 0.997 0.782 0.867 0.940 0.165 0.898 0.290 0.265 0.430 0.680 0.950 0.335 0.015 0.347 0.402 0.415 0.608 0.537 0.276 0.445 0.551 0.174 0.890 0.331 0.459 0.734 0.687 0.561 0.173 0.554 0.774 0.169 0.879 0.528 0.274 0.532 0.446 0.890 0.973 0.799 0.975 0.080 0.638 0.071 0.406 0.456 0.588 0.265 0.599 0.622 0.848 0.975 0.996 0.787 0.528 0.622 0.407 0.160 0.282 0.909 0.326 0.461 0.178 0.779 0.223 0.850 0.521 0.021 0.668 0.111 0.290 0.797 0.880 0.854 0.424 0.109 0.687 0.714 0.780 0.656 0.630 0.556 0.402 0.148 0.273 0.392 0.333 0.778 0.445 0.238 0.272 0.622 0.699 0.495 0.129 0.414 0.553 0.663 0.395 0.633 0.852 0.220 0.350 0.708 0.678 0.828 0.602 0.134 0.132 0.892 0.163 0.815 0.148 0.318 0.594 0.342 0.258 0.976 0.382 0.277 0.190 0.898 0.184 0.152 0.061 0.216 0.615 0.654 0.188 0.791 0.511 0.565 0.179 0.748 0.469 0.820 0.811 0.164 0.576 0.050 0.375 0.001 0.805 0.326 0.560 0.597 0.632 0.745 0.267 0.399 0.755 0.410 0.616 0.399 0.615 0.763 0.854 0.869 0.756 0.108 0.996 0.666 0.905 0.628 0.519 0.680 0.346 0.234 0.667 0.269 0.386 0.797 0.217 0.279 0.922 0.696 0.841 0.748 0.934 0.687 0.535 0.971 0.319 0.574 0.560 0.610 0.931 0.142 0.733 0.212 0.499 0.172 0.550 0.987 0.687 0.976 0.649 0.252 0.009 0.831 0.997 0.910 0.792 0.772 0.495 0.100 0.042 0.457 0.799 0.836 0.737 0.307 0.470 0.602 0.522 0.928 0.060 0.958 0.946 0.330 0.622 0.162 0.439 0.818 0.568 0.461 0.884 0.830 0.594 0.987 0.220 0.127 0.025 0.477 0.929 0.238 0.866 0.864 0.924 0.428 0.400 0.231 0.097 0.559 0.103 0.102 0.667 0.251 0.424 0.829 0.589 0.475 0.782 0.076 0.132 0.856 0.905 0.452 0.069 0.909 0.896 0.454 0.357 0.835 0.544 0.839 0.083 0.689 0.210 0.066 0.527 0.062 0.852 0.500 0.924 0.003 0.367 0.763 0.300 0.519 0.290 0.385 0.692 0.173 0.469 0.889 0.947 0.769 0.800 0.145 0.550 0.649 0.576 0.871 0.029 0.087 0.089 0.595 0.871 0.549 0.039 0.902 0.795 0.505 0.143 0.976 0.389 0.252 0.447 0.376 0.461 0.803 0.305 0.343 0.759 0.679 0.543 0.210 0.364 0.364 0.089 0.066 0.332 0.469 0.584 0.145 0.009 0.819 0.511 0.950 0.983 0.312 0.384 0.203 0.375 0.167 0.071 0.858 0.792 0.314 0.834 0.297 0.781 0.341 0.381 0.833 0.000 0.493 0.884 0.428 0.230 0.974 0.118 0.529 0.199 0.690 0.173 0.884 0.190 0.257 0.369 0.623 0.904 0.588 0.190 0.002 0.839 0.218 0.328 0.096 0.724 0.955 0.287 0.541 0.102 0.013 0.248 0.855 0.545 0.745 0.775 0.222 0.229 0.809 0.294 0.988 0.802 0.625 0.038 0.486 0.275 0.453 0.618 0.729 0.245 0.253 0.596 0.369 0.488 0.582 0.350 0.264 0.609 0.730 0.780 0.607 0.338 0.350 0.444 0.003 0.023 0.856 0.927 0.698 0.506 0.381 0.515 0.673 0.086 0.121 0.460 0.678 0.815 0.845 0.283 0.257 0.476 0.731 0.307 0.196 0.422 0.249 0.676 0.770 0.844 0.341 0.426 0.448 0.193 0.189 0.889 0.130 0.256 0.623 0.864 0.205 0.866 0.284 0.300 0.896 0.419 0.102 0.778 0.305 0.793 0.118 0.019 0.859 0.393 0.294 0.524 0.485 0.536 0.586 0.731 0.779 0.247 0.587 0.697 0.413 0.628 0.304 0.711 0.165 0.534 0.802 0.939 0.479 0.011 0.084 0.084 0.004 0.088 0.293 0.331 0.745 0.473 0.069 0.330 0.687 0.739 0.457 0.187 0.137 0.194 0.587 0.987 0.642 0.465 0.583 0.405 0.473 0.828 0.375 0.762 0.565 0.187 0.821 0.500 0.599 0.420 0.325 0.311 0.182 0.540 0.242 0.389 0.440 0.158 0.693 0.058 0.398 0.113 0.798 0.257 0.330 0.412 0.150 0.088 0.098 0.579 0.572 0.794 0.564 0.319 0.720 0.062 0.541 0.539 0.591 0.179 0.745 0.003 0.810 0.488 0.738 0.041 0.030 0.340 0.186 0.401 0.739 0.665 0.928 0.202 0.336 0.298 0.505 0.495 0.077 0.126 0.508 0.382 0.653 0.168 0.663 0.288 0.084 0.979 0.249 0.548 0.642 0.781 0.846 0.233 0.761 0.745 0.229 0.327 0.173 0.049 0.408 0.206 0.378 0.586 0.151 0.093 0.652 0.715 0.006 0.186 0.505 0.600 0.757 0.212 0.250 0.296 0.461 0.264 0.601 0.047 0.448 0.670 0.651 0.219 0.452 0.570 0.104 0.586 0.301 0.152 0.261 0.700 0.349 0.495 0.861 0.807 0.001 0.969 0.800 0.075 0.694 0.611 0.818 0.311 0.395 0.926 0.006 0.565 0.312 0.912 0.233 0.931 0.024 0.385 0.669 0.730 0.102 0.600 0.008 0.887 0.276 0.547 0.283 0.781 0.169 0.795 0.012 0.387 0.709 0.447 0.370 0.839 0.399 0.166 0.699 0.529 0.558 0.180 0.487 0.037 0.773 0.472 0.524 0.043 0.044 0.733 0.281 0.515 0.720 0.910 0.658 0.077 0.210 0.211 0.407 0.101 0.808 0.186 0.554 0.879 0.767 0.049 0.142 0.798 0.475 0.404 0.958 0.355 0.385 0.869 0.723 0.055 0.078 0.463 0.988 0.972 0.056 0.867 0.141 0.657 0.239 0.839 0.051 0.902 0.888 0.259 0.058 0.035 0.501 0.760 0.938 0.560 0.359 0.380 0.348 0.336 0.803 0.009 0.349 0.224 0.320 0.493 0.504 0.253 0.528 0.780 0.946 0.417 0.858 0.458 0.159 0.701 0.319 0.037 0.410 0.883 0.660 0.652 0.342 0.753 0.377 0.342 0.218 0.689 0.507 0.719 0.103 0.732 0.156 0.778 0.354 0.176 0.669 0.829 0.446 0.014 0.825 0.227 0.873 0.847 0.154 0.211 0.966 0.614 0.780 0.544 0.606 0.181 0.995 0.822 0.420 0.858 0.298 0.915 0.337 0.799 0.215 0.641 0.435 0.347 0.317 0.697 0.297 0.815 0.508 0.332 0.941 0.166 0.022 0.400 0.194 0.103 0.168 0.240 0.324 0.936 0.890 0.616 0.341 0.917 0.038 0.165 0.765 0.981 0.905 0.797 0.859 0.187 0.472 0.927 0.821 0.862 0.127 0.931 0.646 0.026 0.938 0.516 0.341 0.217 0.985 0.132 0.179 0.664 0.290 0.363 0.011 0.358 0.740 0.757 0.635 0.875 0.178 0.367 0.449 0.456 0.376 0.603 0.026 0.297 0.650 0.350 0.465 0.117 0.347 0.731 0.162 0.035 0.593 0.843 0.391 0.692 0.958 0.772 0.367 0.865 0.653 0.946 0.756 0.603 0.198 0.762 0.794 0.344 0.769 0.313 0.805 0.289 0.023 0.662 0.656 0.109 0.608 0.296 0.547 0.277 0.597 0.977 0.414 0.309 0.867 0.595 0.215 0.525 0.430 0.093 0.939 0.211 0.572 0.687 0.809 0.744 0.655 0.558 0.387 0.226 0.225 0.638 0.963 0.692 0.119 0.537 0.800 0.536 0.188 0.879 0.137 0.883 0.502 0.706 0.880 0.579 0.784 0.364 0.281 0.318 0.843 0.697 0.024 0.054 0.869 0.844 0.798 0.727 0.189 0.857 0.199 0.366 0.145 0.090 0.630 0.257 0.102 0.616 0.191 0.909 0.369 0.763 0.812 0.918 0.392 0.692 0.255 0.891 0.186 0.725 0.971 0.571 0.846 0.066 0.705 0.279 0.105 0.890 0.886 0.714 0.246 0.924 0.605 0.695 0.638 0.014 0.939 0.155 0.136 0.070 0.732 0.616 0.539 0.111 0.986 0.740 0.420 0.381 0.879 0.090 0.220 0.446 0.200 0.202 0.373 0.533 0.140 0.273 0.271 0.268 0.876 0.996 0.869 0.962 0.221 0.377 0.455 0.290 0.349 0.861 0.759 0.787 0.352 0.474 0.748 0.398 0.573 0.307 0.119 0.686 0.298 0.116 0.829 0.425 0.491 0.697 0.342 0.367 0.222 0.979 0.687 0.870 0.273 0.076 0.662 0.517 0.620 0.600 0.392 0.236 0.253 0.655 0.793 0.731 0.693 0.501 0.878 0.829 0.880 0.483 0.880 0.669 0.598 0.738 0.620 0.999 0.390 0.582 0.619 0.432 0.317 0.605 0.260 0.474 0.427 0.647 0.275 0.998 0.600 0.895 0.421 0.113 0.104 0.170 0.488 0.503 0.981 0.491 0.352 0.957 0.783 0.455 0.764 0.626 0.955 0.942 0.805 0.148 0.972 0.498 0.813 0.945 0.127 0.403 0.599 0.088 0.026 0.357 0.441 0.878 0.757 0.842 0.069 0.966 0.382 0.553 0.199 0.327 0.525 0.462 0.623 0.629 0.521 0.282 0.309 0.041 0.561 0.473 0.279 0.136 0.306 0.788 0.611 0.644 0.911 0.976 0.113 0.183 0.613 0.847 0.245 0.838 0.496 0.780 0.056 0.860 0.091 0.027 0.569 0.703 0.095 0.844 0.079 0.018 0.070 0.142 0.125 0.792 0.632 0.123 0.977 0.288 0.226 0.018 0.617 0.242 0.428 0.614 0.982 0.989 0.378 0.451 0.381 0.044 0.046 0.994 0.572 0.524 0.552 0.761 0.627 0.884 0.944 0.869 0.496 0.704 0.578 0.609 0.831 0.643 0.949 0.779 0.702 0.810 0.384 0.386 0.542 0.270 0.161 0.202 0.523 0.706 0.597 0.251 0.707 0.827 0.869 0.016 0.825 0.142 0.382 0.282 0.630 0.253 0.995 0.336 0.800 0.514 0.794 0.498 0.951 0.240 0.686 0.687 0.505 0.685 0.639 0.035 0.622 0.763 0.613 0.919 0.614 0.562 0.600 0.249 0.574 0.013 0.855 0.020 0.956 0.213 0.883 0.960 0.797 0.927 0.620 0.571 0.112 0.655 0.213 0.178 0.799 0.874 0.198 0.331 0.813 0.252 0.208 0.499 0.003 0.826 0.182 0.668 0.694 0.093 0.415 0.655 0.300 0.652 0.832 0.624 0.203 0.007 0.063 0.932 0.587 0.531 0.159 0.491 0.927 0.887 0.034 0.242 0.826 0.999 0.297 0.982 0.849 0.685 0.036 0.219 0.946 0.880 0.341 0.709 0.138 0.710 0.757 0.002 0.096 0.660 0.024 0.244 0.262 0.878 0.801 0.943 0.844 0.773 0.514 0.842 0.025 0.637 0.321 0.130 0.980 0.576 0.986 0.985 0.215 0.043 0.125 0.255 0.555 0.402 0.330 0.093 0.425 0.361 0.184 0.565 0.825 0.372 0.590 0.628 0.927 0.060 0.320 0.323 0.110 0.985 0.076 0.955 0.964 0.861 0.727 0.110 0.559 0.036 0.685 0.743 0.792 0.082 0.523 0.117 0.735 0.445 0.331 0.875 0.264 0.412 0.712 0.788 0.649 0.997 0.334 0.633 0.666 0.460 0.284 0.036 0.794 0.713 0.362 0.994 0.789 0.741 0.709 0.147 0.041 0.179 0.758 0.159 0.604 0.680 0.220 0.955 0.106 0.716 0.710 0.615 0.992 0.200 0.767 0.245 0.160 0.978 0.230 0.003 0.336 0.543 0.476 0.486 0.674 0.917 0.586 0.131 0.409 0.014 0.842 0.704 0.883 0.758 0.145 0.191 0.678 0.692 0.561 0.435 0.607 0.354 0.075 0.634 0.886 0.860 0.163 0.532 0.390 0.642 0.255 0.890 0.211 0.419 0.065 0.757 0.940 0.682 0.881 0.972 0.547 0.481 0.001 0.817 0.785 0.719 0.945 0.616 0.101 0.448 0.488 0.339 0.200 0.542 0.206 0.925 0.979 0.978 0.888 0.358 0.371 0.153 0.145 0.874 0.820 0.287 0.915 0.232 0.268 0.197 0.288 0.712 0.894 0.608 0.062 0.047 0.120 0.911 0.281 0.181 0.213 0.920 0.650 0.132 0.938 0.541 0.146 0.269 0.046 0.305 0.381 0.045 0.040 0.797 0.176 0.661 0.872 0.452 0.075 0.279 0.561 0.316 0.018 0.781 0.723 0.278 0.111 0.596 0.812 0.050 0.619 0.156 0.548 0.570 0.738 0.500 0.332 0.048 0.632 0.637 0.223 0.769 0.076 0.279 0.573 0.517 0.287 0.024 0.051 0.583 0.761 0.952 0.352 0.770 0.421 0.309 0.455 0.461 0.198 0.281 0.587 0.908 0.196 0.688 0.581 0.361 0.139 0.731 0.434 0.700 0.967 0.269 0.391 0.463 0.933 0.711 0.969 0.761 0.319 0.835 0.989 0.559 0.301 0.320 0.547 0.554 0.121 0.194 0.267 0.384 0.176 0.310 0.571 0.518 0.236 0.003 0.011 0.761 0.207 0.070 0.468 0.146 0.240 0.437 0.089 0.614 0.491 0.262 0.521 0.803 0.528 0.118 0.442 0.605 0.496 0.237 0.694 0.556 0.764 0.210 0.302 0.470 0.795 0.639 0.272 0.065 0.531 0.325 0.797 0.085 0.721 0.450 0.786 0.037 0.417 0.798 0.929 0.659 0.692 0.083 0.938 0.441 0.240 0.182 0.036 0.601 0.153 0.857 0.706 0.193 0.240 0.975 0.703 0.092 0.773 0.582 0.265 0.122 0.046 0.461 0.549 0.703 0.556 0.905 0.335 0.287 0.795 0.428 0.657 0.333 0.747 0.815 0.429 0.796 0.644 0.929 0.771 0.475 0.343 0.740 0.200 0.803 0.361 0.383 0.916 0.709 0.982 0.710 0.651 0.873 0.895 0.315 0.978 0.086 0.047 0.560 0.995 0.588 0.494 0.498 0.271 0.149 0.555 0.236 0.968 0.927 0.909 0.827 0.216 0.649 0.340 0.678 0.783 0.548 0.533 0.408 0.369 0.417 0.513 0.478 0.221 0.806 0.352 0.705 0.488 0.527 0.143 0.382 0.165 0.837 0.006 0.270 0.671 0.163 0.599 0.978 0.171 0.518 0.052 0.187 0.157 0.813 0.809 0.608 0.785 0.046 0.718 0.585 0.282 0.247 0.241 0.898 0.998 0.426 0.090 0.178 0.385 0.016 0.811 0.157 0.854 0.549 0.949 0.038 0.054 0.346 0.544 0.443 0.288 0.439 0.572 0.513 0.177 0.129 0.005 0.755 0.863 0.274 0.933 0.907 0.272 0.843 0.458 0.893 0.393 0.642 0.352 0.548 0.581 0.469 0.141 0.649 0.347 0.148 0.763 0.110 0.033 0.304 0.242 0.808 0.706 0.503 0.456 0.501 0.983 0.669 0.931 0.646 0.150 0.184 0.867 0.733 0.900 0.200 0.633 0.281 0.479 0.713 0.146 0.607 0.164 0.308 0.786 0.579 0.442 0.674 0.038 0.179 0.728 0.932 0.763 0.993 0.304 0.405 0.963 0.367 0.234 0.895 0.060 0.660 0.638 0.632 0.159 0.578 0.101 0.178 0.274 0.212 0.967 0.410 0.166 0.207 0.358 0.051 0.058 0.501 0.296 0.319 0.039 0.735 0.574 0.724 0.288 0.230 0.728 0.348 0.786 0.237 0.422 0.968 0.797 0.002 0.350 0.986 0.988 0.371 0.071 0.865 0.728 0.828 0.355 0.151 0.429 0.717 0.339 0.101 0.352 0.954 0.470 0.877 0.167 0.808 0.830 0.382 0.539 0.225 0.060 0.473 0.991 0.590 0.754 0.677 0.932 0.175 0.334 0.916 0.169 0.732 0.898 0.606 0.232 0.740 0.289 0.065 0.850 0.198 0.447 0.848 0.047 0.556 0.795 0.708 0.024 0.402 0.680 0.332 0.874 0.272 0.910 0.154 0.350 0.742 0.018 0.486 0.872 0.644 0.129 0.444 0.967 0.139 0.352 0.878 0.963 0.794 0.325 0.772 0.574 0.500 0.552 0.631 0.926 0.071 0.070 0.390 0.677 0.171 0.472 0.567 0.908 0.386 0.412 0.631 0.726 0.723 0.647 0.313 0.737 0.196 0.654 0.190 0.653 0.732 0.572 0.654 0.478 0.472 0.285 0.330 0.887 0.456 0.449 0.065 0.531 0.857 0.603 0.812 0.114 0.890 0.199 0.929 0.973 0.018 0.537 0.331 0.845 0.324 0.001 0.832 0.537 0.636 0.412 0.675 0.315 0.497 0.084 0.180 0.475 0.045 0.667 0.339 0.122 0.090 0.385 0.864 0.208 0.070 0.963 0.896 0.791 0.376 0.912 0.067 0.158 0.008 0.178 0.015 0.446 0.587 0.181 0.411 0.496 0.156 0.254 0.778 0.044 0.737 0.155 0.943 0.417 0.249 0.672 0.759 0.765 0.022 0.192 0.197 0.730 0.229 0.885 0.046 0.002 0.129 0.704 0.296 0.039 0.069 0.488 0.779 0.475 0.297 0.170 0.186 0.599 0.338 0.542 0.049 0.481 0.333 0.655 0.041 0.035 0.779 0.752 0.072 0.086 0.309 0.639 0.744 0.820 0.907 0.733 0.811 0.231 0.610 0.188 0.138 0.064 0.949 0.472 0.705 0.816 0.063 0.536 0.254 0.287 0.060 0.716 0.402 0.569 0.736 0.483 0.278 0.962 0.076 0.683 0.022 0.277 0.929 0.525 0.004 0.567 0.201 0.178 0.297 0.718 0.087 0.858 0.165 0.761 0.962 0.745 0.265 0.055 0.171 0.969 0.545 0.166 0.856 0.903 0.032 0.054 0.957 0.936 0.518 0.167 0.293 0.401 0.993 0.840 0.675 0.673 0.659 0.999 0.428 0.933 0.046 0.773 0.354 0.465 0.383 0.375 0.826 0.868 0.584 0.293 0.540 0.068 0.188 0.274 0.210 0.855 0.774 0.418 0.807 0.891 0.309 0.974 0.196 0.999 0.194 0.592 0.389 0.822 0.365 0.761 0.327 0.615 0.941 0.679 0.709 0.563 0.196 0.837 0.434 0.018 0.854 0.811 0.359 0.663 0.497 0.379 0.809 0.062 0.314 0.400 0.838 0.985 0.350 0.391 0.884 0.727 0.181 0.895 0.413 0.130 0.229 0.102 0.022 0.802 0.472 0.835 0.176 0.505 0.807 0.161 0.338 0.788 0.912 0.926 0.983 0.027 0.074 0.047 0.231 0.852 0.854 0.344 0.630 0.301 0.384 0.134 0.273 0.112 0.711 0.098 0.637 0.686 0.127 0.928 0.188 0.655 0.831 0.887 0.860 0.973 0.611 0.135 0.586 0.790 0.807 0.560 0.587 0.845 0.486 0.551 0.037 0.659 0.750 0.901 0.795 0.998 0.459 0.705 0.425 0.518 0.082 0.717 0.570 0.858 0.468 0.251 0.107 0.004 0.042 0.012 0.354 0.026 0.989 0.293 0.285 0.881 0.631 0.224 0.642 0.003 0.231 0.826 0.893 0.648 0.653 0.648 0.015 0.662 0.401 0.977 0.391 0.283 0.515 0.742 0.009 0.237 0.851 0.626 0.804 0.072 0.555 0.838 0.816 0.160 0.073 0.165 0.117 0.484 0.166 0.633 0.639 0.084 0.451 0.514 0.831 0.207 0.315 0.166 0.632 0.458 0.090 0.970 0.667 0.543 0.709 0.395 0.543 0.109 0.588 0.889 0.567 0.877 0.746 0.941 0.175 0.085 0.497 0.177 0.610 0.023 0.377 0.321 0.435 0.579 0.550 0.268 0.522 0.806 0.422 0.714 0.560 0.420 0.774 0.743 0.741 0.927 0.093 0.809 0.860 0.654 0.574 0.195 0.939 0.953 0.416 0.961 0.189 0.845 0.269 0.815 0.250 0.361 0.453 0.343 0.575 0.281 0.453 0.274 0.650 0.951 0.122 0.472 0.493 0.818 0.857 0.662 0.716 0.519 0.448 0.846 0.553 0.704 0.259 0.794 0.736 0.920 0.118 0.962 0.704 0.576 0.433 0.685 0.414 0.268 0.247 0.961 0.375 0.165 0.582 0.737 0.173 0.900 0.012 0.364 0.106 0.840 0.889 0.353 0.779 0.942 0.494 0.424 0.353 0.516 0.156 0.153 0.367 0.978 0.180 0.362 0.713 0.577 0.389 0.073 0.198 0.133 0.849 0.848 0.071 0.864 0.665 0.725 0.230 0.693 0.091 0.850 0.935 0.711 0.678 0.202 0.221 0.727 0.714 0.130 0.931 0.116 0.360 0.844 0.409 0.239 0.459 0.945 0.060 0.237 0.597 0.561 0.502 0.200 0.089 0.260 0.926 0.008 0.846 0.230 0.758 0.255 0.438 0.807 0.984 0.327 0.019 0.472 0.367 0.447 0.452 0.255 0.778 0.223 0.800 0.030 0.872 0.987 0.853 0.808 0.407 0.441 0.061 0.280 0.001 0.171 0.013 0.048 0.631 0.372 0.897 0.769 0.804 0.356 0.164 0.874 0.943 0.611 0.569 0.219 0.180 0.151 0.390 0.722 0.518 0.281 0.216 0.507 0.347 0.926 0.872 0.201 0.520 0.056 0.544 0.919 0.898 0.025 0.729 0.145 0.320 0.429 0.292 0.882 0.305 0.005 0.130 0.968 0.490 0.280 0.073 0.915 0.402 0.991 0.130 0.316 0.293 0.687 0.551 0.476 0.151 0.958 0.114 0.929 0.013 0.019 0.224 0.052 0.689 0.554 0.065 0.438 0.177 0.677 0.701 0.471 0.620 0.491 0.632 0.426 0.735 0.778 0.140 0.960 0.472 0.911 0.502 0.638 0.591 0.887 0.722 0.142 0.219 0.294 0.434 0.724 0.580 0.192 0.972 0.080 0.908 0.081 0.141 0.829 0.453 0.102 0.532 0.196 0.066 0.570 0.069 0.999 0.714 0.101 0.566 0.449 0.062 0.287 0.515 0.186 0.577 0.446 0.455 0.092 0.794 0.607 0.235 0.306 0.283 0.323 0.353 0.013 0.632 0.193 0.453 0.078 0.560 0.839 0.069 0.833 0.690 0.978 0.184 0.565 0.795 0.642 0.124 0.988 0.087 0.371 0.345 0.632 0.705 0.009 0.336 0.397 0.090 0.368 0.156 0.053 0.019 0.803 0.425 0.019 0.846 0.364 0.998 0.217 0.777 0.082 0.718 0.656 0.340 0.890 0.055 0.405 0.962 0.385 0.235 0.090 0.941 0.583 0.650 0.850 0.151 0.391 0.489 0.584 0.302 0.712 0.661 0.026 0.178 0.552 0.792 0.245 0.807 0.295 0.513 0.947 0.665 0.394 0.686 0.359 0.090 0.834 0.570 0.568 0.437 0.541 0.577 0.600 0.876 0.441 0.104 0.821 0.920 0.102 0.064 0.837 0.603 0.872 0.241 0.162 0.564 0.464 0.333 0.950 0.691 0.896 0.707 0.914 0.807 0.249 0.303 0.694 0.384 0.919 0.335 0.142 0.131 0.973 0.833 0.155 0.392 0.110 0.686 0.657 0.517 0.583 0.682 0.306 0.427 0.370 0.642 0.675 0.319 0.732 0.352 0.811 0.205 0.828 0.035 0.718 0.171 0.531 0.127 0.141 0.876 0.137 0.708 0.511 0.511 0.829 0.990 0.986 0.693 0.054 0.254 0.404 0.185 0.816 0.618 0.226 0.801 0.263 0.450 0.181 0.109 0.720 0.519 0.129 0.174 0.793 0.889 0.051 0.738 0.819 0.312 0.264 0.974 0.752 0.698 0.809 0.187 0.450 0.141 0.901 0.539 0.494 0.136 0.204 0.708 0.725 0.177 0.915 0.365 0.759 0.722 0.178 0.609 0.166 0.760 0.045 0.038 0.891 0.160 0.180 0.719 0.274 0.302 0.297 0.830 0.350 0.860 0.551 0.498 0.989 0.685 0.782 0.385 0.197 0.804 0.949 0.796 0.048 0.046 0.630 0.191 0.574 0.014 0.717 0.085 0.331 0.488 0.151 0.735 0.270 0.790 0.831 0.570 0.434 0.542 0.886 0.239 0.525 0.292 0.044 0.474 0.734 0.323 0.498 0.921 0.022 0.268 0.564 0.886 0.687 0.614 0.508 0.351 0.926 0.616 0.325 0.087 0.668 0.883 0.249 0.862 0.235 0.703 0.529 0.079 0.065 0.257 0.134 0.573 0.876 0.339 0.346 0.751 0.015 0.040 0.762 0.927 0.474 0.473 0.173 0.764 0.301 0.419 0.979 0.355 0.677 0.891 0.157 0.483 0.583 0.863 0.963 0.358 0.567 0.373 0.295 0.506 0.757 0.448 0.043 0.318 0.436 0.990 0.127 0.558 0.068 0.996 0.390 0.089 0.846 0.207 0.116 0.204 0.845 0.045 0.266 0.292 0.132 0.069 0.618 0.588 0.371 0.202 0.428 0.683 0.042 0.065 0.212 0.488 0.660 0.966 0.375 0.263 0.320 0.584 0.283 0.366 0.610 0.301 0.539 0.394 0.426 0.292 0.516 0.396 0.330 0.089 0.342 0.749 0.343 0.192 0.677 0.668 0.843 0.413 0.884 0.171 0.836 0.059 0.223 0.633 0.934 0.689 0.757 0.541 0.277 0.429 0.739 0.224 0.732 0.713 0.258 0.741 0.804 0.796 0.221 0.535 0.619 0.114 0.984 0.638 0.222 0.793 0.711 0.874 0.555 0.773 0.358 0.972 0.842 0.259 0.006 0.325 0.925 0.542 0.638 0.686 0.580 0.024 0.519 0.725 0.654 0.439 0.897 0.166 0.332 0.917 0.958 0.053 0.432 0.528 0.703 0.675 0.454 0.051 0.421 0.752 0.771 0.802 0.043 0.117 0.867 0.201 0.737 0.508 0.540 0.506 0.575 0.949 0.765 0.958 0.942 0.143 0.332 0.912 0.639 0.185 0.878 0.360 0.698 0.184 0.356 0.873 0.565 0.054 0.603 0.384 0.293 0.877 0.707 0.372 0.390 0.682 0.757 0.044 0.283 0.868 0.618 0.977 0.263 0.072 0.168 0.681 0.355 0.003 0.669 0.684 0.320 0.127 0.255 0.377 0.721 0.788 0.963 0.075 0.092 0.726 0.111 0.776 0.939 0.598 0.847 0.556 0.488 0.090 0.388 0.338 0.247 0.068 0.841 0.126 0.477 0.755 0.492 0.748 0.784 0.555 0.283 0.699 0.674 0.045 0.522 0.242 0.678 0.209 0.593 0.893 0.687 0.647 0.849 0.979 0.037 0.608 0.721 0.523 0.545 0.510 0.732 0.928 0.167 0.909 0.653 0.670 0.748 0.559 0.942 0.222 0.148 0.596 0.648 0.843 0.842 0.176 0.658 0.351 0.414 0.139 0.510 0.260 0.121 0.152 0.095 0.687 0.594 0.270 0.652 0.789 0.209 0.774 0.076 0.306 0.851 0.082 0.838 0.372 0.925 0.195 0.734 0.065 0.440 0.525 0.092 0.960 0.516 0.308 0.902 0.621 0.808 0.462 0.412 0.686 0.688 0.782 0.364 0.815 0.988 0.042 0.327 0.999 0.368 0.502 0.095 0.308 0.115 0.637 0.741 0.293 0.760 0.887 0.908 0.242 0.388 0.453 0.005 0.839 0.132 0.083 0.288 0.486 0.374 0.162 0.112 0.042 0.592 0.166 0.005 0.300 0.160 0.236 0.511 0.433 0.216 0.307 0.811 0.654 0.769 0.264 0.012 0.675 0.217 0.332 0.994 0.520 0.490 0.904 0.797 0.081 0.070 0.504 0.531 0.397 0.361 0.228 0.343 0.821 0.350 0.571 0.364 0.544 0.069 0.453 0.670 0.784 0.749 0.988 0.493 0.398 0.666 0.875 0.041 0.924 0.440 0.631 0.289 0.844 0.877 0.284 0.321 0.154 0.111 0.533 0.008 0.536 0.582 0.449 0.883 0.717 0.924 0.587 0.546 0.307 0.254 0.196 0.686 0.026 0.472 0.892 0.530 0.552 0.841 0.070 0.838 0.748 0.227 0.647 0.951 0.205 0.131 0.996 0.810 0.661 0.021 0.517 0.342 0.269 0.694 0.240 0.956 0.701 0.512 0.872 0.540 0.491 0.199 0.259 0.177 0.921 0.235 0.973 0.966 0.392 0.428 0.071 0.997 0.773 0.125 0.290 0.178 0.592 0.641 0.781 0.850 0.920 0.022 0.854 0.841 0.759 0.809 0.007 0.346 0.449 0.053 0.611 0.917 0.222 0.031 0.937 0.374 0.727 0.993 0.392 0.077 0.172 0.849 0.969 0.814 0.008 0.421 0.023 0.654 0.086 0.255 0.840 0.208 0.759 0.963 0.463 0.725 0.329 0.102 0.298 0.171 0.457 0.408 0.339 0.079 0.929 0.885 0.903 0.682 0.844 0.501 0.586 0.558 0.545 0.789 0.618 0.679 0.025 0.515 0.486 0.368 0.489 0.140 0.189 0.580 0.544 0.481 0.270 0.382 0.540 0.144 0.257 0.061 0.457 0.106 0.930 0.857 0.099 0.750 0.008 0.582 0.971 0.250 0.962 0.788 0.795 0.876 0.950 0.915 0.436 0.846 0.318 0.413 0.569 0.739 0.047 0.491 0.809 0.192 0.429 0.260 0.721 0.267 0.920 0.534 0.225 0.522 0.577 0.845 0.455 0.648 0.846 0.383 0.489 0.996 0.278 0.815 0.750 0.581 0.240 0.191 0.079 0.884 0.728 0.678 0.543 0.955 0.277 0.794 0.080 0.706 0.747 0.786 0.757 0.768 0.883 0.306 0.590 0.262 0.408 0.790 0.655 0.760 0.019 0.073 0.335 0.336 0.148 0.416 0.508 0.015 0.213 0.585 0.422 0.385 0.268 0.430 0.073 0.802 0.746 0.539 0.859 0.520 0.662 0.394 0.542 0.021 0.544 0.534 0.404 0.475 0.025 0.352 0.938 0.782 0.942 0.348 0.696 0.204 0.478 0.265 0.395 0.246 0.109 0.043 0.238 0.190 0.457 0.947 0.024 0.844 0.644 0.065 0.842 0.684 0.020 0.576 0.328 0.860 0.011 0.899 0.661 0.635 0.412 0.242 0.036 0.485 0.559 0.188 0.307 0.850 0.384 0.908 0.310 0.983 0.296 0.400 0.661 0.398 0.309 0.669 0.391 0.537 0.952 0.130 0.711 0.154 0.665 0.407 0.301 0.065 0.332 0.987 0.207 0.134 0.500 0.429 0.070 0.183 0.470 0.492 0.233 0.508 0.992 0.696 0.391 0.502 0.442 0.133 0.794 0.788 0.551 0.757 0.124 0.966 0.806 0.052 0.313 0.844 0.520 0.400 0.014 0.951 0.475 0.104 0.228 0.764 0.001 0.479 0.535 0.096 0.828 0.722 0.903 0.372 0.495 0.130 0.602 0.261 0.497 0.962 0.475 0.195 0.421 0.994 0.569 0.389 0.628 0.484 0.220 0.804 0.265 0.029 0.848 0.082 0.571 0.846 0.632 0.588 0.207 0.729 0.566 0.432 0.347 0.169 0.009 0.185 0.896 0.841 0.444 0.840 0.855 0.985 0.080 0.079 0.012 0.804 0.202 0.300 0.582 0.946 0.310 0.170 0.860 0.405 0.490 0.369 0.523 0.617 0.316 0.799 0.786 0.800 0.168 0.211 0.578 0.316 0.483 0.501 0.837 0.800 0.641 0.643 0.627 0.199 0.417 0.380 0.914 0.917 0.087 0.661 0.472 0.530 0.768 0.349 0.691 0.362 0.121 0.257 0.076 0.561 0.389 0.869 0.149 0.934 0.068 0.550 0.773 0.472 0.417 0.566 0.237 0.929 0.785 0.221 0.859 0.950 0.674 0.247 0.842 0.973 0.457 0.714 0.385 0.503 0.605 0.144 0.720 0.553 0.100 0.369 0.417 0.739 0.451 0.653 0.608 0.067 0.658 0.970 0.263 0.532 0.674 0.605 0.503 0.391 0.093 0.867 0.223 0.459 0.043 0.401 0.016 0.512 0.619 0.949 0.240 0.007 0.389 0.095 0.575 0.336 0.448 0.818 0.971 0.931 0.606 0.468 0.982 0.446 0.836 0.071 0.697 0.147 0.463 0.724 0.289 0.051 0.496 0.872 0.128 0.774 0.665 0.459 0.901 0.335 0.795 0.774 0.967 0.307 0.131 0.582 0.581 0.720 0.302 0.675 0.270 0.566 0.701 0.684 0.789 0.848 0.673 0.571 0.400 0.082 0.302 0.645 0.439 0.761 0.551 0.735 0.822 0.652 0.989 0.941 0.519 0.830 0.489 0.500 0.712 0.657 0.888 0.866 0.003 0.879 0.465 0.802 0.367 0.374 0.097 0.777 0.158 0.109 0.465 0.388 0.705 0.508 0.992 0.841 0.276 0.147 0.059 0.802 0.757 0.475 0.551 0.982 0.228 0.794 0.929 0.509 0.481 0.841 0.619 0.696 0.981 0.358 0.931 0.758 0.639 0.759 0.755 0.845 0.105 0.661 0.376 0.558 0.254 0.327 0.056 0.519 0.789 0.466 0.232 0.733 0.481 0.059 0.774 0.016 0.613 0.114 0.003 0.320 0.893 0.432 0.121 0.221 0.740 0.502 0.819 0.617 0.432 0.741 0.583 0.005 0.877 0.979 0.475 0.680 0.764 0.057 0.355 0.031 0.107 0.047 0.798 0.889 0.105 0.893 0.485 0.986 0.393 0.549 0.056 0.247 0.234 0.304 0.226 0.443 0.047 0.237 0.236 0.303 0.717 0.007 0.047 0.752 0.379 0.473 0.045 0.373 0.673 0.292 0.031 0.675 0.231 0.565 0.543 0.001 0.487 0.910 0.099 0.613 0.826 0.822 0.897 0.170 0.505 0.669 0.782 0.546 0.140 0.294 0.287 0.068 0.687 0.756 0.052 0.929 0.522 0.812 0.899 0.104 0.063 0.777 0.163 0.765 0.452 0.085 0.154 0.460 0.518 0.817 0.209 0.662 0.574 0.191 0.457 0.412 0.313 0.961 0.727 0.809 0.556 0.543 0.827 0.747 0.522 0.138 0.102 0.795 0.563 0.255 0.232 0.539 0.316 0.506 0.503 0.931 0.594 0.886 0.464 0.182 0.203 0.323 0.051 0.015 0.570 0.644 0.112 0.454 0.931 0.645 0.899 0.986 0.022 0.553 0.260 0.187 0.863 0.898 0.795 0.840 0.672 0.970 0.024 0.483 0.180 0.790 0.611 0.733 0.014 0.748 0.674 0.752 0.884 0.119 0.162 0.733 0.696 0.812 0.044 0.688 0.739 0.028 0.960 0.882 0.725 0.237 0.903 0.264 0.927 0.920 0.299 0.147 0.792 0.256 0.910 0.812 0.896 0.196 0.898 0.598 0.793 0.248 0.490 0.655 0.641 0.582 0.391 0.768 0.679 0.987 0.284 0.042 0.710 0.508 0.421 0.805 0.668 0.804 0.574 0.934 0.146 0.082 0.017 0.705 0.123 0.143 0.911 0.750 0.519 0.376 0.765 0.593 0.199 0.226 0.549 0.477 0.951 0.884 0.606 0.971 0.303 0.440 0.501 0.147 0.100 0.549 0.301 0.221 0.420 0.335 0.048 0.570 0.602 0.622 0.222 0.100 0.473 0.717 0.539 0.760 0.710 0.389 0.455 0.100 0.972 0.363 0.862 0.256 0.718 0.414 0.887 0.192 0.613 0.491 0.081 0.013 0.129 0.156 0.515 0.070 0.278 0.783 0.306 0.272 0.675 0.275 0.889 0.067 0.195 0.242 0.554 0.362 0.201 0.889 0.798 0.864 0.216 0.490 0.888 0.234 0.482 0.625 0.463 0.656 0.202 0.901 0.659 0.935 0.273 0.599 0.712 0.701 0.045 0.276 0.525 0.338 0.648 0.141 0.261 0.249 0.098 0.741 0.981 0.613 0.660 0.707 0.168 0.444 0.634 0.850 0.702 0.187 0.935 0.246 0.512 0.790 0.674 0.243 0.236 0.354 0.764 0.408 0.679 0.327 0.815 0.831 0.987 0.497 0.174 0.439 0.637 0.236 0.745 0.374 0.481 0.435 0.284 0.348 0.673 0.428 0.460 0.669 0.452 0.746 0.919 0.559 0.593 0.996 0.493 0.502 0.783 0.525 0.377 0.715 0.466 0.970 0.433 0.866 0.970 0.944 0.703 0.384 0.326 0.180 0.338 0.261 0.994 0.217 0.792 0.922 0.775 0.979 0.397 0.724 0.661 0.159 0.833 0.483 0.583 0.495 0.934 0.918 0.944 0.852 0.530 0.477 0.324 0.738 0.269 0.136 0.228 0.028 0.739 0.182 0.073 0.623 0.434 0.416 0.418 0.940 0.271 0.092 0.717 0.702 0.119 0.171 0.120 0.493 0.682 0.237 0.213 0.571 0.962 0.281 0.599 0.751 0.569 0.837 0.739 0.330 0.056 0.954 0.120 0.598 0.276 0.764 0.771 0.679 0.451 0.696 0.118 0.271 0.495 0.806 0.166 0.275 0.886 0.237 0.474 0.618 0.915 0.301 0.776 0.734 0.340 0.171 0.664 0.920 0.701 0.355 0.528 0.315 0.810 0.105 0.946 0.822 0.782 0.732 0.938 0.032 0.287 0.739 0.114 0.230 0.467 0.324 0.314 0.145 0.778 0.133 0.681 0.985 0.113 0.644 0.559 0.714 0.245 0.756 0.927 0.946 0.696 0.235 0.248 0.078 0.554 0.256 0.039 0.104 0.745 0.534 0.332 0.064 0.464 0.499 0.921 0.026 0.645 0.742 0.439 0.177 0.516 0.982 0.277 0.427 0.634 0.234 0.189 0.857 0.563 0.749 0.264 0.977 0.170 0.970 0.438 0.466 0.419 0.401 0.924 0.701 0.364 0.076 0.521 0.576 0.085 0.322 0.095 0.498 0.710 0.898 0.084 0.606 0.154 0.782 0.653 0.840 0.783 0.221 0.420 0.858 0.873 0.296 0.574 0.950 0.649 0.231 0.134 0.881 0.204 0.015 0.688 0.290 0.850 0.402 0.777 0.407 0.558 0.771 0.215 0.714 0.670 0.960 0.281 0.350 0.734 0.902 0.541 0.149 0.347 0.533 0.106 0.839 0.428 0.765 0.832 0.733 0.213 0.212 0.804 0.846 0.936 0.154 0.449 0.451 0.169 0.407 0.421 0.200 0.482 0.711 0.408 0.625 0.794 0.502 0.681 0.392 0.005 0.794 0.235 0.639 0.857 0.186 0.353 0.963 0.863 0.547 0.986 0.976 0.962 0.456 0.390 0.291 0.547 0.554 0.682 0.628 0.190 0.163 0.470 0.296 0.860 0.472 0.913 0.813 0.758 0.122 0.752 0.632 0.449 0.652 0.369 0.570 0.604 0.174 0.640 0.610 0.073 0.485 0.668 0.171 0.160 0.136 0.831 0.938 0.106 0.449 0.398 0.163 0.948 0.941 0.287 0.025 0.748 0.700 0.527 0.012 0.177 0.945 0.396 0.342 0.426 0.975 0.424 0.487 0.743 0.056 0.216 0.729 0.298 0.489 0.201 0.875 0.420 0.804 0.192 0.273 0.600 0.260 0.791 0.432 0.193 0.739 0.626 0.034 0.657 0.580 0.381 0.290 0.598 0.943 0.474 0.100 0.605 0.019 0.429 0.758 0.437 0.240 0.897 0.063 0.150 0.582 0.196 0.401 0.743 0.415 0.035 0.058 0.770 0.245 0.784 0.405 0.365 0.476 0.708 0.871 0.818 0.643 0.712 0.030 0.313 0.897 0.502 0.274 0.831 0.415 0.005 0.759 0.606 0.343 0.968 0.687 0.213 0.124 0.664 0.224 0.949 0.345 0.250 0.083 0.120 0.169 0.731 0.082 0.982 0.836 0.149 0.988 0.085 0.940 0.298 0.239 0.118 0.517 0.799 0.728 0.152 0.143 0.515 0.083 0.386 0.602 0.844 0.482 0.831 0.694 0.387 0.473 0.847 0.933 0.191 0.129 0.964 0.102 0.088 0.742 0.159 0.476 0.069 0.851 0.119 0.869 0.489 0.834 0.226 0.442 0.116 0.831 0.605 0.755 0.321 0.205 0.102 0.869 0.653 0.120 0.367 0.493 0.129 0.994 0.128 0.360 0.373 0.204 0.669 0.548 0.842 0.955 0.635 0.159 0.433 0.821 0.256 0.085 0.740 0.404 0.016 0.010 0.488 0.629 0.946 0.038 0.518 0.042 0.004 0.973 0.374 0.763 0.068 0.154 0.060 0.759 0.295 0.120 0.570 0.155 0.862 0.542 0.042 0.649 0.316 0.826 0.711 0.905 0.149 0.920 0.738 0.441 0.941 0.149 0.824 0.142 0.603 0.006 0.500 0.444 0.980 0.757 0.477 0.895 0.390 0.593 0.485 0.813 0.469 0.206 0.964 0.120 0.096 0.567 0.132 0.069 0.482 0.845 0.037 0.041 0.886 0.901 0.740 0.848 0.891 0.611 0.165 0.999 0.911 0.264 0.907 0.147 0.641 0.248 0.652 0.964 0.403 0.652 0.153 0.091 0.079 0.902 0.060 0.438 0.849 0.760 0.158 0.097 0.997 0.601 0.569 0.322 0.115 0.668 0.410 0.833 0.769 0.279 0.668 0.195 0.217 0.673 0.915 0.967 0.309 0.060 0.454 0.175 0.127 0.350 0.874 0.549 0.506 0.100 0.293 0.033 0.904 0.625 0.308 0.192 0.203 0.192 0.448 0.297 0.446 0.884 0.152 0.181 0.186 0.154 0.059 0.918 0.814 0.045 0.252 0.922 0.179 0.526 0.576 0.382 0.450 0.240 0.826 0.951 0.779 0.219 0.212 0.618 0.096 0.103 0.251 0.456 0.675 0.583 0.461 0.204 0.189 0.616 0.265 0.266 0.723 0.590 0.143 0.484 0.081 0.783 0.922 0.992 0.287 0.855 0.909 0.064 0.441 0.616 0.808 0.738 0.831 0.860 0.803 0.135 0.399 0.194 0.146 0.928 0.723 0.654 0.121 0.319 0.114 0.520 0.374 0.417 0.727 0.807 0.575 0.824 0.849 0.447 0.979 0.443 0.520 0.386 0.770 0.106 0.020 0.545 0.739 0.310 0.564 0.940 0.556 0.944 0.386 0.979 0.021 0.762 0.203 0.426 0.320 0.450 0.685 0.566 0.734 0.240 0.003 0.613 0.784 0.106 0.245 0.122 0.220 0.665 0.968 0.019 0.823 0.170 0.741 0.068 0.243 0.946 0.841 0.701 0.260 0.515 0.523 0.263 0.899 0.487 0.843 0.459 0.611 0.608 0.267 0.351 0.723 0.868 0.591 0.013 0.711 0.752 0.312 0.978 0.060 0.155 0.464 0.961 0.151 0.759 0.097 0.065 0.323 0.451 0.403 0.742 0.843 0.970 0.671 0.537 0.965 0.835 0.630 0.246 0.939 0.112 0.658 0.425 0.067 0.705 0.058 0.496 0.294 0.566 0.758 0.723 0.460 0.508 0.078 0.220 0.644 0.076 0.190 0.987 0.921 0.987 0.194 0.471 0.139 0.879 0.719 0.753 0.744 0.898 0.657 0.288 0.762 0.296 0.971 0.291 0.379 0.029 0.492 0.332 0.884 0.239 0.750 0.796 0.535 0.607 0.034 0.906 0.694 0.135 0.311 0.224 0.297 0.582 0.829 0.797 0.002 0.919 0.919 0.619 0.135 0.287 0.651 0.947 0.276 0.772 0.428 0.514 0.304 0.706 0.278 0.211 0.308 0.863 0.900 0.658 0.618 0.321 0.457 0.561 0.803 0.509 0.801 0.800 0.460 0.822 0.383 0.434 0.734 0.619 0.106 0.191 0.602 0.168 0.634 0.069 0.606 0.397 0.944 0.579 0.014 0.641 0.584 0.246 0.056 0.633 0.046 0.662 0.152 0.360 0.188 0.560 0.365 0.629 0.316 0.810 0.311 0.239 0.584 0.265 0.905 0.642 0.618 0.345 0.067 0.232 0.068 0.918 0.350 0.712 0.568 0.245 0.493 0.006 0.479 0.700 0.463 0.323 0.172 0.213 0.037 0.550 0.446 0.402 0.883 0.362 0.916 0.306 0.004 0.479 0.694 0.530 0.935 0.955 0.446 0.960 0.701 0.992 0.858 0.885 0.680 0.969 0.136 0.889 0.874 0.577 0.769 0.513 0.435 0.045 0.523 0.699 0.315 0.504 0.354 0.618 0.399 0.034 0.633 0.417 0.794 0.286 0.904 0.568 0.082 0.762 0.700 0.587 0.557 0.257 0.180 0.936 0.995 0.957 0.204 0.733 0.064 0.460 0.248 0.693 0.812 0.129 0.835 0.525 0.194 0.721 0.400 0.305 0.788 0.270 0.151 0.593 0.708 0.982 0.610 0.156 0.166 0.368 0.948 0.097 0.799 0.304 0.962 0.656 0.922 0.393 0.293 0.917 0.769 0.790 0.939 0.964 0.320 0.978 0.289 0.386 0.704 0.472 0.512 0.223 0.317 0.191 0.072 0.981 0.622 0.767 0.770 0.453 0.807 0.749 0.206 0.018 0.248 0.103 0.414 0.714 0.575 0.882 0.883 0.815 0.407 0.485 0.835 0.394 0.671 0.273 0.631 0.076 0.453 0.684 0.121 0.242 0.030 0.599 0.763 0.957 0.979 0.650 0.881 0.158 0.235 0.871 0.150 0.528 0.256 0.599 0.340 0.820 0.613 0.634 0.270 0.412 0.790 0.736 0.131 0.842 0.535 0.586 0.033 0.865 0.316 0.140 0.496 0.226 0.002 0.915 0.481 0.983 0.202 0.768 0.030 0.993 0.732 0.178 0.581 0.990 0.555 0.064 0.250 0.858 0.570 0.394 0.283 0.376 0.252 0.779 0.991 0.565 0.238 0.740 0.049 0.235 0.274 0.678 0.774 0.831 0.923 0.461 0.922 0.530 0.753 0.803 0.861 0.185 0.467 0.442 0.566 0.793 0.198 0.630 0.348 0.509 0.730 0.094 0.639 0.587 0.707 0.340 0.330 0.386 0.005 0.223 0.958 0.170 0.687 0.798 0.928 0.461 0.259 0.781 0.073 0.456 0.269 0.208 0.372 0.351 0.958 0.144 0.221 0.557 0.591 0.636 0.646 0.093 0.329 0.794 0.375 0.238 0.051 0.373 0.623 0.630 0.374 0.153 0.258 0.810 0.546 0.750 0.270 0.064 0.027 0.774 0.290 0.401 0.180 0.293 0.464 0.622 0.069 0.490 0.074 0.950 0.773 0.595 0.936 0.736 0.770 0.339 0.600 0.617 0.925 0.026 0.162 0.365 0.654 0.161 0.304 0.343 0.471 0.679 0.151 0.957 0.790 0.278 0.577 0.432 0.432 0.817 0.730 0.141 0.602 0.126 0.188 0.183 0.195 0.951 0.802 0.838 0.241 0.955 0.541 0.787 0.996 0.548 0.769 0.430 0.968 0.738 0.272 0.368 0.578 0.161 0.994 0.508 0.244 0.835 0.804 0.954 0.609 0.204 0.464 0.056 0.067 0.988 0.476 0.469 0.618 0.678 0.680 0.776 0.082 0.033 0.887 0.623 0.626 0.383 0.402 0.642 0.756 0.282 0.027 0.865 0.579 0.461 0.956 0.343 0.149 0.486 0.489 0.631 0.672 0.624 0.546 0.627 0.998 0.864 0.402 0.764 0.354 0.367 0.037 0.084 0.294 0.917 0.780 0.473 0.114 0.706 0.824 0.869 0.089 0.847 0.403 0.269 0.299 0.585 0.922 0.939 0.143 0.583 0.386 0.767 0.687 0.943 0.512 0.973 0.582 0.230 0.434 0.170 0.904 0.602 0.425 0.829 0.783 0.205 0.444 0.278 0.054 0.330 0.015 0.479 0.085 0.048 0.526 0.471 0.907 0.657 0.990 0.807 0.175 0.820 0.993 0.858 0.478 0.402 0.585 0.196 0.210 0.833 0.239 0.434 0.356 0.279 0.008 0.830 0.570 0.323 0.151 0.874 0.807 0.337 0.772 0.491 0.037 0.523 0.909 0.468 0.446 0.745 0.622 0.854 0.421 0.485 0.773 0.298 0.773 0.644 0.295 0.009 0.624 0.792 0.027 0.870 0.594 0.264 0.447 0.896 0.035 0.359 0.935 0.597 0.726 0.634 0.626 0.845 0.261 0.306 0.232 0.107 0.862 0.112 0.832 0.747 0.390 0.939 0.395 0.385 0.018 0.720 0.149 0.211 0.390 0.064 0.131 0.831 0.059 0.306 0.681 0.260 0.998 0.704 0.836 0.368 0.454 0.794 0.224 0.895 0.243 0.614 0.843 0.571 0.636 0.120 0.111 0.153 0.864 0.764 0.074 0.132 0.577 0.107 0.368 0.378 0.670 0.302 0.319 0.557 0.748 0.464 0.028 0.030 0.173 0.650 0.155 0.504 0.954 0.204 0.295 0.417 0.578 0.460 0.409 0.204 0.034 0.801 0.173 0.032 0.940 0.774 0.217 0.048 0.392 0.086 0.180 0.891 0.143 0.299 0.136 0.279 0.191 0.275 0.415 0.578 0.165 0.229 0.052 0.561 0.830 0.960 0.510 0.976 0.217 0.872 0.592 0.405 0.741 0.934 0.416 0.907 0.985 0.754 0.762 0.213 0.723 0.830 0.617 0.146 0.509 0.643 0.801 0.312 0.583 0.640 0.897 0.086 0.006 0.865 0.172 0.865 0.025 0.086 0.779 0.448 0.739 0.895 0.122 0.353 0.377 0.886 0.790 0.980 0.135 0.930 0.751 0.557 0.641 0.138 0.438 0.741 0.683 0.051 0.725 0.684 0.376 0.920 0.649 0.169 0.689 0.622 0.196 0.977 0.569 0.683 0.061 0.622 0.019 0.756 0.035 0.934 0.370 0.487 0.954 0.635 0.162 0.288 0.052 0.941 0.874 0.536 0.201 0.288 0.434 0.356 0.616 0.523 0.991 0.442 0.660 0.190 0.068 0.303 0.026 0.583 0.021 0.336 0.667 0.189 0.658 0.214 0.523 0.644 0.361 0.993 0.223 0.928 0.078 0.187 0.944 0.934 0.743 0.924 0.478 0.276 0.450 0.768 0.038 0.529 0.664 0.286 0.823 0.600 0.289 0.876 0.974 0.930 0.433 0.564 0.789 0.535 0.337 0.489 0.554 0.929 0.877 0.993 0.228 0.324 0.629 0.686 0.820 0.275 0.373 0.844 0.865 0.117 0.748 0.605 0.052 0.151 0.102 0.827 0.098 0.954 0.950 0.924 0.270 0.552 0.522 0.445 0.897 0.588 0.379 0.488 0.249 0.949 0.723 0.660 0.920 0.119 0.059 0.937 0.250 0.299 0.331 0.785 0.846 0.818 0.561 0.029 0.066 0.837 0.916 0.413 0.215 0.961 0.307 0.794 0.660 0.660 0.952 0.323 0.846 0.107 0.141 0.669 0.523 0.412 0.216 0.422 0.712 0.935 0.468 0.369 0.524 0.032 0.026 0.084 0.832 0.077 0.782 0.793 0.983 0.282 0.715 0.284 0.149 0.791 0.898 0.618 0.474 0.272 0.289 0.509 0.398 0.408 0.462 0.173 0.180 0.024 0.349 0.093 0.419 0.153 0.208 0.476 0.851 0.651 0.634 0.616 0.627 0.005 0.154 0.504 0.975 0.173 0.513 0.601 0.524 0.836 0.572 0.614 0.751 0.842 0.956 0.068 0.609 0.973 0.246 0.877 0.684 0.036 0.777 0.735 0.840 0.227 0.653 0.750 0.819 0.944 0.107 0.706 0.964 0.384 0.709 0.855 0.065 0.669 0.320 0.991 0.247 0.613 0.918 0.080 0.969 0.573 0.642 0.583 0.881 0.230 0.105 0.457 0.994 0.174 0.262 0.208 0.413 0.354 0.937 0.291 0.019 0.799 0.235 0.248 0.444 0.184 0.844 0.361 0.666 0.961 0.124 0.296 0.096 0.304 0.815 0.303 0.789 0.949 0.894 0.911 0.552 0.512 0.370 0.280 0.619 0.364 0.411 0.782 0.971 0.660 0.455 0.012 0.091 0.637 0.111 0.385 0.730 0.624 0.388 0.750 0.645 0.113 0.649 0.967 0.197 0.897 0.216 0.760 0.951 0.128 0.002 0.315 0.272 0.536 0.632 0.677 0.295 0.405 0.311 0.254 0.832 0.421 0.984 0.250 0.507 0.488 0.619 0.583 0.058 0.335 0.862 0.099 0.293 0.002 0.192 0.117 0.575 0.062 0.418 0.747 0.590 0.945 0.890 0.281 0.890 0.664 0.613 0.109 0.030 0.045 1.000 0.834 0.793 0.893 0.130 0.852 0.853 0.953 0.282 0.667 0.060 0.738 0.112 0.237 0.067 0.853 0.547 0.413 0.876 0.711 0.648 0.603 0.893 0.047 0.507 0.124 0.963 0.985 0.803 0.409 0.551 0.139 0.759 0.391 0.473 0.775 0.619 0.331 0.977 0.775 0.465 0.907 0.387 0.917 0.347 0.687 0.198 0.142 0.816 0.174 0.611 0.854 0.428 0.230 0.520 0.748 0.454 0.605 0.488 0.614 0.559 0.671 0.499 0.466 0.882 0.081 0.996 0.639 0.211 0.651 0.840 0.409 0.312 0.159 0.994 0.312 0.300 0.456 0.590 0.370 0.860 0.567 0.696 0.546 0.602 0.462 0.097 0.025 0.890 0.678 0.322 0.060 0.757 0.511 0.643 0.151 0.280 1.000 0.423 0.199 0.276 0.135 0.722 0.714 0.713 0.916 0.715 0.270 0.649 0.260 0.735 0.118 0.177 0.399 0.320 0.025 0.746 0.680 0.313 0.276 0.246 0.826 0.251 0.333 0.486 0.756 0.112 0.085 0.186 0.316 0.973 0.937 0.224 0.460 0.195 0.951 0.204 0.924 0.823 0.805 0.016 0.099 0.699 0.057 0.080 0.930 0.403 0.974 0.681 0.503 0.157 0.350 0.903 0.342 0.526 0.688 0.488 0.071 0.604 0.850 0.099 0.977 0.410 0.452 0.415 0.477 0.866 0.759 0.167 0.736 0.466 0.569 0.983 0.943 0.253 0.600 0.388 0.613 0.470 0.985 0.261 0.096 0.453 0.934 0.888 0.075 0.476 0.030 0.882 0.900 0.470 0.691 0.600 0.183 0.210 0.002 0.967 0.399 0.398 0.611 0.586 0.061 0.876 0.459 0.211 0.971 0.212 0.678 0.187 0.323 0.628 0.377 0.535 0.850 0.848 0.543 0.911 0.202 0.876 0.698 0.082 0.841 0.428 0.221 0.563 0.286 0.841 0.197 0.263 0.376 0.757 0.907 0.846 0.150 0.550 0.198 0.443 0.188 0.810 0.793 0.284 0.230 0.869 0.039 0.355 0.499 0.420 0.580 0.390 0.818 0.311 0.332 0.627 0.187 0.898 0.461 0.876 0.936 0.612 0.750 0.116 0.549 0.842 0.467 0.042 0.635 0.545 0.524 0.248 0.779 0.660 0.824 0.699 0.233 0.334 0.959 0.924 0.525 0.508 0.676 0.055 0.533 0.300 0.966 0.671 0.023 0.733 0.271 0.581 0.124 0.217 0.264 0.673 0.219 0.607 0.271 0.287 0.589 0.867 0.551 0.103 0.445 0.558 0.706 0.334 0.971 0.434 0.124 0.180 0.844 0.084 0.467 0.020 0.552 0.831 0.478 0.467 0.434 0.272 0.952 0.484 0.081 0.411 0.421 0.589 0.850 0.579 0.269 0.970 0.593 0.015 0.108 0.268 0.066 0.325 0.910 0.392 0.428 0.218 0.364 0.741 0.022 0.784 0.355 0.124 0.359 0.310 0.133 0.207 0.830 0.320 0.326 0.876 0.040 0.047 0.755 0.602 0.833 0.323 0.893 0.954 0.213 0.264 0.096 0.012 0.065 0.219 0.155 0.016 0.497 0.648 0.375 0.340 0.247 0.525 0.796 0.695 0.982 0.289 0.702 0.256 0.785 0.493 0.304 0.604 0.332 0.302 0.759 0.495 0.567 0.085 0.107 0.998 0.646 0.259 0.983 0.795 0.283 0.263 0.555 0.166 0.227 0.116 0.154 0.265 0.871 0.390 0.155 0.230 0.628 0.062 0.119 0.826 0.328 
ofv: -33510304.000000
Best time: 101.368
Total time:166.546 


Instance: ../Instances/KP/00Uncorrelated/n00050/kp009.txt
RKO: SA | 
Sol: 0.885 0.929 0.292 0.935 0.213 0.059 0.744 0.074 0.935 0.688 0.111 0.851 0.657 0.283 0.640 0.410 0.146 0.740 0.970 0.637 0.390 0.690 0.299 0.979 0.985 0.175 0.863 0.685 0.987 0.469 0.279 0.987 0.860 0.996 0.214 0.563 0.940 0.312 0.808 0.473 0.005 0.906 0.942 0.698 0.757 0.071 0.793 0.907 0.577 0.094 
ofv: -177283.000000
Best time: 0.088
Total time:1.001 


Instance: ../Instances/KP/00Uncorrelated/n00100/kp021.txt
RKO: SA | 
Sol: 0.323 0.995 0.949 0.601 0.009 0.875 0.900 0.531 0.839 0.757 0.327 0.192 0.150 0.391 0.897 0.140 0.306 0.111 0.573 0.627 0.540 0.342 0.032 0.192 0.919 0.122 0.834 0.524 0.454 0.779 0.280 0.553 0.370 0.430 0.539 0.769 0.005 0.281 0.986 0.594 0.700 0.423 0.903 0.928 0.536 0.542 0.939 0.973 0.952 0.262 0.771 0.916 0.960 0.869 0.612 0.888 0.921 0.896 0.722 0.441 0.041 0.572 0.646 0.716 0.359 0.358 0.067 0.512 0.847 0.636 0.796 0.617 0.221 0.337 0.844 0.988 0.159 0.761 0.059 0.466 0.141 0.507 0.927 0.676 0.930 0.578 0.900 0.844 0.604 0.760 0.831 0.630 0.599 0.320 0.393 0.193 0.695 0.032 0.025 0.717 
ofv: -417264.000000
Best time: 0.596
Total time:1.001 


Instance: ../Instances/KP/00Uncorrelated/n00200/kp087.txt
RKO: SA | 
Sol: 0.155 0.128 0.819 0.530 0.861 0.750 0.332 0.277 0.748 0.127 0.197 0.637 0.980 0.900 0.897 0.511 0.470 0.834 0.282 0.959 0.916 0.307 0.462 0.934 0.734 0.429 0.773 0.193 0.528 0.539 0.668 0.223 0.699 0.148 0.461 0.668 0.575 0.174 0.782 0.129 0.621 0.789 0.547 0.526 0.582 0.393 0.559 0.560 0.464 0.642 0.203 0.930 0.551 0.854 0.253 0.347 0.479 0.687 0.547 0.649 0.922 0.116 0.995 0.220 0.271 0.987 0.868 0.899 0.974 0.004 0.398 0.819 0.022 0.140 0.669 0.915 0.016 0.302 0.691 0.494 0.352 0.581 0.266 0.694 0.780 0.883 0.666 0.509 0.977 0.430 0.460 0.668 0.216 0.858 0.784 0.466 0.400 0.101 0.805 0.558 0.434 0.898 0.424 0.038 0.082 0.631 0.697 0.912 0.020 0.791 0.727 0.993 0.624 0.568 0.307 0.467 0.986 0.204 0.905 0.680 0.422 0.943 0.158 0.271 0.735 0.085 0.018 0.057 0.288 0.689 0.858 0.492 0.554 0.700 0.030 0.458 0.048 0.937 0.345 0.889 0.921 0.811 0.574 0.982 0.571 0.650 0.532 0.536 0.982 0.986 0.307 0.746 0.960 0.435 0.411 0.028 0.483 0.129 0.838 0.624 0.933 0.711 0.855 0.999 0.177 0.876 0.352 0.366 0.214 0.631 0.896 0.299 0.726 0.561 0.689 0.974 0.547 0.840 0.741 0.590 0.562 0.062 0.412 0.709 0.777 0.831 0.083 0.947 0.388 0.863 0.275 0.698 0.422 0.816 0.244 0.747 0.953 0.568 0.852 0.508 
ofv: -747275.000000
Best time: 0.995
Total time:1.002 


Instance: ../Instances/KP/00Uncorrelated/n00500/kp035.txt
RKO: SA | 
Sol: 0.779 0.691 0.695 0.485 0.963 0.549 0.204 0.528 0.779 0.839 0.826 0.868 0.735 0.648 0.757 0.327 0.980 0.014 0.759 0.603 0.181 0.952 0.109 0.718 0.333 0.418 0.133 0.651 0.427 0.321 0.600 0.221 0.518 0.188 0.647 0.719 0.009 0.662 0.555 0.984 0.889 0.874 0.774 0.672 0.541 0.544 0.956 0.361 0.773 0.826 0.140 0.694 0.428 0.352 0.593 0.900 0.671 0.520 0.076 0.330 0.444 0.526 0.726 0.233 0.886 0.918 0.128 0.244 0.613 0.067 0.850 0.179 0.560 0.203 0.738 0.064 0.483 0.934 0.056 0.518 0.532 0.684 0.581 0.999 0.610 0.161 0.099 0.644 0.478 0.543 0.927 0.162 0.751 0.266 0.969 0.780 0.189 0.816 0.645 0.135 0.594 0.016 0.933 0.480 0.563 0.865 0.963 0.931 0.567 0.821 0.626 0.674 0.365 0.850 0.523 0.734 0.545 0.273 0.915 0.656 0.626 0.735 0.876 0.126 0.615 0.464 0.543 0.959 0.691 0.642 0.612 0.440 0.612 0.892 0.827 0.508 0.560 0.606 0.555 0.747 0.877 0.670 0.491 0.461 0.480 0.610 0.020 0.379 0.351 0.130 0.866 0.789 0.760 0.806 0.507 0.760 0.696 0.549 0.529 0.104 0.563 0.266 0.252 0.374 0.613 0.384 0.302 0.851 0.264 0.299 0.692 0.734 0.817 0.756 0.787 0.094 0.791 0.215 0.553 0.133 0.372 0.707 0.166 0.202 0.429 0.652 0.036 0.248 0.863 0.540 0.082 0.068 0.302 0.729 0.410 0.534 0.754 0.152 0.735 0.247 0.678 0.306 0.609 0.493 0.851 0.035 0.285 0.382 0.119 0.067 0.869 0.652 0.348 0.757 0.590 0.216 0.790 0.880 0.444 0.382 0.959 0.601 0.980 0.611 0.527 0.888 0.579 0.937 0.294 0.685 0.719 0.385 0.252 0.529 0.318 0.475 0.101 0.975 0.355 0.748 0.001 0.813 0.826 0.717 0.029 0.708 0.671 0.903 0.777 0.539 0.248 0.607 0.371 0.538 0.751 0.730 0.721 0.527 0.442 0.060 0.911 0.784 0.460 0.792 0.631 0.244 0.883 0.929 0.689 0.150 0.818 0.398 0.070 0.840 0.294 0.996 0.130 0.128 0.775 0.188 0.270 0.455 0.024 0.368 0.593 0.642 0.906 0.431 0.051 0.293 0.286 0.619 0.504 0.243 0.727 0.613 0.009 0.934 0.632 0.907 0.214 0.745 0.498 0.569 0.321 0.036 0.974 0.909 0.966 0.732 0.435 0.329 0.252 0.665 0.687 0.876 0.353 0.293 0.276 0.791 0.654 0.690 0.991 0.851 0.583 0.795 0.389 0.352 0.443 0.937 0.463 0.006 0.699 0.572 0.445 0.063 0.074 0.783 0.036 0.268 0.952 0.674 0.661 0.482 0.751 0.818 0.501 0.778 0.606 0.983 0.962 0.234 0.373 0.007 0.976 0.652 0.746 0.117 0.529 0.179 0.447 0.460 0.282 0.540 0.768 0.820 0.206 0.868 0.747 0.535 0.608 0.193 0.562 0.891 0.581 0.659 0.003 0.430 0.199 0.481 0.772 0.361 0.615 0.651 0.628 0.349 0.609 0.818 0.493 0.044 0.061 0.613 0.031 0.799 0.602 0.554 0.881 0.029 0.693 0.231 0.631 0.946 0.224 0.574 0.115 0.816 0.929 0.055 0.297 0.735 0.543 0.507 0.593 0.052 0.191 0.938 0.461 0.566 0.876 0.931 0.818 0.759 0.540 0.107 0.718 0.211 0.693 0.383 0.655 0.243 0.767 0.590 0.594 0.920 0.941 0.417 0.927 0.992 0.325 0.250 0.936 0.928 0.253 0.528 0.423 0.203 0.792 0.886 0.931 0.924 0.379 0.949 0.621 0.140 0.250 0.869 0.159 0.588 0.874 0.781 0.787 0.198 0.710 0.469 0.489 0.789 0.315 0.327 0.797 0.955 0.281 0.185 0.474 0.112 0.817 0.630 0.484 0.434 0.903 0.507 0.287 0.035 0.657 0.488 0.844 0.550 0.063 0.933 0.850 0.938 0.729 0.032 0.668 0.771 0.765 0.578 0.240 0.649 0.408 0.237 
ofv: -1756275.000000
Best time: 1.004
Total time:1.004 


Instance: ../Instances/KP/00Uncorrelated/n01000/kp005.txt
RKO: SA | 
Sol: 0.845 0.876 0.768 0.818 0.153 0.989 0.738 0.979 0.777 0.693 0.705 0.449 0.502 0.697 0.385 0.567 0.011 0.832 0.410 0.783 0.896 0.137 0.882 0.592 0.593 0.875 0.405 0.939 0.120 0.458 0.984 0.709 0.351 0.146 0.831 0.708 0.683 0.937 0.889 0.917 0.926 0.168 0.231 0.149 0.878 0.377 0.470 0.880 0.790 0.024 0.428 0.452 0.659 0.514 0.669 0.927 0.209 0.037 0.956 0.676 0.371 0.599 0.359 0.833 0.719 0.392 0.470 0.526 0.228 0.728 0.280 0.023 0.774 0.559 0.419 0.041 0.754 0.979 0.481 0.602 0.981 0.906 0.350 0.554 0.892 0.307 0.351 0.994 0.047 0.794 0.833 0.425 0.341 0.283 0.190 0.097 0.992 0.549 0.653 0.056 0.899 0.935 0.001 0.885 0.753 0.548 0.288 0.635 0.146 0.802 0.422 0.513 0.284 0.429 0.406 0.867 0.939 0.708 0.633 0.086 0.149 0.831 0.807 0.572 0.368 0.606 0.735 0.488 0.151 0.610 0.126 0.275 0.623 0.274 0.479 0.505 0.644 0.386 0.871 0.020 0.559 0.230 0.884 0.990 0.423 0.249 0.936 0.836 0.259 0.069 0.722 0.359 0.336 0.624 0.647 0.555 0.004 0.834 0.032 0.412 0.491 0.486 0.827 0.615 0.099 0.915 0.103 0.011 0.830 0.843 0.245 0.643 0.948 0.705 0.978 0.657 0.560 0.800 0.222 0.841 0.023 0.654 0.551 0.515 0.245 0.879 0.464 0.115 0.511 0.986 0.728 0.151 0.120 0.734 0.293 0.763 0.121 0.934 0.399 0.330 0.614 0.709 0.673 0.800 0.240 0.192 0.233 0.456 0.520 0.937 0.321 0.297 0.907 0.981 0.846 0.055 0.205 0.550 0.493 0.297 0.798 0.823 0.096 0.854 0.248 0.468 0.660 0.615 0.596 0.760 0.508 0.523 0.397 0.307 0.202 0.289 0.234 0.919 0.834 0.517 0.752 0.725 0.209 0.441 0.740 0.407 0.484 0.693 0.693 0.215 0.865 0.556 0.997 0.238 0.855 0.407 0.615 0.100 0.497 0.863 0.930 0.311 0.633 0.750 0.058 0.075 0.002 0.306 0.832 0.592 0.935 0.763 0.643 0.678 0.940 0.398 0.005 0.508 0.787 0.776 0.532 0.192 0.741 0.032 0.881 0.673 0.195 0.652 0.627 0.992 0.163 0.149 0.557 0.046 0.872 0.039 0.762 0.626 0.347 0.748 0.206 0.661 0.039 0.123 0.261 0.977 0.834 0.655 0.189 0.887 0.083 0.831 0.582 0.754 0.534 0.619 0.616 0.440 0.769 0.707 0.156 0.616 0.809 0.580 0.519 0.748 0.839 0.057 0.504 0.172 0.193 0.663 0.677 0.266 0.231 0.527 0.814 0.248 0.948 0.029 0.086 0.306 0.287 0.798 0.720 0.836 0.176 0.058 0.804 0.828 0.185 0.237 0.504 0.492 0.144 0.530 0.920 0.695 0.862 0.120 0.595 0.564 0.383 0.251 0.665 0.361 0.699 0.649 0.611 0.939 0.953 0.931 0.493 0.357 0.947 0.079 0.005 0.797 0.936 0.284 0.696 0.640 0.196 0.526 0.900 0.578 0.317 0.902 0.498 0.123 0.356 0.418 0.833 0.873 0.553 0.460 0.541 0.268 0.776 0.618 0.270 0.366 0.899 0.651 0.304 0.930 0.284 0.355 0.876 0.800 0.512 0.503 0.540 0.979 0.468 0.749 0.916 0.866 0.721 0.105 0.805 0.843 0.994 0.612 0.537 0.917 0.599 0.710 0.539 0.427 0.394 0.115 0.557 0.029 0.226 0.394 0.188 0.433 0.307 0.042 0.725 0.417 0.681 0.304 0.631 0.365 0.566 0.300 0.303 0.760 0.277 0.025 0.195 0.210 0.929 0.308 0.910 0.749 0.449 0.851 0.490 0.820 0.986 0.801 0.200 0.518 0.554 0.804 0.830 0.597 0.200 0.924 0.680 0.604 0.634 0.852 0.517 0.008 0.805 0.654 0.517 0.919 0.003 0.202 0.275 0.243 0.866 0.616 0.798 0.866 0.819 0.634 0.999 0.652 0.560 0.100 0.170 0.910 0.557 0.154 0.614 0.637 0.994 0.336 0.088 0.610 0.645 0.985 0.923 0.657 0.554 0.831 0.465 0.335 0.780 0.824 0.744 0.460 0.957 0.721 0.225 0.929 0.416 0.736 0.109 0.310 0.262 0.375 0.789 0.228 0.829 0.964 0.595 0.646 0.799 0.332 0.277 0.935 0.448 0.985 0.141 0.722 0.581 0.215 0.723 0.377 0.224 0.988 0.627 0.859 0.170 0.866 0.517 0.007 0.527 0.796 0.731 0.490 0.923 0.045 0.002 0.059 0.636 0.028 0.250 0.492 0.100 0.652 0.577 0.643 0.326 0.685 0.715 0.927 0.606 0.882 0.783 0.388 0.081 0.920 0.619 0.204 0.955 0.197 0.384 0.839 0.205 0.024 0.784 0.033 0.499 0.219 0.854 0.633 0.892 0.812 0.855 0.163 0.076 0.550 0.825 0.871 0.843 0.421 0.789 0.243 0.222 0.342 0.505 0.858 0.712 0.557 0.320 0.467 0.757 0.028 0.622 0.495 0.812 0.640 0.214 0.886 0.840 0.344 0.869 0.718 0.114 0.664 0.839 0.352 0.926 0.125 0.319 0.981 0.912 0.818 0.714 0.587 0.904 0.063 0.116 0.022 0.777 0.893 0.959 0.411 0.049 0.192 0.971 0.693 0.529 0.084 0.366 0.259 0.764 0.072 0.997 0.935 0.184 0.436 0.773 0.472 0.849 0.313 0.932 0.092 0.793 0.086 0.313 0.151 0.825 0.100 0.580 0.761 0.396 0.641 0.654 0.765 0.456 0.702 0.826 0.822 0.365 0.450 0.766 0.773 0.183 0.912 0.299 0.046 0.316 0.850 0.215 0.005 0.912 0.880 0.324 0.133 0.282 0.971 0.435 0.545 0.712 0.908 0.945 0.681 0.264 0.017 0.352 0.894 0.547 0.262 0.776 0.403 0.391 0.359 0.970 0.653 0.755 0.423 0.882 0.708 0.753 0.857 0.291 0.584 0.799 0.138 0.793 0.224 0.561 0.580 0.373 0.978 0.313 0.056 0.916 0.308 0.926 0.971 0.992 0.160 0.537 0.659 0.465 0.414 0.560 0.655 0.890 0.687 0.405 0.350 0.388 0.014 0.604 0.493 0.204 0.823 0.072 0.559 0.764 0.064 0.823 0.818 0.251 0.607 0.752 0.962 0.549 0.518 0.800 0.863 0.196 0.282 0.281 0.314 0.289 0.056 0.789 0.819 0.359 0.954 0.288 0.138 0.014 0.248 0.012 0.615 0.161 0.018 0.743 0.102 0.145 0.893 0.934 0.959 0.455 0.957 0.041 0.280 0.261 0.721 0.843 0.909 0.527 0.460 0.919 0.117 0.762 0.800 0.278 0.428 0.061 0.325 0.634 0.902 0.760 0.811 0.969 0.758 0.119 0.398 0.513 0.864 0.783 0.659 0.126 0.539 0.099 0.782 0.388 0.017 0.491 0.252 0.207 0.513 0.404 0.885 0.112 0.569 0.609 0.740 0.006 0.955 0.594 0.305 0.062 0.940 0.424 0.184 0.031 0.936 0.773 0.699 0.315 0.454 0.149 0.860 0.492 0.378 0.546 0.641 0.434 0.460 0.843 0.247 0.668 0.498 0.846 0.027 0.781 0.121 0.834 0.741 0.311 0.484 0.791 0.501 0.203 0.728 0.830 0.995 0.285 0.466 0.033 0.259 0.518 0.932 0.553 0.261 0.387 0.929 0.160 0.328 0.881 0.131 0.177 0.608 0.881 0.665 0.929 0.354 0.763 0.553 0.929 0.001 0.495 0.915 0.142 0.952 0.977 0.377 0.337 0.184 0.642 0.500 0.114 0.393 0.890 0.886 0.793 0.954 0.403 0.623 0.727 0.002 0.276 0.651 0.530 0.970 0.083 0.075 0.305 0.898 0.729 0.226 0.987 0.102 0.331 0.572 0.242 0.796 0.759 0.156 0.767 0.855 0.628 0.907 0.824 0.187 0.698 0.929 0.352 0.959 0.854 0.778 0.006 0.554 0.583 0.889 0.073 0.057 0.938 0.971 0.323 0.855 0.084 0.713 0.661 0.323 0.103 0.660 0.771 0.547 0.199 0.768 0.421 0.034 0.810 0.265 0.995 0.330 0.461 0.425 0.945 0.706 0.947 0.061 0.684 0.019 0.401 0.464 0.883 0.215 0.325 0.724 0.066 0.262 0.527 0.194 
ofv: -3245000.000000
Best time: 0.922
Total time:1.026 


Instance: ../Instances/KP/00Uncorrelated/n02000/kp001.txt
RKO: SA | 
Sol: 0.359 0.664 0.606 0.311 0.640 0.109 0.525 0.482 0.354 0.623 0.298 0.513 0.896 0.685 0.971 0.800 0.043 0.865 0.782 0.041 0.313 0.767 0.055 0.738 0.452 0.547 0.085 0.348 0.499 0.311 0.444 0.432 0.224 0.752 0.557 0.211 0.293 0.636 0.002 0.476 0.628 0.542 0.404 0.925 0.821 0.225 0.954 0.658 0.710 0.584 0.022 0.312 0.976 0.092 0.558 0.989 0.281 0.807 0.505 0.879 0.326 0.306 0.550 0.719 0.107 0.896 0.639 0.755 0.484 0.767 0.053 0.892 0.545 0.544 0.705 0.936 0.746 0.119 0.136 0.891 0.827 0.398 0.547 0.973 0.750 0.927 0.835 0.846 0.071 0.354 0.936 0.398 0.215 0.691 0.905 0.251 0.822 0.636 0.713 0.531 0.375 0.254 0.171 0.082 0.205 0.246 0.669 0.718 0.440 0.953 0.809 0.230 0.127 0.918 0.051 0.083 0.831 0.037 0.284 0.319 0.158 0.865 0.107 0.894 0.244 0.259 0.208 0.758 0.297 0.021 0.285 0.049 0.436 0.788 0.207 0.711 0.108 0.463 0.380 0.829 0.286 0.123 0.310 0.389 0.214 0.808 0.051 0.772 0.633 0.923 0.008 0.999 0.337 0.118 0.027 0.903 0.118 0.742 0.459 0.432 0.598 0.399 0.567 0.032 0.071 0.919 0.905 0.375 0.210 0.086 0.772 0.951 0.548 0.508 0.073 0.778 0.234 0.722 0.244 0.524 0.768 0.257 0.565 0.757 0.612 0.632 0.337 0.722 0.088 0.443 0.987 0.164 0.797 0.628 0.134 0.189 0.340 0.398 0.443 0.991 0.675 0.384 0.657 0.303 0.036 0.107 0.899 0.818 0.655 0.529 0.874 0.489 0.773 0.572 0.753 0.792 0.601 0.857 0.309 0.862 0.869 0.135 0.984 0.704 0.542 0.160 0.464 0.640 0.074 0.324 0.804 0.526 0.738 0.485 0.039 0.050 0.099 0.672 0.182 0.168 0.598 0.588 0.283 0.158 0.681 0.653 0.817 0.943 0.481 0.853 0.550 0.563 0.474 0.585 0.336 0.012 0.525 0.104 0.213 0.208 0.480 0.013 0.341 0.123 0.566 0.892 0.160 0.644 0.389 0.639 0.376 0.763 0.538 0.094 0.559 0.685 0.892 0.559 0.062 0.208 0.375 0.422 0.607 0.095 0.450 0.466 0.386 0.576 0.484 0.713 0.325 0.075 0.998 0.000 0.503 0.022 0.924 0.831 0.700 0.330 0.165 0.637 0.350 0.837 0.984 0.310 0.140 0.602 0.986 0.270 0.137 0.063 0.341 0.500 0.562 0.784 0.006 0.313 0.226 0.053 0.652 0.744 0.715 0.315 0.479 0.580 0.684 0.605 0.122 0.523 0.956 0.435 0.067 0.733 0.709 0.079 0.662 0.134 0.962 0.564 0.921 0.539 0.994 0.658 0.165 0.816 0.370 0.030 0.214 0.768 0.474 0.644 0.540 0.980 0.668 0.865 0.186 0.826 0.448 0.215 0.141 0.331 0.224 0.632 0.660 0.963 0.744 0.707 0.313 0.841 0.063 0.437 0.735 0.088 0.349 0.105 0.072 0.660 0.281 0.451 0.930 0.680 0.064 0.528 0.066 0.871 0.014 0.667 0.587 0.024 0.013 0.724 0.354 0.056 0.009 0.335 0.032 0.022 0.241 0.741 0.275 0.757 0.075 0.002 0.340 0.410 0.904 0.693 0.666 0.923 0.669 0.983 0.870 0.977 0.997 0.075 0.517 0.495 0.846 0.954 0.915 0.105 0.174 0.954 0.247 0.084 0.574 0.834 0.539 0.868 0.347 0.482 0.013 0.635 0.041 0.166 0.343 0.861 0.732 0.583 0.583 0.774 0.631 0.591 0.757 0.265 0.309 0.002 0.641 0.052 0.215 0.705 0.771 0.540 0.201 0.800 0.275 0.562 0.958 0.837 0.329 0.098 0.665 0.901 0.250 0.336 0.458 0.884 0.151 0.646 0.737 0.775 0.156 0.845 0.390 0.147 0.523 0.943 0.715 0.946 0.653 0.040 0.994 0.998 0.683 0.638 0.626 0.636 0.245 0.519 0.290 0.137 0.268 0.070 0.738 0.583 0.420 0.902 0.797 0.569 0.799 0.361 0.302 0.390 0.712 0.769 0.566 0.104 0.563 0.986 0.983 0.577 0.017 0.106 0.738 0.842 0.996 0.507 0.853 0.669 0.673 0.650 0.478 0.331 0.985 0.552 0.103 0.393 0.262 0.048 0.215 0.926 0.977 1.000 0.480 0.324 0.513 0.890 0.184 0.842 0.778 0.829 0.643 0.719 0.231 0.778 0.268 0.698 0.462 0.554 0.784 0.192 0.414 0.654 0.572 0.212 0.562 0.663 0.774 0.832 0.548 0.115 0.658 0.118 0.597 0.547 0.477 0.480 0.116 0.255 0.904 0.501 0.384 0.796 0.513 0.030 0.167 0.696 0.462 0.589 0.285 0.443 0.869 0.676 0.543 0.526 0.001 0.180 0.787 0.850 0.888 0.881 0.504 0.985 0.368 0.935 0.646 0.458 0.886 0.765 0.714 0.437 0.890 0.875 0.117 0.095 0.379 0.508 0.418 0.950 0.714 0.214 0.320 0.867 0.927 0.065 0.025 0.899 0.031 0.387 0.554 0.110 0.355 0.963 0.196 0.698 0.767 0.211 0.402 0.675 0.383 0.438 0.747 0.372 0.390 0.500 0.293 0.437 0.903 0.234 0.615 0.024 0.300 0.065 0.888 0.234 0.342 0.920 0.680 0.405 0.487 0.448 0.137 0.751 0.872 0.465 0.542 0.183 0.748 0.679 0.998 0.278 0.196 0.344 0.342 0.618 0.097 0.957 0.607 0.233 0.536 0.330 0.630 0.308 0.090 0.177 0.476 0.176 0.668 0.917 0.452 0.894 0.948 0.485 0.881 0.502 0.260 0.434 0.053 0.580 0.937 0.561 0.577 0.364 0.102 0.713 0.550 0.825 0.149 0.973 0.291 0.753 0.474 0.350 0.021 0.099 0.339 0.658 0.938 0.437 0.742 0.508 0.205 0.786 0.427 0.081 0.001 0.001 0.498 0.805 0.045 0.543 0.863 0.374 0.403 0.023 0.953 0.225 0.790 0.805 0.233 0.691 0.868 0.022 0.768 0.744 0.608 0.886 0.261 0.528 0.658 0.167 0.499 0.642 0.432 0.755 0.086 0.001 0.591 0.858 0.069 0.012 0.270 0.425 0.328 0.973 0.152 0.140 0.774 0.815 0.455 0.061 0.466 0.478 0.856 0.126 0.495 0.574 0.333 0.982 0.218 0.403 0.636 0.541 0.984 0.251 0.857 0.686 0.820 0.582 0.785 0.557 0.900 0.372 0.131 0.496 0.644 0.525 0.166 0.695 0.130 0.765 0.228 0.646 0.515 0.617 0.336 0.716 0.815 0.761 0.784 0.752 0.786 0.915 0.320 0.699 0.220 0.774 0.301 0.876 0.072 0.927 0.796 0.374 0.694 0.741 0.917 0.913 0.407 0.462 0.811 0.376 0.359 0.296 0.963 0.458 0.725 0.723 0.680 0.990 0.185 0.761 0.727 0.280 0.031 0.962 0.300 0.714 0.895 0.219 0.160 0.964 0.450 0.646 0.250 0.724 0.530 0.759 0.977 0.246 0.219 0.686 0.804 0.789 0.702 0.676 0.097 0.047 0.505 0.318 0.831 0.661 0.804 0.760 0.101 0.389 0.422 0.140 0.510 0.563 0.365 0.394 0.885 0.419 0.079 0.844 0.680 0.632 0.682 0.777 0.032 0.021 0.830 0.538 0.312 0.020 0.867 0.701 0.830 0.395 0.489 0.440 0.598 0.074 0.151 0.394 0.347 0.662 0.673 0.993 0.797 0.316 0.768 0.773 0.799 0.533 0.633 0.643 0.004 0.674 0.542 0.881 0.825 0.984 0.702 0.352 0.700 0.532 0.851 0.828 0.355 0.999 0.085 0.920 0.155 0.360 0.902 0.709 0.706 0.636 0.222 0.927 0.657 0.187 0.296 0.715 0.383 0.316 0.141 0.502 0.167 0.992 0.824 0.988 0.421 0.955 0.007 0.471 0.931 0.334 0.645 0.623 0.237 0.157 0.451 0.193 0.968 0.897 0.637 0.881 0.841 0.922 0.533 0.437 0.234 0.254 0.594 0.931 0.595 0.218 0.666 0.983 0.011 0.785 0.603 0.825 0.298 0.851 0.744 0.983 0.778 0.885 0.778 0.500 0.666 0.705 0.798 0.369 0.479 0.009 0.516 0.859 0.874 0.543 0.589 0.995 0.616 0.973 0.321 0.867 0.155 0.715 0.018 0.688 0.231 0.935 0.487 0.677 0.342 0.106 0.911 0.969 0.082 0.220 0.531 0.270 0.587 0.539 0.006 0.987 0.160 0.025 0.592 0.214 0.991 0.844 0.893 0.972 0.816 0.364 0.238 0.221 0.312 0.390 0.450 0.350 0.558 0.455 0.517 0.637 0.304 0.681 0.632 0.861 0.881 0.004 0.083 0.555 0.139 0.976 0.914 0.901 0.846 0.640 0.912 0.274 0.251 0.757 0.190 0.803 0.808 0.928 0.229 0.530 0.398 0.598 0.104 0.073 0.282 0.347 0.420 0.396 0.988 0.795 0.524 0.770 0.014 0.356 0.893 0.171 0.519 0.369 0.902 0.849 0.772 0.037 0.028 0.556 0.423 0.631 0.025 0.963 0.645 0.979 0.074 0.010 0.862 0.368 0.583 0.479 0.639 0.253 0.291 0.001 0.749 0.224 0.236 0.979 0.415 0.404 0.553 0.943 0.958 0.903 0.771 0.090 0.928 0.684 0.352 0.135 0.460 0.072 0.971 0.714 0.724 0.737 0.609 0.899 0.541 0.606 0.857 0.658 0.979 0.752 0.742 0.823 0.501 0.206 0.277 0.733 0.586 0.646 0.618 0.130 0.676 0.666 0.838 0.418 0.058 0.485 0.621 0.359 0.396 0.265 0.109 0.438 0.683 0.177 0.510 0.209 0.089 0.740 0.883 0.196 0.879 0.900 0.117 0.332 0.485 0.893 0.603 0.796 0.531 0.647 0.822 0.940 0.709 0.304 0.712 0.451 0.762 0.256 0.538 0.751 0.736 0.805 0.706 0.084 0.259 0.306 0.413 0.935 0.037 0.643 0.511 0.229 0.152 0.621 0.940 0.847 0.340 0.950 0.270 0.802 0.587 0.556 0.410 0.491 0.887 0.059 0.526 0.573 0.687 0.204 0.681 0.780 0.803 0.855 0.415 0.061 0.219 0.646 0.263 0.519 0.759 0.085 0.777 0.029 0.442 0.663 0.456 0.471 0.409 0.776 0.218 0.710 0.401 0.689 0.728 0.606 0.143 0.594 0.951 0.572 0.152 0.467 0.768 0.827 0.135 0.216 0.865 0.554 0.433 0.054 0.254 0.785 0.907 0.098 0.931 0.923 0.403 0.742 0.045 0.588 0.843 0.934 0.310 0.406 0.810 0.221 0.281 0.823 0.701 0.505 0.569 0.684 0.829 0.530 0.568 0.634 0.077 0.847 0.965 0.439 0.667 0.513 0.504 0.023 0.032 0.814 0.131 0.579 0.171 0.547 0.675 0.862 0.759 0.423 0.426 0.696 0.539 0.734 0.417 0.065 0.222 0.130 0.754 0.252 0.044 0.742 0.666 0.930 0.035 0.910 0.995 0.248 0.131 0.745 0.053 0.256 0.275 0.399 0.151 0.150 0.076 0.121 0.065 0.623 0.926 0.049 0.424 0.889 0.758 0.545 0.457 0.666 0.944 0.979 0.702 0.084 0.950 0.591 0.689 0.124 0.134 0.759 0.687 0.800 0.317 0.567 0.569 0.776 0.713 0.338 0.556 0.696 0.777 0.529 0.504 0.249 0.290 0.584 0.950 0.634 0.406 0.812 0.225 0.404 0.771 0.564 0.938 0.265 0.641 0.190 0.697 0.789 0.836 0.552 0.924 0.332 0.510 0.624 0.886 0.462 0.272 0.459 0.360 0.657 0.009 0.107 0.806 0.466 0.901 0.931 0.120 0.991 0.217 0.663 0.522 0.296 0.050 0.828 0.096 0.969 0.656 0.792 0.424 0.583 0.169 0.755 0.436 0.223 0.046 0.523 0.907 0.705 0.757 0.285 0.719 0.446 0.417 0.288 0.878 0.256 0.235 0.438 0.039 0.659 0.405 0.443 0.722 0.082 0.974 0.658 0.526 0.923 0.566 0.540 0.789 0.150 0.797 0.210 0.478 0.403 0.521 0.357 0.430 0.940 0.836 0.572 0.434 0.718 0.310 0.000 0.606 0.803 0.211 0.454 0.479 0.171 0.542 0.569 0.258 0.162 0.212 0.494 0.105 0.420 0.208 0.519 0.389 0.829 0.014 0.388 0.206 0.754 0.840 0.086 0.411 0.277 0.391 0.787 0.697 0.661 0.346 0.937 0.686 0.869 0.156 0.909 0.010 0.397 0.973 0.948 0.517 0.610 0.286 0.592 0.330 0.403 0.121 0.799 0.679 0.278 0.630 0.777 0.292 0.555 0.230 0.480 0.644 0.422 0.588 0.781 0.463 0.853 0.045 0.903 0.798 0.175 0.962 0.768 0.685 0.512 0.210 0.218 0.739 0.452 0.709 0.637 0.051 0.146 0.127 0.270 0.857 0.772 0.671 0.588 0.181 0.241 0.258 0.541 0.314 0.674 0.898 0.629 0.409 0.183 0.249 0.725 0.770 0.498 0.145 0.310 0.706 0.074 0.585 0.280 0.105 0.678 0.150 0.470 0.005 0.909 0.676 0.053 0.669 0.882 0.403 0.756 0.904 0.360 0.544 0.574 0.909 0.617 0.359 0.777 0.469 0.589 0.801 0.089 0.938 0.508 0.598 0.455 0.640 0.613 0.308 0.895 0.923 0.566 0.838 0.803 0.617 0.319 0.107 0.734 0.742 0.991 0.923 0.196 0.221 0.399 0.226 0.479 0.481 0.502 0.559 0.386 0.725 0.064 0.631 0.223 0.716 0.467 0.208 0.332 0.720 0.159 0.222 0.939 0.342 0.681 0.385 0.713 0.072 0.849 0.157 0.235 0.245 0.311 0.903 0.152 0.707 0.494 0.940 0.837 0.968 0.328 0.907 0.035 0.257 0.922 0.236 0.650 0.443 0.004 0.074 0.749 0.835 0.493 0.759 0.579 0.648 0.539 0.226 0.912 0.334 0.943 0.856 0.387 0.545 0.695 0.718 0.266 0.575 0.320 0.907 0.862 0.392 0.569 0.569 0.368 0.407 0.409 0.465 0.180 0.512 0.381 0.893 0.010 0.809 0.991 0.099 0.585 0.308 0.645 0.087 0.329 0.910 0.677 0.758 0.135 0.274 0.700 0.319 0.505 0.517 0.431 0.139 0.279 0.824 0.352 0.210 0.526 0.726 0.759 0.236 0.840 0.403 0.580 0.408 0.473 0.273 0.061 0.784 0.696 0.284 0.784 0.171 0.364 0.400 0.904 0.217 0.366 0.597 0.168 0.390 0.723 0.599 0.132 0.540 0.857 0.885 0.832 0.226 0.720 0.125 0.108 0.842 0.431 0.353 0.870 0.198 0.652 0.246 0.595 0.123 0.766 0.998 0.464 0.240 0.453 0.379 0.739 0.167 0.641 0.808 0.736 0.496 0.329 0.627 0.264 0.732 0.561 0.171 0.986 0.731 0.455 0.934 0.535 0.909 0.749 0.004 0.747 0.878 0.487 0.461 0.785 0.831 0.944 0.428 0.886 0.717 0.913 0.800 0.851 0.953 0.193 0.898 0.771 0.793 0.612 0.997 0.816 0.331 0.468 0.772 0.327 0.754 0.135 0.993 0.307 0.079 0.066 0.152 0.558 0.061 0.113 0.544 0.756 0.033 0.863 0.917 0.398 0.229 0.760 0.779 0.998 0.968 0.625 0.934 0.142 0.948 0.202 0.274 0.051 0.092 0.650 0.869 0.878 0.523 0.656 0.724 0.771 0.974 0.812 0.090 0.584 0.222 0.049 0.196 0.112 0.422 0.363 0.056 0.394 0.154 0.313 0.015 0.714 0.040 0.847 0.183 0.479 0.220 0.633 0.441 0.120 0.147 0.403 0.353 0.156 0.068 0.873 0.139 0.988 0.611 0.793 0.431 0.645 0.762 0.253 0.938 0.067 0.788 0.186 0.876 0.700 0.806 0.764 0.999 0.987 0.520 0.888 0.608 0.582 0.987 0.822 0.145 0.946 0.047 0.924 0.285 0.063 0.797 0.484 0.212 0.645 0.824 0.545 0.596 0.151 0.618 0.089 0.903 0.235 0.660 0.180 0.319 0.649 0.777 0.673 0.341 0.949 0.169 0.670 0.287 0.698 0.756 0.515 0.914 0.171 0.612 0.115 0.523 0.662 0.079 0.335 0.762 0.247 0.895 0.881 0.769 0.055 0.653 0.962 0.831 0.576 0.741 0.021 0.420 0.804 0.293 0.489 0.859 0.336 0.212 0.790 0.625 0.865 0.760 0.062 0.980 0.816 0.264 0.631 0.372 0.836 0.887 0.780 0.677 0.707 0.950 0.143 0.831 0.403 0.425 0.525 0.036 0.852 0.416 0.678 0.853 0.543 0.108 0.101 0.630 0.684 0.761 0.612 0.547 0.727 0.732 0.943 0.065 0.852 0.077 0.839 0.451 0.928 0.071 0.612 0.110 0.920 0.243 0.744 0.975 0.248 
ofv: -6077375.000000
Best time: 0.640
Total time:1.404 


Instance: ../Instances/KP/00Uncorrelated/n05000/kp072.txt
RKO: SA | 
Sol: 0.783 0.631 0.617 0.181 0.547 0.141 0.935 0.980 0.188 0.960 0.091 0.204 0.207 0.940 0.595 0.621 0.746 0.464 0.449 0.303 0.288 0.666 0.006 0.096 0.202 0.843 0.828 0.562 0.025 0.696 0.856 0.726 0.716 0.876 0.182 0.395 0.476 0.863 0.198 0.133 0.424 0.139 0.925 0.215 0.341 0.289 0.447 0.643 0.840 0.495 0.290 0.349 0.305 0.105 0.196 0.039 0.953 0.107 0.841 0.690 0.787 0.638 0.833 0.409 0.538 0.353 0.956 0.323 0.692 0.830 0.896 0.276 0.384 0.874 0.955 0.732 0.937 0.570 0.833 0.314 0.532 0.779 0.193 0.031 0.738 0.282 0.920 0.118 0.594 0.163 0.571 0.662 0.976 0.011 0.704 0.605 0.153 0.386 0.919 0.025 0.638 0.633 0.644 0.752 0.815 0.287 0.370 0.449 0.753 0.139 0.076 0.053 0.968 0.539 0.538 0.298 0.494 0.276 0.742 0.606 0.082 0.616 0.821 0.867 0.403 0.122 0.407 0.196 0.239 0.167 0.559 0.772 0.395 0.713 0.761 0.404 0.177 0.385 0.564 0.039 0.453 0.183 0.639 0.394 0.874 0.511 0.942 0.423 0.095 0.452 0.938 0.464 0.574 0.654 0.279 0.067 0.093 0.776 0.374 0.657 0.399 0.367 0.783 0.998 0.151 0.157 0.124 0.757 0.576 0.419 0.335 0.637 0.328 0.339 0.165 0.687 0.655 0.703 0.948 0.429 0.704 0.681 0.522 0.359 0.022 0.539 0.487 0.718 0.214 0.676 0.895 0.683 0.060 0.836 0.527 0.704 0.794 0.324 0.548 0.980 0.882 0.645 0.823 0.325 0.577 0.919 0.029 0.259 0.782 0.209 0.734 0.508 0.109 0.327 0.271 0.369 0.191 0.692 0.835 0.559 0.293 0.353 0.181 0.578 0.831 0.997 0.832 0.718 0.960 0.873 0.060 0.538 0.655 0.554 0.832 0.546 0.160 0.264 0.791 0.920 0.860 0.281 0.931 0.797 0.501 0.490 0.454 0.117 0.976 0.420 0.780 0.502 0.808 0.379 0.273 0.607 0.866 0.615 0.328 0.755 0.149 0.512 0.731 0.072 0.560 0.101 0.932 0.532 0.185 0.722 0.640 0.805 0.981 0.071 0.848 0.743 0.275 0.447 0.718 0.387 0.585 0.822 0.583 0.469 0.530 0.973 0.666 0.765 0.599 0.545 0.183 0.068 0.591 0.016 0.739 0.356 0.264 0.461 0.344 0.192 0.360 0.956 0.780 0.222 0.806 0.586 0.681 0.680 0.514 0.866 0.981 0.366 0.314 0.021 0.235 0.111 0.943 0.075 0.775 0.934 0.287 0.481 0.507 0.676 0.793 0.564 0.412 0.728 0.083 0.935 0.963 0.645 0.517 0.822 0.203 0.524 0.695 0.190 0.916 0.259 0.301 0.515 0.219 0.749 0.699 0.854 0.346 0.717 0.686 0.731 0.692 0.949 0.759 0.172 0.689 0.020 0.338 0.712 0.548 0.364 0.617 0.747 0.989 0.503 0.764 0.854 0.976 0.649 0.381 0.098 0.899 0.277 0.049 0.446 0.627 0.274 0.874 0.672 0.134 0.028 0.997 0.847 0.751 0.299 0.823 0.913 0.949 0.157 0.040 0.869 0.846 0.279 0.383 0.759 0.727 0.406 0.955 0.857 0.497 0.786 0.917 0.562 0.150 0.110 0.669 0.582 0.950 0.151 0.762 0.957 0.112 0.160 0.199 0.737 0.125 0.929 0.325 0.023 0.354 0.021 0.498 0.137 0.915 0.889 0.128 0.694 0.951 0.667 0.239 0.080 0.408 0.970 0.454 0.425 0.458 0.033 0.948 0.610 0.274 0.618 0.947 0.815 0.754 0.625 0.571 0.811 0.218 0.291 0.421 0.938 0.351 0.969 0.358 0.236 0.275 0.481 0.077 0.144 0.154 0.143 0.463 0.223 0.546 0.521 0.372 0.528 0.704 0.813 0.388 0.712 0.865 0.934 0.734 0.362 0.343 0.050 0.369 0.237 0.540 0.517 0.464 0.703 0.803 0.645 0.115 0.211 0.729 0.902 0.794 0.578 0.806 0.449 0.380 0.318 0.965 0.827 0.678 0.286 0.776 0.557 0.987 0.962 0.852 0.880 0.685 0.534 0.236 0.173 0.128 0.645 0.071 0.844 0.668 0.354 0.113 0.530 0.911 0.553 0.528 0.507 0.160 0.499 0.795 0.999 0.509 0.461 0.719 0.847 0.159 0.936 0.961 0.389 0.655 0.421 0.548 0.842 0.199 0.667 0.708 0.511 0.287 0.029 0.660 0.182 0.810 0.708 0.695 0.103 0.964 0.972 0.078 0.247 0.724 0.232 0.714 0.293 0.738 0.050 0.634 0.864 0.518 0.185 0.570 0.916 0.484 0.657 0.940 0.087 0.095 0.374 0.396 0.919 0.526 0.900 0.715 0.755 0.329 0.803 0.806 0.367 0.339 0.467 0.257 0.232 0.977 0.465 0.409 0.949 0.755 0.652 0.559 0.829 0.756 0.538 0.970 0.469 0.295 0.047 0.451 0.104 0.720 0.775 0.058 0.852 0.954 0.404 0.465 0.384 0.014 0.009 0.567 0.724 0.839 0.892 0.236 0.773 0.409 0.998 0.529 0.969 0.174 0.440 0.796 0.485 0.976 0.474 0.095 0.157 0.946 0.533 0.044 0.335 0.972 0.373 0.867 0.838 0.649 0.805 0.529 0.932 0.794 0.708 0.326 0.902 0.045 0.824 0.022 0.865 0.818 0.459 0.995 0.201 0.377 0.881 0.989 0.927 0.091 0.035 0.952 0.544 0.756 0.820 0.230 0.882 0.548 0.678 0.286 0.289 0.667 0.013 0.950 0.945 0.013 0.123 0.576 0.694 0.195 0.746 0.258 0.955 0.884 0.194 0.113 0.192 0.930 0.342 0.249 0.931 0.517 0.915 0.196 0.474 0.727 0.284 0.942 0.415 0.530 0.880 0.874 0.658 0.135 0.584 0.734 0.403 0.774 0.343 0.896 0.008 0.620 0.554 0.786 0.291 0.427 0.254 0.057 0.104 0.362 0.472 0.776 0.006 0.048 0.313 0.617 0.240 0.731 0.567 0.684 0.878 0.089 0.607 0.816 0.129 0.443 0.962 0.799 0.127 0.428 0.023 0.725 0.198 0.978 0.250 0.934 0.601 0.077 0.834 0.071 0.469 0.300 0.582 0.963 0.869 0.330 0.111 0.784 0.159 0.927 0.284 0.682 0.439 0.543 0.441 0.632 0.371 0.659 0.864 0.140 0.288 0.420 0.669 0.092 0.258 0.661 0.036 0.566 0.364 0.954 0.564 0.304 0.518 0.114 0.754 0.394 0.859 0.827 0.491 0.245 0.548 0.407 0.400 0.688 0.576 0.950 0.646 0.960 0.974 0.262 0.902 0.749 0.547 0.651 0.602 0.034 0.109 0.611 0.471 0.798 0.994 0.042 0.178 0.448 0.303 0.217 0.096 0.040 0.300 0.765 0.701 0.014 0.657 0.535 0.988 0.259 0.724 0.686 0.701 0.312 0.266 0.535 0.206 0.674 0.543 0.075 0.275 0.585 0.942 0.490 0.716 0.023 0.205 0.639 0.380 0.112 0.386 0.119 0.180 0.644 0.376 0.036 0.216 0.158 0.276 0.004 0.332 0.526 0.493 0.129 0.064 0.936 0.060 0.443 0.444 0.683 0.451 0.920 0.677 0.370 0.982 0.771 0.768 0.572 0.183 0.559 0.187 0.728 0.531 0.131 0.345 0.527 0.243 0.286 0.754 0.112 0.215 0.665 0.541 0.834 0.636 0.995 0.254 0.151 0.259 0.741 0.812 0.835 0.319 0.573 0.821 0.255 0.954 0.639 0.075 0.684 0.883 0.658 0.637 0.416 0.326 0.986 0.361 0.143 0.634 0.602 0.754 0.270 0.436 0.596 0.498 0.192 0.643 0.045 0.746 0.835 0.823 0.746 0.944 0.735 0.710 0.203 0.845 0.438 0.357 0.263 0.665 0.832 0.699 0.423 0.043 0.342 0.653 0.050 0.210 0.664 0.769 0.654 0.555 0.136 0.158 0.935 0.133 0.716 0.292 0.495 0.658 0.880 0.098 0.858 0.544 0.731 0.583 0.574 0.999 0.841 0.454 0.228 0.304 0.749 0.205 0.286 0.044 0.803 0.121 0.213 0.534 0.084 0.395 0.088 0.271 0.982 0.624 0.699 0.447 0.217 0.730 0.448 0.943 0.925 0.398 0.249 0.120 0.208 0.012 0.084 0.068 0.339 0.022 0.216 0.690 0.687 0.032 0.483 0.689 0.974 0.780 0.177 0.596 0.109 0.746 0.074 0.226 0.537 0.967 0.372 0.871 0.914 0.284 0.172 0.981 0.118 0.416 0.885 0.315 0.852 0.505 0.876 0.226 0.661 0.300 0.388 0.175 0.337 0.557 0.366 0.739 0.314 0.177 0.185 0.226 0.619 0.547 0.019 0.647 0.004 0.149 0.450 0.042 0.317 0.153 0.423 0.838 0.993 0.144 0.638 0.427 0.721 0.633 0.604 0.067 0.283 0.350 0.294 0.047 0.852 0.888 0.268 0.416 0.950 0.553 0.675 0.892 0.725 0.160 0.137 0.651 0.184 0.923 0.745 0.356 0.489 0.641 0.716 0.615 0.107 0.827 0.861 0.454 0.489 0.749 0.078 0.401 0.801 0.662 0.347 0.921 0.185 0.214 0.576 0.093 0.323 0.655 0.261 0.002 0.389 0.834 0.398 0.415 0.073 0.815 0.287 0.867 0.826 0.180 0.978 0.083 0.671 0.687 0.770 0.101 0.755 0.076 0.655 0.352 0.362 0.439 0.196 0.124 0.906 0.697 0.972 0.481 0.708 0.549 0.983 0.593 0.428 0.141 0.960 0.453 0.643 0.537 0.034 0.664 0.249 0.830 0.589 0.884 0.258 0.756 0.521 0.422 0.156 0.427 0.353 0.996 0.103 0.055 0.743 0.204 0.808 0.595 0.387 0.115 0.786 0.371 0.204 0.776 0.805 0.798 0.099 0.254 0.453 0.186 0.163 0.807 0.153 0.501 0.281 0.718 0.359 0.753 0.172 0.290 0.778 0.975 0.205 0.562 0.909 0.870 0.340 0.757 0.489 0.143 0.402 0.594 0.583 0.364 0.345 0.589 0.078 0.868 0.959 0.105 0.260 0.420 0.070 0.020 0.697 0.573 0.276 0.227 0.972 0.896 0.483 0.250 0.286 0.049 0.568 0.839 0.609 0.950 0.437 0.857 0.695 0.239 0.021 0.921 0.977 0.792 0.279 0.635 0.171 0.589 0.239 0.849 0.418 0.179 0.866 0.551 0.838 0.055 0.961 0.477 0.965 0.419 0.442 0.704 0.065 0.778 0.854 0.658 0.409 0.494 0.814 0.221 0.339 0.487 0.058 0.331 0.236 0.915 0.711 0.244 0.880 0.882 0.479 0.825 0.469 0.352 0.993 0.199 0.060 0.517 0.636 0.564 0.897 0.057 0.880 0.939 0.067 0.245 0.095 0.386 0.447 0.053 0.310 0.101 0.793 0.540 0.661 0.958 0.365 0.851 0.739 0.743 0.631 0.652 0.730 0.051 0.597 0.436 0.038 0.690 0.045 0.948 0.495 0.959 0.662 0.088 0.930 0.406 0.724 0.637 0.677 0.718 0.959 0.143 0.555 0.581 0.334 0.081 0.598 0.554 0.884 0.592 0.139 0.410 0.679 0.163 0.982 0.663 0.769 0.851 0.368 0.912 0.878 0.602 0.981 0.150 0.594 0.743 0.441 0.665 0.729 0.313 0.298 0.020 0.290 0.521 0.284 0.922 0.176 0.276 0.813 0.234 0.204 0.246 0.063 0.387 0.113 0.519 0.405 0.762 0.078 0.985 0.901 0.994 0.950 0.956 0.410 0.377 0.939 0.811 0.078 0.344 0.715 0.343 0.748 0.985 0.981 0.291 0.006 0.748 0.478 0.334 0.966 0.942 0.824 0.629 0.239 0.632 0.669 0.319 0.787 0.431 0.863 0.663 0.596 0.861 0.095 0.078 0.751 0.578 0.708 0.010 0.417 0.542 0.080 0.171 0.753 0.723 0.690 0.776 0.182 0.520 0.356 0.948 0.745 0.912 0.353 0.224 0.330 0.473 0.969 0.133 0.953 0.487 0.665 0.176 0.537 0.555 0.278 0.369 0.595 0.765 0.584 0.255 0.788 0.761 0.639 0.079 0.148 0.890 0.315 0.106 0.727 0.899 0.489 0.842 0.785 0.455 0.420 0.630 0.553 0.188 0.104 0.463 0.219 0.203 0.629 0.078 0.456 0.119 0.582 0.608 0.617 0.524 0.270 0.951 0.836 0.378 0.446 0.314 0.435 0.603 0.630 0.401 0.185 0.064 0.215 0.341 0.626 0.886 0.965 0.932 0.075 0.725 0.754 0.288 0.623 0.153 0.451 0.521 0.560 0.367 0.941 0.282 0.938 0.737 0.122 0.005 0.991 0.536 0.485 0.646 0.801 0.796 0.517 0.029 0.405 0.780 0.644 0.004 0.219 0.539 0.645 0.521 0.437 0.294 0.308 0.275 0.176 0.905 0.295 0.111 0.453 0.046 0.761 0.834 0.051 0.593 0.268 0.642 0.426 0.469 0.556 0.923 0.610 0.401 0.927 0.724 0.382 0.335 0.537 0.903 0.597 0.944 0.016 0.729 0.519 0.493 0.401 0.934 0.201 0.811 0.345 0.200 0.018 0.595 0.146 0.399 0.979 0.413 0.029 0.370 0.087 0.793 0.528 0.322 0.202 0.713 0.846 0.611 0.146 0.729 0.640 0.372 0.223 0.453 0.122 0.595 0.854 0.974 0.410 0.307 0.127 0.756 0.701 0.867 0.741 0.675 0.093 0.088 0.126 0.482 0.634 0.121 0.273 0.301 0.172 0.490 0.160 0.518 0.964 0.331 0.507 0.398 0.649 0.391 0.628 0.367 0.689 0.811 0.814 0.653 0.831 0.745 0.971 0.993 0.434 0.167 0.576 0.847 0.892 0.055 0.787 0.087 0.614 0.345 0.551 0.989 0.482 0.797 0.043 0.573 0.224 0.399 0.499 0.102 0.910 0.974 0.520 0.605 0.738 0.501 0.543 0.433 0.674 0.143 0.950 0.990 0.706 0.681 0.608 0.934 0.812 0.225 0.535 0.420 0.559 0.607 0.590 0.674 0.649 0.064 0.708 0.501 0.178 0.073 0.548 0.311 0.886 0.749 0.109 0.128 0.543 0.884 0.256 0.734 0.802 0.702 0.266 0.926 0.086 0.504 0.608 0.951 0.838 0.330 0.826 0.240 0.749 0.936 0.712 0.364 0.794 0.268 0.175 0.198 0.848 0.157 0.340 0.396 0.057 0.618 0.051 0.191 0.417 0.550 0.651 0.686 0.598 0.581 0.038 0.986 0.313 0.704 0.589 0.806 0.871 0.842 0.906 0.329 0.953 0.769 0.884 0.105 0.951 0.673 0.261 0.471 0.242 0.585 0.588 0.848 0.430 0.823 0.834 0.716 0.823 0.972 0.956 0.889 0.707 0.671 0.641 0.362 0.801 0.902 0.850 0.513 0.531 0.157 0.472 0.740 0.861 0.171 0.213 0.302 0.349 0.974 0.261 0.181 0.829 0.105 0.472 0.885 0.600 0.016 0.686 0.501 0.734 0.121 0.408 0.494 0.183 0.746 0.816 0.734 0.467 0.556 0.538 0.896 0.266 0.754 0.025 0.962 0.383 0.177 0.227 0.893 0.204 0.528 0.720 0.572 0.837 0.956 0.465 0.155 0.244 0.994 0.031 0.129 0.096 0.983 0.246 0.430 0.271 0.994 0.260 0.890 0.328 0.415 0.448 0.882 0.280 0.859 0.820 0.549 0.268 0.065 0.691 0.744 0.271 0.260 0.030 0.728 0.156 0.755 0.982 0.467 0.723 0.253 0.451 0.193 0.643 0.842 0.990 0.526 0.067 0.482 0.552 0.826 0.523 0.810 0.474 0.300 0.142 0.582 0.440 0.874 0.909 0.438 0.713 0.008 0.859 0.556 0.678 0.738 0.037 0.151 0.923 0.706 0.287 0.647 0.734 0.020 0.907 0.738 0.764 0.288 0.300 0.827 0.333 0.527 0.945 0.345 0.202 0.994 0.428 0.532 0.856 0.611 0.635 0.505 0.656 0.707 0.244 0.830 0.480 0.846 0.943 0.804 0.392 0.278 0.406 0.170 0.555 0.127 0.330 0.386 0.464 0.891 0.520 0.303 0.993 0.576 0.164 0.791 0.642 0.895 0.290 0.671 0.978 0.539 0.684 0.744 0.313 0.066 0.983 0.166 0.338 0.155 0.397 0.568 0.827 0.606 0.193 0.344 0.998 0.862 0.253 0.004 0.042 0.238 0.031 0.879 0.140 0.220 0.579 0.261 0.708 0.910 0.198 0.810 0.695 0.634 0.700 0.602 0.124 0.622 0.827 0.897 0.165 0.785 0.635 0.649 0.438 0.739 0.542 0.790 0.296 0.955 0.435 0.656 0.040 0.410 0.607 0.729 0.502 0.835 0.037 0.154 0.939 0.224 0.128 0.406 0.126 0.230 0.100 0.962 0.690 0.739 0.466 0.178 0.122 0.061 0.282 0.776 0.512 0.004 0.425 0.344 0.350 0.156 0.699 0.679 0.041 0.746 0.814 0.539 0.703 0.407 0.626 0.287 0.473 0.065 0.736 0.670 0.714 0.464 0.813 0.422 0.174 0.428 0.267 0.958 0.038 0.756 0.142 0.469 0.059 0.899 0.142 0.283 0.883 0.655 0.780 0.001 0.328 0.376 0.292 0.310 0.764 0.586 0.463 0.510 0.182 0.988 0.359 0.126 0.708 0.446 0.972 1.000 0.695 0.939 0.257 0.875 0.264 0.651 0.694 0.801 0.584 0.588 0.776 0.404 0.455 0.265 0.485 0.094 0.800 0.170 0.276 0.209 0.319 0.920 0.427 0.622 0.600 0.456 0.995 0.791 0.539 0.618 0.096 0.316 0.011 0.727 0.476 0.345 0.708 0.180 0.393 0.548 0.351 0.859 0.459 0.758 0.531 0.470 0.771 0.737 0.343 0.501 0.589 0.634 0.227 0.538 0.083 0.725 0.575 0.927 0.045 0.137 0.947 0.728 0.614 0.446 0.953 0.722 0.050 0.692 0.884 0.981 0.112 0.507 0.838 0.269 0.182 0.472 0.808 0.513 0.161 0.175 0.732 0.308 0.819 0.329 0.224 0.804 0.355 0.988 0.238 0.461 0.648 0.195 0.434 0.589 0.822 0.564 0.921 0.617 0.330 0.682 0.475 0.557 0.462 0.415 0.802 0.839 0.860 0.320 0.442 0.583 0.481 0.077 0.607 0.887 0.547 0.539 0.221 0.468 0.087 0.120 0.250 0.760 0.855 0.614 0.244 0.740 0.993 0.399 0.334 0.722 0.499 0.187 0.127 0.769 0.372 0.833 0.397 0.528 0.581 0.076 0.039 0.084 0.302 0.356 0.105 0.564 0.363 0.459 0.535 0.577 0.186 0.412 0.586 0.072 0.715 0.645 0.524 0.382 0.913 0.112 0.900 0.600 0.864 0.662 0.958 0.730 0.943 0.679 0.230 0.828 0.183 0.736 0.064 0.438 0.877 0.990 0.243 0.125 0.003 0.379 0.730 0.720 0.389 0.209 0.884 0.853 0.709 0.969 0.777 0.999 0.020 0.788 0.310 0.452 0.355 0.612 0.778 0.340 0.102 0.649 0.002 0.538 0.343 0.213 0.711 0.905 0.107 0.365 0.849 0.610 0.343 0.745 0.149 0.457 0.419 0.518 0.513 0.283 0.703 0.618 0.290 0.999 0.806 0.003 0.840 0.153 0.723 0.985 0.916 0.474 0.060 0.921 0.784 0.522 0.798 0.847 0.365 0.223 0.803 0.660 0.920 0.584 0.361 0.631 0.946 0.163 0.098 0.385 0.865 0.385 0.037 0.452 0.711 0.988 0.908 0.467 0.745 0.387 0.149 0.391 0.526 0.117 0.525 0.468 0.044 0.043 0.297 0.937 0.413 0.369 0.959 0.841 0.783 0.419 0.932 0.253 0.540 0.051 0.332 0.070 0.397 0.881 0.362 0.920 0.200 0.859 0.436 0.160 0.572 0.610 0.304 0.223 0.610 0.623 0.831 0.088 0.147 0.232 0.387 0.029 0.150 0.936 0.291 0.848 0.777 0.776 0.263 0.046 0.031 0.691 0.393 0.851 0.087 0.959 0.682 0.905 0.115 0.476 0.007 0.527 0.467 0.219 0.376 0.936 0.326 0.171 0.238 0.142 0.765 0.180 0.531 0.168 0.683 0.204 0.664 0.181 0.027 0.337 0.650 0.278 0.215 0.514 0.893 0.506 0.201 0.352 0.359 0.941 0.769 0.708 0.854 0.484 0.455 0.409 0.333 0.952 0.455 0.318 0.237 0.126 0.155 0.194 0.869 0.595 0.129 0.487 0.686 0.373 0.361 0.606 0.692 0.601 0.920 0.525 0.069 0.459 0.299 0.032 0.331 0.289 0.789 0.435 0.645 0.653 0.760 0.043 0.027 0.822 0.740 0.156 0.927 0.210 0.443 0.463 0.750 0.573 0.080 0.091 0.705 0.770 0.356 0.479 0.359 0.272 0.044 0.293 0.209 0.059 0.979 0.004 0.571 0.540 0.889 0.593 0.679 0.777 0.296 0.993 0.739 0.378 0.018 0.522 0.066 0.812 0.502 0.553 0.019 0.670 0.891 0.169 0.452 0.829 0.354 0.884 0.386 0.596 0.383 0.493 0.832 0.137 0.986 0.301 0.859 0.265 0.758 0.697 0.806 0.332 0.619 0.764 0.190 0.301 0.148 0.393 0.812 0.898 0.837 0.590 0.396 0.915 0.547 0.243 0.636 0.247 0.519 0.942 0.076 0.748 0.047 0.401 0.224 0.468 0.761 0.144 0.461 0.797 0.219 0.274 0.750 0.795 0.911 0.408 0.918 0.122 0.461 0.164 0.317 0.894 0.764 0.665 0.354 0.131 0.347 0.282 0.920 0.144 0.658 0.896 0.794 0.278 0.735 0.508 0.076 0.359 0.385 0.842 0.815 0.090 0.368 0.882 0.266 0.862 0.629 0.913 0.922 0.325 0.258 0.210 0.628 0.774 0.042 0.738 0.002 0.041 0.708 0.319 0.765 0.377 0.176 0.694 0.988 0.837 0.948 0.300 0.285 0.468 0.443 0.258 0.183 0.907 0.854 0.628 0.673 0.759 0.489 0.449 0.368 0.336 0.312 0.269 0.829 0.526 0.504 0.007 0.545 0.654 0.653 0.147 0.719 0.538 0.501 0.019 0.656 0.174 0.900 0.982 0.936 0.359 0.148 0.396 0.231 0.128 0.146 0.886 0.325 0.792 0.653 0.765 0.482 0.006 0.548 0.363 0.171 0.395 0.725 0.776 0.062 0.553 0.953 0.279 0.361 0.824 0.204 0.811 0.220 0.811 0.596 0.379 0.658 0.567 0.832 0.760 0.022 0.297 0.636 0.119 0.734 0.110 0.972 0.919 0.353 0.684 0.766 0.484 0.580 0.410 0.608 0.719 0.397 0.616 0.220 0.921 0.490 0.945 0.179 0.526 0.781 0.331 0.777 0.322 0.007 0.928 0.604 0.886 0.183 0.027 0.048 0.736 0.751 0.742 0.724 0.208 0.273 0.602 0.576 0.260 0.750 0.786 0.472 0.534 0.778 0.550 0.300 0.183 0.156 0.731 0.803 0.177 0.060 0.051 0.361 0.923 0.383 0.235 0.146 0.151 0.757 0.650 0.427 0.031 0.653 0.760 0.428 0.532 0.386 0.763 0.482 0.498 0.393 0.878 0.007 0.161 0.401 0.565 0.979 0.539 0.619 0.260 0.304 0.497 0.401 0.852 0.818 0.796 0.690 0.657 0.550 0.638 0.959 0.565 0.219 0.377 0.870 0.996 0.436 0.927 0.616 0.518 0.206 0.596 0.076 0.647 0.921 0.150 0.401 0.213 0.893 0.186 0.893 0.160 0.375 0.321 0.450 0.770 0.459 0.469 0.829 0.308 0.729 0.866 0.858 0.699 0.348 0.592 0.782 0.144 0.790 0.918 0.264 0.971 0.094 0.770 0.082 0.176 0.088 0.133 0.950 0.161 0.702 0.525 0.884 0.156 0.732 0.350 0.489 0.025 0.716 0.690 0.249 0.893 0.208 0.185 0.897 0.032 0.937 0.359 0.527 0.622 0.540 0.249 0.976 0.958 0.800 0.361 0.304 0.276 0.236 0.922 0.344 0.570 0.221 0.330 0.276 0.434 0.896 0.469 0.726 0.236 0.743 0.552 0.401 0.129 0.776 0.695 0.314 0.335 0.105 0.679 0.934 0.647 0.609 0.887 0.963 0.420 0.379 0.515 0.691 0.117 0.173 0.674 0.611 1.000 0.352 0.886 0.455 0.570 0.557 0.735 0.279 0.020 0.672 0.390 0.913 0.257 0.888 0.313 0.844 0.988 0.853 0.704 0.590 0.040 0.853 0.113 0.300 0.921 0.241 0.338 0.092 0.100 0.277 0.609 0.100 0.130 0.237 0.241 0.946 0.429 0.661 0.607 0.485 0.251 0.535 0.881 0.301 0.499 0.176 0.697 0.951 0.048 0.831 0.440 0.741 0.074 0.830 0.984 0.123 0.639 0.982 0.721 0.695 0.075 0.008 0.869 0.378 0.991 0.710 0.720 0.155 0.211 0.924 0.536 0.411 0.151 0.909 0.928 0.022 0.198 0.955 0.955 0.609 0.697 0.151 0.904 0.562 0.331 0.412 0.610 0.162 0.734 0.562 0.976 0.839 0.141 0.937 0.214 0.616 0.462 0.741 0.542 0.747 0.901 0.602 0.181 0.076 0.631 0.723 0.867 0.576 0.314 0.931 0.835 0.900 0.592 0.705 0.618 0.874 0.304 0.840 0.342 0.962 0.076 0.244 0.491 0.560 0.277 0.639 0.634 0.995 0.837 0.506 0.842 0.181 0.402 0.778 0.211 0.851 0.830 0.823 0.478 0.975 0.499 0.277 0.189 0.438 0.416 0.606 0.750 0.524 0.122 0.113 0.394 0.766 0.521 0.357 0.122 0.253 0.331 0.022 0.681 0.411 0.566 0.796 0.925 0.498 0.450 0.053 0.951 0.839 0.072 0.097 0.656 0.035 0.161 0.688 0.905 0.517 0.023 0.777 0.113 0.288 0.353 0.934 0.221 0.081 0.153 0.616 0.913 0.769 0.187 0.173 0.379 0.051 0.381 0.773 0.469 0.512 0.185 0.537 0.717 0.384 0.611 0.408 0.916 0.539 0.928 0.498 0.216 0.600 0.688 0.559 0.976 0.627 0.147 0.266 0.976 0.213 0.743 0.445 0.641 0.785 0.654 0.319 0.530 0.045 0.874 0.429 0.855 0.352 0.699 0.344 0.450 0.718 0.900 0.827 0.929 0.765 0.656 0.429 0.548 0.372 0.981 0.590 0.317 0.783 0.821 0.237 0.294 0.547 0.765 0.559 0.856 0.970 0.012 0.659 0.107 0.093 0.768 0.203 0.484 0.471 0.224 0.155 0.427 0.902 0.347 0.053 0.945 0.041 0.576 0.658 0.881 0.768 0.823 0.416 0.903 0.871 0.723 0.436 0.410 0.105 0.649 0.686 0.587 0.140 0.722 0.433 0.182 0.732 0.347 0.661 0.698 0.190 0.730 0.534 0.768 0.473 0.367 0.592 0.172 0.510 0.382 0.266 0.030 0.712 0.364 0.469 0.985 0.108 0.948 0.497 0.437 0.710 0.593 0.026 0.537 0.756 0.095 0.706 0.534 0.949 0.566 0.594 0.036 0.549 0.467 0.053 0.771 0.389 0.074 0.301 0.164 0.450 0.647 0.687 0.994 0.537 0.491 0.203 0.820 0.893 0.066 0.645 0.670 0.790 0.428 0.436 0.462 0.667 0.269 0.092 0.158 0.720 0.495 0.584 0.940 0.983 0.067 0.185 0.519 0.083 0.852 0.680 0.545 0.684 0.618 0.453 0.314 0.063 0.125 0.030 0.819 0.637 0.538 0.024 0.322 0.797 0.175 0.294 0.193 0.133 0.951 0.694 0.287 0.956 0.021 0.618 0.819 0.005 0.910 0.641 0.988 0.044 0.378 0.773 0.743 0.665 0.371 0.039 0.396 0.135 0.787 0.997 0.680 0.802 0.645 0.005 0.448 0.600 0.172 0.669 0.125 0.511 0.712 0.086 0.326 0.599 0.677 0.040 0.558 0.169 0.434 0.937 0.670 0.648 0.621 0.412 0.500 0.715 0.137 0.071 0.561 0.590 0.524 0.973 0.855 0.687 0.446 0.806 0.455 0.341 0.148 0.320 0.455 0.509 0.840 0.414 0.648 0.690 0.236 0.304 0.602 0.533 0.704 0.791 0.863 0.312 0.559 0.470 0.144 0.735 0.821 0.460 0.194 0.511 0.131 0.594 0.324 0.985 0.969 0.847 0.626 0.902 0.165 0.475 0.721 0.748 0.833 0.893 0.455 0.047 0.598 0.081 0.831 0.003 0.790 0.744 0.088 0.750 0.653 0.505 0.716 0.751 0.904 0.386 0.649 0.785 0.571 0.824 0.681 0.378 0.894 0.986 0.394 0.711 0.891 0.441 0.518 0.042 0.292 0.127 0.652 0.993 0.395 0.382 0.216 0.213 0.732 0.225 0.090 0.831 0.176 0.842 0.263 0.536 0.854 0.266 0.998 0.045 0.084 0.613 0.944 0.135 0.761 0.872 0.341 0.917 0.591 0.947 0.427 0.140 0.034 0.917 0.378 0.063 0.024 0.088 0.683 0.197 0.657 0.340 0.829 0.182 0.451 0.531 0.714 0.974 0.891 0.510 0.464 0.166 0.652 0.907 0.344 0.618 0.514 0.938 0.248 0.034 0.753 0.224 0.789 0.697 0.189 0.983 0.276 0.783 0.612 0.122 0.143 0.711 0.815 0.278 0.647 0.645 0.308 0.138 0.313 0.038 0.560 0.081 0.765 0.591 0.482 0.324 0.237 0.698 0.738 0.100 0.462 0.716 0.794 0.395 0.992 0.603 0.584 0.802 0.138 0.723 0.460 0.665 0.499 0.570 0.591 0.032 0.079 0.334 0.413 0.370 0.835 0.874 0.398 0.968 0.612 0.352 0.324 0.137 0.802 0.070 0.331 0.786 0.007 0.098 0.644 0.230 0.851 0.073 0.041 0.712 0.067 0.761 0.519 0.985 0.523 0.589 0.796 0.317 0.977 0.871 0.212 0.350 0.737 0.820 0.651 0.903 0.303 0.502 0.776 0.328 0.915 0.830 0.566 0.584 0.498 0.327 0.651 0.918 0.623 0.777 0.518 0.932 0.539 0.140 0.265 0.421 0.987 0.770 0.727 0.112 0.234 0.402 0.302 0.286 0.102 0.297 0.217 0.935 0.948 0.700 0.893 0.118 0.759 0.692 0.088 0.290 0.861 0.159 0.340 0.872 0.086 0.042 0.983 0.019 0.847 0.399 0.627 0.725 0.282 0.751 0.519 0.103 0.348 0.990 0.886 0.600 0.037 0.332 0.453 0.905 0.227 0.187 0.656 0.127 0.211 0.470 0.671 0.749 0.275 0.086 0.876 0.962 0.587 0.584 0.957 0.852 0.064 0.830 0.788 0.209 0.576 0.710 0.360 0.544 0.730 0.530 0.584 0.363 0.457 0.420 0.588 0.723 0.181 0.839 0.339 0.795 0.500 0.789 0.467 0.797 0.034 0.879 0.128 0.515 0.689 0.271 0.664 0.007 0.279 0.059 0.081 0.284 0.708 0.231 0.709 0.959 0.413 0.194 0.254 0.872 0.500 0.561 0.993 0.892 0.158 0.907 0.742 0.954 0.222 0.414 0.189 0.702 0.394 0.566 0.599 0.598 0.633 0.005 0.820 0.500 0.283 0.028 0.094 0.077 0.593 0.205 0.698 0.435 0.421 0.999 0.061 0.665 0.368 0.720 0.710 0.428 0.350 0.213 0.564 0.091 0.890 0.980 0.108 0.078 0.833 0.954 0.436 0.889 0.473 0.260 0.467 0.990 0.584 0.546 0.497 0.882 0.781 0.020 0.715 0.529 0.282 0.118 0.321 0.188 0.911 0.194 0.367 0.267 0.879 0.839 0.868 0.954 0.863 0.476 0.897 0.899 0.871 0.450 0.166 0.310 0.453 0.972 0.394 0.193 0.888 0.029 0.638 0.606 0.607 0.111 0.984 0.988 0.816 0.568 0.087 0.558 0.471 0.892 0.796 0.874 0.075 0.146 0.727 0.678 0.647 0.143 0.274 0.071 0.203 0.256 0.435 0.872 0.708 0.751 0.127 0.167 0.512 0.607 0.399 0.326 0.816 0.548 0.393 0.401 0.392 0.107 0.075 0.359 0.469 0.856 0.376 0.471 0.739 0.865 0.785 0.186 0.625 0.267 0.295 0.402 0.768 0.610 0.095 0.315 0.802 0.507 0.367 0.961 0.627 0.957 0.479 0.838 0.648 0.594 0.522 0.601 0.402 0.115 0.493 0.766 0.942 0.711 0.903 0.955 0.671 0.088 0.109 0.313 0.492 0.003 0.941 0.930 0.160 0.297 0.390 0.352 0.122 0.950 0.414 0.475 0.750 0.827 0.697 0.563 0.118 0.594 0.008 0.084 0.505 0.003 0.555 0.852 0.650 0.234 0.944 0.459 0.284 0.292 0.821 0.629 0.084 0.675 0.285 0.488 0.300 0.630 0.126 0.513 0.117 0.733 0.032 0.920 0.978 0.045 0.272 0.849 0.911 0.747 0.986 0.077 0.624 0.142 0.216 0.331 0.563 0.738 0.886 0.349 0.433 0.062 0.687 0.577 0.194 0.304 0.274 0.025 0.937 0.444 0.019 0.635 0.563 0.224 0.954 0.744 0.688 0.482 0.288 0.084 0.789 0.676 0.086 0.829 0.033 0.351 0.811 0.362 0.628 0.225 0.606 0.307 0.893 0.919 0.568 0.626 0.281 0.611 0.066 0.869 0.728 0.038 0.095 0.428 0.044 0.001 0.612 0.876 0.984 0.990 0.572 0.351 0.647 0.192 0.245 0.052 0.421 0.049 0.408 0.389 0.556 0.464 0.903 0.189 0.543 0.881 0.540 0.510 0.217 0.088 0.520 0.280 0.838 0.750 0.511 0.972 0.385 0.297 0.300 0.514 0.693 0.908 0.317 0.289 0.099 0.009 0.973 0.895 0.412 0.026 0.739 0.919 0.662 0.583 0.265 0.434 0.658 0.841 0.226 0.738 0.077 0.099 0.992 0.712 0.916 0.599 0.726 0.354 0.806 0.033 0.791 0.153 0.781 0.672 0.203 0.140 0.665 0.566 0.969 0.075 0.754 0.361 0.233 0.139 0.934 0.902 0.561 0.468 0.507 0.498 0.003 0.064 0.020 0.248 0.726 0.756 0.051 0.781 0.651 0.372 0.826 0.103 0.495 0.159 0.805 0.449 0.749 0.689 0.686 0.995 0.029 0.890 0.206 0.492 0.183 0.036 0.107 0.718 0.570 0.348 0.484 0.075 0.537 0.901 0.670 0.223 0.095 0.693 0.007 0.027 0.805 0.698 0.037 0.859 0.782 0.654 0.611 0.592 0.989 0.738 0.792 0.831 0.201 0.804 0.675 0.343 0.462 0.437 0.701 0.442 0.824 0.729 0.088 0.681 0.712 0.079 0.200 0.701 0.354 0.585 0.192 0.429 0.380 0.281 0.611 0.885 0.324 0.409 0.143 0.642 0.762 0.237 0.712 0.496 0.659 0.417 0.205 0.256 0.654 0.122 0.709 0.029 0.226 0.626 0.172 0.181 0.186 0.618 0.947 0.333 0.055 0.419 0.332 0.663 0.666 0.654 0.597 0.449 0.471 0.785 0.729 0.241 0.277 0.080 0.074 0.896 0.597 0.928 0.623 0.607 0.012 0.146 0.813 0.327 0.795 0.759 0.373 0.940 0.954 0.272 0.568 0.314 0.595 0.931 0.843 0.901 0.340 0.168 0.949 0.496 0.606 0.044 0.979 0.009 0.446 0.736 0.787 0.339 0.956 0.573 0.564 0.167 0.578 0.589 0.157 0.749 0.351 0.568 0.038 0.090 0.235 0.492 0.780 0.618 0.244 0.546 0.704 0.136 0.514 0.052 0.799 0.559 0.375 0.983 0.050 0.032 0.128 0.038 0.828 0.976 0.587 0.279 0.830 0.159 0.469 0.415 0.102 0.841 0.531 0.978 0.092 0.321 0.175 0.128 0.738 0.222 0.671 0.164 0.754 0.043 0.933 0.489 0.428 0.779 0.589 0.750 0.719 0.420 0.263 0.099 0.664 0.402 0.554 0.684 0.293 0.819 0.979 0.841 0.905 0.712 0.773 0.815 0.363 0.793 0.900 0.825 0.730 0.071 0.534 0.815 0.527 0.845 0.319 0.174 0.526 0.147 0.781 0.988 0.542 0.826 0.864 0.575 0.672 0.929 0.806 0.513 0.417 0.726 0.274 0.660 0.965 0.480 0.593 0.813 0.258 0.716 0.546 0.957 0.593 0.474 0.319 0.498 0.555 0.480 0.625 0.512 0.830 0.636 0.837 0.829 0.727 0.944 0.785 0.623 0.608 0.914 0.296 0.508 0.588 0.247 0.830 0.402 0.884 0.804 0.439 0.072 0.522 0.255 0.150 0.862 0.430 0.848 0.802 0.212 0.301 0.780 0.329 0.532 0.700 0.818 0.773 0.054 0.564 0.935 0.190 0.278 0.484 0.098 0.165 0.462 0.010 0.982 0.928 0.950 0.801 0.064 0.145 0.397 0.587 0.956 0.663 0.360 0.297 0.984 0.060 0.631 0.681 0.501 0.661 0.408 0.599 0.650 0.671 0.454 0.295 0.715 0.959 0.635 0.604 0.980 0.727 0.236 0.103 0.546 0.915 0.693 0.917 0.913 0.396 0.381 0.289 0.980 0.469 0.863 0.173 0.669 0.696 0.564 0.325 0.284 0.103 1.000 0.927 0.744 0.827 0.551 0.527 0.738 0.817 0.815 0.052 0.897 0.313 0.863 0.321 0.789 0.331 0.304 0.112 0.666 0.671 0.039 0.267 0.826 0.881 0.004 0.792 0.816 0.213 0.643 0.146 0.325 0.397 0.077 0.759 0.512 0.197 0.827 0.607 0.057 0.515 0.047 0.694 0.638 0.365 0.873 0.168 0.308 0.192 0.667 0.872 0.896 0.418 0.550 0.832 0.985 0.485 0.868 0.964 0.647 0.723 0.193 0.982 0.955 0.081 0.310 0.076 0.482 0.389 0.672 0.929 0.199 0.927 0.961 0.230 0.647 0.140 0.732 0.927 0.703 0.811 0.510 0.312 0.993 0.348 0.895 0.537 0.707 0.768 0.258 0.769 0.862 0.229 0.636 0.027 0.477 0.814 0.690 0.514 0.996 0.498 0.405 0.794 0.535 0.907 0.175 0.748 0.988 0.399 0.033 0.928 0.654 0.020 0.003 0.292 0.635 0.428 0.505 0.478 0.581 0.078 0.521 0.270 0.107 0.303 0.279 0.818 0.442 0.739 0.539 0.394 0.754 0.382 0.791 0.987 0.774 0.812 0.364 0.463 0.983 0.952 0.988 0.822 0.911 0.122 0.118 0.342 0.102 0.739 0.424 0.918 0.397 0.992 0.273 0.192 0.434 0.952 0.180 0.464 0.464 0.867 0.292 0.856 0.630 0.876 0.803 0.015 0.555 0.085 0.274 0.601 0.151 0.548 0.822 1.000 0.564 0.453 0.998 0.133 0.037 0.488 0.993 0.984 0.565 0.972 0.313 0.493 0.033 0.286 0.240 0.567 0.659 0.461 0.397 0.812 0.627 0.797 0.957 0.419 0.533 0.192 0.116 0.424 0.095 0.018 0.000 0.092 0.247 0.606 0.372 0.937 0.160 0.347 0.863 0.071 0.171 0.970 0.774 0.677 0.638 0.221 0.092 0.591 0.080 0.689 0.542 0.393 0.994 0.968 0.921 0.304 0.593 0.316 0.445 0.495 0.431 0.491 0.722 0.133 0.317 0.191 0.908 0.462 0.229 0.784 0.062 0.886 0.936 0.916 0.391 0.983 0.358 0.909 0.462 0.442 0.744 0.187 0.239 0.010 0.827 0.338 0.645 0.389 0.153 0.446 0.887 0.106 0.923 0.343 0.775 0.920 0.608 0.173 0.782 0.250 0.984 0.798 0.413 0.596 0.892 0.448 0.941 0.090 0.062 0.219 0.670 0.709 0.079 0.262 0.034 0.889 0.459 0.662 0.488 0.608 0.350 0.862 0.634 0.629 0.132 0.922 0.259 0.281 0.377 0.917 0.866 0.730 0.544 0.588 0.389 0.595 0.642 0.878 0.215 0.821 0.798 0.814 0.996 0.302 0.785 0.503 0.312 0.159 0.088 0.952 0.247 0.977 0.041 0.602 0.378 0.689 0.093 0.366 0.786 0.524 0.889 0.162 0.299 0.717 0.575 0.931 0.102 0.379 0.657 0.287 0.305 0.969 0.480 0.839 0.470 0.536 0.261 0.102 0.332 0.952 0.504 0.521 0.639 0.320 0.793 0.671 0.221 0.962 0.524 0.683 0.938 0.429 0.355 0.573 0.291 0.632 0.772 0.716 0.165 0.594 0.377 0.555 0.080 0.797 0.345 0.941 0.169 0.628 0.514 0.501 0.806 0.954 0.072 0.831 0.230 0.066 0.450 0.404 0.700 0.600 0.310 0.934 0.871 0.883 0.116 0.471 0.263 0.562 0.441 0.847 0.389 0.081 0.716 0.358 0.825 0.172 0.325 0.603 0.957 0.195 0.626 0.321 0.424 0.511 0.672 0.440 0.836 0.408 0.358 0.498 0.571 0.691 0.981 0.791 0.649 0.007 0.014 0.614 0.120 0.196 0.848 0.950 0.849 0.951 0.996 0.052 0.858 0.749 0.669 0.101 0.423 0.598 0.574 0.686 0.822 0.114 0.512 0.975 0.176 0.116 0.845 0.542 0.455 0.809 0.438 0.270 0.401 0.529 0.761 0.892 0.226 0.620 0.898 0.436 0.616 0.194 0.919 0.525 0.033 0.347 0.108 0.698 0.532 0.689 0.529 0.969 0.696 0.706 0.949 0.470 0.282 0.158 0.833 0.562 0.431 0.312 0.228 0.399 0.339 0.955 0.752 0.873 0.732 0.468 0.570 0.720 0.752 0.921 0.506 0.323 0.496 0.990 0.191 0.983 0.179 0.150 0.187 0.063 0.953 0.302 0.983 0.212 0.820 0.719 0.329 0.824 0.191 0.690 0.453 0.545 0.608 0.977 0.820 0.878 0.199 0.798 0.570 0.678 0.618 0.596 0.013 0.887 0.549 0.642 0.882 0.886 0.971 0.130 0.409 0.353 0.791 0.010 0.174 0.771 0.463 0.703 0.930 0.420 0.710 0.964 0.131 0.508 0.761 0.760 0.010 0.028 0.931 0.279 0.476 0.093 0.724 0.685 0.972 0.396 0.098 0.039 0.224 0.790 0.667 0.543 0.707 0.942 0.792 0.842 0.033 0.903 0.427 0.711 0.512 0.476 0.852 0.581 0.759 0.070 0.785 0.904 0.213 0.390 0.288 0.257 0.546 0.568 0.093 0.170 0.059 0.554 0.987 0.854 0.293 0.176 0.217 0.326 0.918 0.216 0.083 0.060 0.009 0.031 0.460 0.859 0.052 0.860 0.804 0.198 0.457 0.469 0.199 0.759 0.962 0.874 0.388 0.041 0.095 0.765 0.283 0.600 0.094 0.356 0.483 0.338 0.918 0.928 0.272 0.592 0.321 0.926 0.138 0.603 0.137 0.557 0.658 0.761 0.511 0.558 
ofv: -14517847.000000
Best time: 3.946
Total time:3.966 
